url_length,body_length,entropy,n_params,has_suspicious_chars,req_per_minute
1,0,-0.0,0,0,133
13,0,3.1808,0,0,133
11,0,3.0272,0,0,133
11,0,2.7322,0,0,133
8,0,3.0,0,0,133
29,0,4.3492,0,0,133
18,0,4.0588,0,0,133
18,0,4.1699,0,0,133
18,0,4.0588,0,0,133
20,0,3.3464,0,0,133
31,0,3.8489,0,0,133
31,0,3.8489,0,0,133
37,0,3.9156,0,0,133
40,0,4.1776,0,0,133
36,0,4.5724,0,0,133
37,0,3.9156,0,0,133
15,0,3.2402,0,0,133
29,0,3.9523,0,0,133
37,0,3.9156,0,0,133
37,0,3.9156,0,0,133
37,0,3.9156,0,0,133
37,0,3.9156,0,0,133
24,0,3.7406,1,0,133
35,0,4.3077,1,0,133
15,0,3.1899,0,0,133
50,0,3.9762,0,0,133
47,0,4.0949,0,0,133
46,0,4.0051,0,0,133
49,0,4.0834,0,0,133
46,0,4.1541,0,0,133
35,0,4.3077,1,0,133
43,0,4.1649,0,0,133
40,0,3.9537,0,0,133
48,0,4.0485,0,0,133
52,0,4.1908,0,0,133
49,0,4.0742,0,0,133
54,0,4.1742,0,0,133
49,0,4.135,0,0,133
45,0,4.0221,0,0,133
46,0,4.0672,0,0,133
46,0,4.0228,0,0,133
31,0,4.309,0,0,133
22,0,4.1867,0,0,133
22,0,4.1867,0,0,133
22,0,4.3685,0,0,133
22,0,4.3685,0,0,133
22,0,4.2776,0,0,133
22,0,4.1867,0,0,133
22,0,4.3685,0,0,133
22,0,4.2776,0,0,133
22,0,4.2776,0,0,133
22,0,4.1867,0,0,133
22,0,4.0615,0,0,133
22,0,4.2776,0,0,133
22,0,4.0958,0,0,133
22,0,4.0615,0,0,133
22,0,4.3685,0,0,133
22,0,4.1867,0,0,133
25,0,4.2439,0,0,133
22,0,4.1867,0,0,133
22,0,4.2776,0,0,133
22,0,4.3685,0,0,133
22,0,4.1867,0,0,133
22,0,4.1867,0,0,133
22,0,4.0958,0,0,133
15,0,3.1899,0,0,133
24,0,3.7406,1,0,133
37,0,3.9156,0,0,133
37,0,3.9156,0,0,133
22,0,4.2776,0,0,133
38,0,4.1883,0,0,133
22,0,4.1867,0,0,133
22,0,4.1867,0,0,133
22,0,4.2776,0,0,133
22,0,4.2776,0,0,133
22,0,4.0958,0,0,133
22,0,4.1867,0,0,133
22,0,4.2776,0,0,133
22,0,4.0049,0,0,133
22,0,4.2776,0,0,133
22,0,4.2776,0,0,133
22,0,4.2776,0,0,133
22,0,4.1867,0,0,133
22,0,4.0958,0,0,133
22,0,4.0615,0,0,133
22,0,4.1867,0,0,133
22,0,4.2776,0,0,133
22,0,4.3685,0,0,133
22,0,4.2776,0,0,133
22,0,4.0958,0,0,133
34,0,4.0653,0,0,133
10,0,2.9219,0,0,133
1,0,-0.0,0,0,133
13,0,3.1808,0,0,133
8,0,3.0,0,0,133
11,0,3.0272,0,0,133
29,0,4.3492,0,0,133
18,0,4.0588,0,0,133
18,0,4.0588,0,0,133
18,0,4.1699,0,0,133
20,0,3.3464,0,0,133
37,0,3.9156,0,0,133
31,0,3.8489,0,0,133
40,0,4.1776,0,0,133
37,0,3.9156,0,0,133
15,0,3.2402,0,0,133
31,0,3.8489,0,0,133
37,0,3.9156,0,0,133
11,0,2.7322,0,0,133
37,0,3.9156,0,0,133
37,0,3.9156,0,0,133
36,0,4.5724,0,0,133
24,0,3.7406,1,0,133
37,0,3.9156,0,0,133
15,0,3.1899,0,0,133
35,0,4.3077,1,0,133
50,0,3.9762,0,0,133
46,0,4.0051,0,0,133
47,0,4.0949,0,0,133
46,0,4.1541,0,0,133
35,0,4.3077,1,0,133
49,0,4.0834,0,0,133
43,0,4.1649,0,0,133
40,0,3.9537,0,0,133
48,0,4.0485,0,0,133
52,0,4.1908,0,0,133
49,0,4.0742,0,0,133
54,0,4.1742,0,0,133
46,0,4.0228,0,0,133
46,0,4.0672,0,0,133
49,0,4.135,0,0,133
45,0,4.0221,0,0,133
31,0,4.309,0,0,133
1,0,-0.0,0,0,40
13,0,3.1808,0,0,40
8,0,3.0,0,0,40
11,0,3.0272,0,0,40
11,0,2.7322,0,0,40
18,0,4.1699,0,0,40
18,0,4.0588,0,0,40
18,0,4.0588,0,0,40
29,0,4.3492,0,0,40
20,0,3.3464,0,0,40
31,0,3.8489,0,0,40
37,0,3.9156,0,0,40
31,0,3.8489,0,0,40
37,0,3.9156,0,0,40
40,0,4.1776,0,0,40
36,0,4.5724,0,0,40
37,0,3.9156,0,0,40
15,0,3.2402,0,0,40
37,0,3.9156,0,0,40
37,0,3.9156,0,0,40
37,0,3.9156,0,0,40
24,0,3.7406,1,0,40
35,0,4.3077,1,0,40
15,0,3.1899,0,0,40
35,0,4.3077,1,0,40
47,0,4.0949,0,0,40
50,0,3.9762,0,0,40
49,0,4.0834,0,0,40
46,0,4.0051,0,0,40
46,0,4.1541,0,0,40
40,0,3.9537,0,0,40
43,0,4.1649,0,0,40
48,0,4.0485,0,0,40
52,0,4.1908,0,0,40
49,0,4.0742,0,0,40
49,0,4.135,0,0,40
46,0,4.0672,0,0,40
54,0,4.1742,0,0,40
46,0,4.0228,0,0,40
45,0,4.0221,0,0,40
1,0,-0.0,0,0,41
13,0,3.1808,0,0,41
8,0,3.0,0,0,41
11,0,3.0272,0,0,41
11,0,2.7322,0,0,41
18,0,4.1699,0,0,41
18,0,4.0588,0,0,41
29,0,4.3492,0,0,41
18,0,4.0588,0,0,41
20,0,3.3464,0,0,41
37,0,3.9156,0,0,41
31,0,3.8489,0,0,41
37,0,3.9156,0,0,41
31,0,3.8489,0,0,41
36,0,4.5724,0,0,41
40,0,4.1776,0,0,41
37,0,3.9156,0,0,41
15,0,3.2402,0,0,41
37,0,3.9156,0,0,41
29,0,3.9523,0,0,41
37,0,3.9156,0,0,41
37,0,3.9156,0,0,41
24,0,3.7406,1,0,41
35,0,4.3077,1,0,41
15,0,3.1899,0,0,41
35,0,4.3077,1,0,41
49,0,4.0834,0,0,41
47,0,4.0949,0,0,41
50,0,3.9762,0,0,41
46,0,4.0051,0,0,41
46,0,4.1541,0,0,41
49,0,4.0742,0,0,41
40,0,3.9537,0,0,41
43,0,4.1649,0,0,41
48,0,4.0485,0,0,41
52,0,4.1908,0,0,41
49,0,4.135,0,0,41
54,0,4.1742,0,0,41
45,0,4.0221,0,0,41
46,0,4.0672,0,0,41
46,0,4.0228,0,0,41
1,0,-0.0,0,0,40
13,0,3.1808,0,0,40
8,0,3.0,0,0,40
11,0,3.0272,0,0,40
11,0,2.7322,0,0,40
18,0,4.0588,0,0,40
29,0,4.3492,0,0,40
18,0,4.0588,0,0,40
18,0,4.1699,0,0,40
20,0,3.3464,0,0,40
31,0,3.8489,0,0,40
37,0,3.9156,0,0,40
31,0,3.8489,0,0,40
36,0,4.5724,0,0,40
37,0,3.9156,0,0,40
15,0,3.2402,0,0,40
37,0,3.9156,0,0,40
37,0,3.9156,0,0,40
37,0,3.9156,0,0,40
40,0,4.1776,0,0,40
37,0,3.9156,0,0,40
24,0,3.7406,1,0,40
35,0,4.3077,1,0,40
15,0,3.1899,0,0,40
46,0,4.0051,0,0,40
50,0,3.9762,0,0,40
47,0,4.0949,0,0,40
35,0,4.3077,1,0,40
49,0,4.0834,0,0,40
46,0,4.1541,0,0,40
43,0,4.1649,0,0,40
48,0,4.0485,0,0,40
40,0,3.9537,0,0,40
52,0,4.1908,0,0,40
49,0,4.0742,0,0,40
54,0,4.1742,0,0,40
46,0,4.0228,0,0,40
46,0,4.0672,0,0,40
49,0,4.135,0,0,40
45,0,4.0221,0,0,40
1,0,-0.0,0,0,41
13,0,3.1808,0,0,41
11,0,3.0272,0,0,41
11,0,2.7322,0,0,41
8,0,3.0,0,0,41
29,0,4.3492,0,0,41
18,0,4.0588,0,0,41
18,0,4.0588,0,0,41
18,0,4.1699,0,0,41
20,0,3.3464,0,0,41
31,0,3.8489,0,0,41
37,0,3.9156,0,0,41
31,0,3.8489,0,0,41
37,0,3.9156,0,0,41
40,0,4.1776,0,0,41
37,0,3.9156,0,0,41
36,0,4.5724,0,0,41
37,0,3.9156,0,0,41
15,0,3.2402,0,0,41
29,0,3.9523,0,0,41
37,0,3.9156,0,0,41
37,0,3.9156,0,0,41
24,0,3.7406,1,0,41
35,0,4.3077,1,0,41
15,0,3.1899,0,0,41
35,0,4.3077,1,0,41
46,0,4.0051,0,0,41
50,0,3.9762,0,0,41
49,0,4.0834,0,0,41
47,0,4.0949,0,0,41
46,0,4.1541,0,0,41
43,0,4.1649,0,0,41
49,0,4.0742,0,0,41
40,0,3.9537,0,0,41
48,0,4.0485,0,0,41
52,0,4.1908,0,0,41
54,0,4.1742,0,0,41
46,0,4.0228,0,0,41
49,0,4.135,0,0,41
46,0,4.0672,0,0,41
45,0,4.0221,0,0,41
45,0,4.2946,1,0,6
49,0,4.2387,1,0,6
49,0,4.3874,1,1,6
45,0,4.2502,1,0,6
45,0,4.2502,1,0,6
57,0,4.4527,2,0,6
51,0,4.3956,1,0,8
16,0,3.3278,0,0,8
34,0,4.2339,1,0,8
86,0,4.1934,1,1,8
63,0,4.2032,1,0,8
64,0,4.4353,1,0,8
57,0,4.4373,1,0,8
70,0,4.423,1,0,8
1,0,-0.0,0,0,35101
13,0,3.1808,0,0,35101
8,0,3.0,0,0,35101
11,0,3.0272,0,0,35101
11,0,2.7322,0,0,35101
18,0,4.1699,0,0,35101
18,0,4.0588,0,0,35101
29,0,4.3492,0,0,35101
18,0,4.0588,0,0,35101
20,0,3.3464,0,0,35101
31,0,3.8489,0,0,35101
37,0,3.9156,0,0,35101
31,0,3.8489,0,0,35101
36,0,4.5724,0,0,35101
37,0,3.9156,0,0,35101
37,0,3.9156,0,0,35101
15,0,3.2402,0,0,35101
37,0,3.9156,0,0,35101
37,0,3.9156,0,0,35101
40,0,4.1776,0,0,35101
24,0,3.7406,1,0,35101
37,0,3.9156,0,0,35101
29,0,3.9523,0,0,35101
35,0,4.3077,1,0,35101
15,0,3.1899,0,0,35101
46,0,4.0051,0,0,35101
50,0,3.9762,0,0,35101
49,0,4.0834,0,0,35101
47,0,4.0949,0,0,35101
48,0,4.0485,0,0,35101
46,0,4.1541,0,0,35101
43,0,4.1649,0,0,35101
52,0,4.1908,0,0,35101
49,0,4.0742,0,0,35101
40,0,3.9537,0,0,35101
54,0,4.1742,0,0,35101
46,0,4.0228,0,0,35101
46,0,4.0672,0,0,35101
49,0,4.135,0,0,35101
35,0,4.3077,1,0,35101
45,0,4.0221,0,0,35101
28,0,3.655,1,0,35101
292,0,4.9581,2,1,35101
28,0,3.655,1,0,35101
36,0,4.107,1,0,35101
66,0,4.0501,1,0,35101
87,0,4.1234,1,0,35101
36,0,4.1972,1,0,35101
129,0,3.9411,1,0,35101
174,0,3.7842,1,0,35101
180,0,3.8301,1,0,35101
186,0,3.7798,1,0,35101
168,0,3.8564,1,0,35101
207,0,3.7181,1,0,35101
213,0,3.6915,1,0,35101
174,0,3.8474,1,0,35101
201,0,3.7556,1,0,35101
174,0,3.7639,1,0,35101
180,0,3.7449,1,0,35101
168,0,3.6835,1,0,35101
207,0,3.706,1,0,35101
201,0,3.7208,1,0,35101
165,0,3.7658,1,0,35101
129,0,3.94,1,0,35101
162,0,3.7672,1,0,35101
168,0,3.7322,1,0,35101
174,0,3.8233,1,0,35101
96,0,4.0689,1,0,35101
126,0,3.9647,1,0,35101
123,0,3.8845,1,0,35101
474,0,3.4642,1,0,35101
477,0,3.4945,1,0,35101
480,0,3.4897,1,0,35101
483,0,3.4527,1,0,35101
477,0,3.4612,1,0,35101
477,0,3.4771,1,0,35101
480,0,3.5177,1,0,35101
474,0,3.4598,1,0,35101
474,0,3.4664,1,0,35101
477,0,3.4977,1,0,35101
480,0,3.442,1,0,35101
471,0,3.4771,1,0,35101
132,0,3.9173,1,0,35101
135,0,3.9061,1,0,35101
138,0,3.9535,1,0,35101
132,0,3.9482,1,0,35101
132,0,3.9673,1,0,35101
135,0,3.9066,1,0,35101
129,0,3.8562,1,0,35101
132,0,3.9413,1,0,35101
135,0,3.9409,1,0,35101
102,0,3.9918,1,0,35101
105,0,3.9762,1,0,35101
108,0,3.9553,1,0,35101
111,0,3.9671,1,0,35101
105,0,3.8753,1,0,35101
105,0,4.0433,1,0,35101
108,0,4.0303,1,0,35101
102,0,3.9402,1,0,35101
102,0,4.0561,1,0,35101
105,0,3.9995,1,0,35101
108,0,3.9659,1,0,35101
99,0,3.99,1,0,35101
102,0,4.0908,1,0,35101
105,0,3.9629,1,0,35101
108,0,4.0343,1,0,35101
111,0,3.9892,1,0,35101
105,0,4.0186,1,0,35101
105,0,4.0307,1,0,35101
108,0,4.0395,1,0,35101
102,0,4.0599,1,0,35101
102,0,4.0683,1,0,35101
105,0,4.0425,1,0,35101
108,0,4.0284,1,0,35101
99,0,4.0532,1,0,35101
366,0,3.5589,1,0,35101
411,0,3.5168,1,0,35101
417,0,3.5153,1,0,35101
423,0,3.5441,1,0,35101
405,0,3.5085,1,0,35101
444,0,3.5016,1,0,35101
450,0,3.5196,1,0,35101
411,0,3.512,1,0,35101
438,0,3.5251,1,0,35101
411,0,3.5346,1,0,35101
417,0,3.5297,1,0,35101
405,0,3.5151,1,0,35101
444,0,3.4967,1,0,35101
438,0,3.4827,1,0,35101
402,0,3.5143,1,0,35101
366,0,3.5867,1,0,35101
399,0,3.491,1,0,35101
405,0,3.5279,1,0,35101
411,0,3.5208,1,0,35101
333,0,3.5884,1,0,35101
363,0,3.5616,1,0,35101
360,0,3.5554,1,0,35101
174,0,3.8636,1,0,35101
219,0,3.792,1,0,35101
225,0,3.7124,1,0,35101
231,0,3.8079,1,0,35101
213,0,3.7483,1,0,35101
252,0,3.6799,1,0,35101
258,0,3.6829,1,0,35101
219,0,3.6793,1,0,35101
246,0,3.7904,1,0,35101
219,0,3.7932,1,0,35101
225,0,3.7292,1,0,35101
213,0,3.7632,1,0,35101
252,0,3.7048,1,0,35101
246,0,3.6572,1,0,35101
210,0,3.8018,1,0,35101
174,0,3.9325,1,0,35101
207,0,3.8294,1,0,35101
213,0,3.7217,1,0,35101
219,0,3.781,1,0,35101
141,0,3.9217,1,0,35101
171,0,3.9059,1,0,35101
168,0,3.9047,1,0,35101
555,0,3.5096,1,0,35101
597,0,3.4922,1,0,35101
606,0,3.4626,1,0,35101
609,0,3.4915,1,0,35101
594,0,3.4891,1,0,35101
633,0,3.4764,1,0,35101
639,0,3.4421,1,0,35101
597,0,3.474,1,0,35101
633,0,3.4697,1,0,35101
597,0,3.4779,1,0,35101
603,0,3.4659,1,0,35101
591,0,3.466,1,0,35101
630,0,3.4348,1,0,35101
627,0,3.4579,1,0,35101
585,0,3.4624,1,0,35101
552,0,3.4955,1,0,35101
588,0,3.4932,1,0,35101
594,0,3.4778,1,0,35101
597,0,3.4844,1,0,35101
519,0,3.5231,1,0,35101
552,0,3.5143,1,0,35101
546,0,3.4885,1,0,35101
495,0,3.4961,1,0,35101
540,0,3.4441,1,0,35101
546,0,3.4744,1,0,35101
552,0,3.453,1,0,35101
534,0,3.4642,1,0,35101
573,0,3.471,1,0,35101
579,0,3.4699,1,0,35101
540,0,3.4733,1,0,35101
567,0,3.4652,1,0,35101
540,0,3.4469,1,0,35101
546,0,3.4686,1,0,35101
534,0,3.4853,1,0,35101
573,0,3.4471,1,0,35101
567,0,3.4138,1,0,35101
531,0,3.4607,1,0,35101
495,0,3.494,1,0,35101
528,0,3.5024,1,0,35101
534,0,3.4611,1,0,35101
540,0,3.4709,1,0,35101
462,0,3.4852,1,0,35101
492,0,3.5091,1,0,35101
489,0,3.5072,1,0,35101
351,0,3.5811,1,0,35101
408,0,3.5474,1,0,35101
405,0,3.5602,1,0,35101
417,0,3.5236,1,0,35101
396,0,3.5524,1,0,35101
432,0,3.5095,1,0,35101
438,0,3.5428,1,0,35101
399,0,3.5479,1,0,35101
426,0,3.5352,1,0,35101
402,0,3.5441,1,0,35101
402,0,3.4907,1,0,35101
399,0,3.5382,1,0,35101
435,0,3.4817,1,0,35101
432,0,3.4879,1,0,35101
390,0,3.5337,1,0,35101
360,0,3.5889,1,0,35101
393,0,3.5548,1,0,35101
393,0,3.5345,1,0,35101
399,0,3.5477,1,0,35101
324,0,3.6271,1,0,35101
354,0,3.5862,1,0,35101
345,0,3.5799,1,0,35101
387,0,3.5303,1,0,35101
297,0,3.5823,1,0,35101
417,0,3.5117,1,0,35101
450,0,3.4938,1,0,35101
348,0,3.5468,1,0,35101
93,0,3.9321,1,0,35101
456,0,3.4295,1,0,35101
462,0,3.4463,1,0,35101
222,0,3.7326,1,0,35101
228,0,3.713,1,0,35101
468,0,3.5321,1,0,35101
435,0,3.5153,1,0,35101
495,0,3.5475,1,0,35101
462,0,3.5102,1,0,35101
336,0,3.5751,1,0,35101
303,0,3.6284,1,0,35101
456,0,3.4774,1,0,35101
423,0,3.4828,1,0,35101
489,0,3.4497,1,0,35101
456,0,3.4789,1,0,35101
138,0,3.9391,1,0,35101
183,0,3.817,1,0,35101
189,0,3.8198,1,0,35101
195,0,3.8049,1,0,35101
177,0,3.8647,1,0,35101
216,0,3.7769,1,0,35101
222,0,3.7379,1,0,35101
183,0,3.8422,1,0,35101
210,0,3.718,1,0,35101
183,0,3.7438,1,0,35101
189,0,3.7988,1,0,35101
177,0,3.8309,1,0,35101
216,0,3.6948,1,0,35101
210,0,3.7144,1,0,35101
174,0,3.7759,1,0,35101
138,0,3.9747,1,0,35101
171,0,3.8028,1,0,35101
177,0,3.8469,1,0,35101
183,0,3.7363,1,0,35101
105,0,4.0902,1,0,35101
135,0,3.9609,1,0,35101
132,0,3.9377,1,0,35101
315,0,3.5821,1,0,35101
318,0,3.6036,1,0,35101
321,0,3.6214,1,0,35101
324,0,3.6294,1,0,35101
318,0,3.5789,1,0,35101
318,0,3.6209,1,0,35101
321,0,3.6134,1,0,35101
315,0,3.6223,1,0,35101
315,0,3.6257,1,0,35101
318,0,3.6118,1,0,35101
321,0,3.5838,1,0,35101
312,0,3.6223,1,0,35101
249,0,3.6429,1,0,35101
252,0,3.7119,1,0,35101
255,0,3.6884,1,0,35101
258,0,3.6715,1,0,35101
252,0,3.6957,1,0,35101
252,0,3.7187,1,0,35101
255,0,3.7123,1,0,35101
249,0,3.717,1,0,35101
249,0,3.7278,1,0,35101
252,0,3.6851,1,0,35101
255,0,3.6594,1,0,35101
246,0,3.7507,1,0,35101
28,0,3.655,1,0,35101
28,0,3.655,1,0,35101
28,0,3.655,1,0,35101
28,0,3.655,1,0,35101
28,0,3.655,1,0,35101
28,0,3.655,1,0,35101
28,0,3.655,1,0,35101
28,0,3.655,1,0,35101
28,0,3.655,1,0,35101
28,0,3.655,1,0,35101
28,0,3.655,1,0,35101
28,0,3.655,1,0,35101
28,0,3.655,1,0,35101
28,0,3.655,1,0,35101
28,0,3.655,1,0,35101
28,0,3.655,1,0,35101
28,0,3.655,1,0,35101
28,0,3.655,1,0,35101
28,0,3.655,1,0,35101
28,0,3.655,1,0,35101
28,0,3.655,1,0,35101
28,0,3.655,1,0,35101
28,0,3.655,1,0,35101
28,0,3.655,1,0,35101
28,0,3.655,1,0,35101
28,0,3.655,1,0,35101
28,0,3.655,1,0,35101
28,0,3.655,1,0,35101
28,0,3.655,1,0,35101
28,0,3.655,1,0,35101
28,0,3.655,1,0,35101
28,0,3.655,1,0,35101
28,0,3.655,1,0,35101
28,0,3.655,1,0,35101
28,0,3.655,1,0,35101
28,0,3.655,1,0,35101
28,0,3.655,1,0,35101
28,0,3.655,1,0,35101
28,0,3.655,1,0,35101
28,0,3.655,1,0,35101
28,0,3.655,1,0,35101
28,0,3.655,1,0,35101
28,0,3.655,1,0,35101
28,0,3.655,1,0,35101
28,0,3.655,1,0,35101
28,0,3.655,1,0,35101
28,0,3.655,1,0,35101
28,0,3.655,1,0,35101
28,0,3.655,1,0,35101
28,0,3.655,1,0,35101
28,0,3.655,1,0,35101
28,0,3.655,1,0,35101
28,0,3.655,1,0,35101
28,0,3.655,1,0,35101
28,0,3.655,1,0,35101
28,0,3.655,1,0,35101
28,0,3.655,1,0,35101
28,0,3.655,1,0,35101
28,0,3.655,1,0,35101
28,0,3.655,1,0,35101
28,0,3.655,1,0,35101
28,0,3.655,1,0,35101
28,0,3.655,1,0,35101
28,0,3.655,1,0,35101
28,0,3.655,1,0,35101
28,0,3.655,1,0,35101
28,0,3.655,1,0,35101
28,0,3.655,1,0,35101
28,0,3.655,1,0,35101
28,0,3.655,1,0,35101
28,0,3.655,1,0,35101
28,0,3.655,1,0,35101
28,0,3.655,1,0,35101
28,0,3.655,1,0,35101
28,0,3.655,1,0,35101
28,0,3.655,1,0,35101
28,0,3.655,1,0,35101
28,0,3.655,1,0,35101
28,0,3.655,1,0,35101
28,0,3.655,1,0,35101
28,0,3.655,1,0,35101
28,0,3.655,1,0,35101
28,0,3.655,1,0,35101
28,0,3.655,1,0,35101
28,0,3.655,1,0,35101
28,0,3.655,1,0,35101
28,0,3.655,1,0,35101
28,0,3.655,1,0,35101
28,0,3.655,1,0,35101
28,0,3.655,1,0,35101
28,0,3.655,1,0,35101
28,0,3.655,1,0,35101
28,0,3.655,1,0,35101
28,0,3.655,1,0,35101
28,0,3.655,1,0,35101
28,0,3.655,1,0,35101
28,0,3.655,1,0,35101
28,0,3.655,1,0,35101
28,0,3.655,1,0,35101
28,0,3.655,1,0,35101
28,0,3.655,1,0,35101
28,0,3.655,1,0,35101
28,0,3.655,1,0,35101
28,0,3.655,1,0,35101
28,0,3.655,1,0,35101
28,0,3.655,1,0,35101
28,0,3.655,1,0,35101
28,0,3.655,1,0,35101
28,0,3.655,1,0,35101
28,0,3.655,1,0,35101
28,0,3.655,1,0,35101
28,0,3.655,1,0,35101
28,0,3.655,1,0,35101
28,0,3.655,1,0,35101
28,0,3.655,1,0,35101
28,0,3.655,1,0,35101
28,0,3.655,1,0,35101
28,0,3.655,1,0,35101
28,0,3.655,1,0,35101
28,0,3.655,1,0,35101
28,0,3.655,1,0,35101
28,0,3.655,1,0,35101
28,0,3.655,1,0,35101
28,0,3.655,1,0,35101
28,0,3.655,1,0,35101
28,0,3.655,1,0,35101
28,0,3.655,1,0,35101
28,0,3.655,1,0,35101
28,0,3.655,1,0,35101
28,0,3.655,1,0,35101
28,0,3.655,1,0,35101
28,0,3.655,1,0,35101
28,0,3.655,1,0,35101
28,0,3.655,1,0,35101
28,0,3.655,1,0,35101
28,0,3.655,1,0,35101
28,0,3.655,1,0,35101
28,0,3.655,1,0,35101
28,0,3.655,1,0,35101
28,0,3.655,1,0,35101
28,0,3.655,1,0,35101
28,0,3.655,1,0,35101
28,0,3.655,1,0,35101
28,0,3.655,1,0,35101
28,0,3.655,1,0,35101
28,0,3.655,1,0,35101
28,0,3.655,1,0,35101
28,0,3.655,1,0,35101
28,0,3.655,1,0,35101
28,0,3.655,1,0,35101
28,0,3.655,1,0,35101
28,0,3.655,1,0,35101
28,0,3.655,1,0,35101
28,0,3.655,1,0,35101
28,0,3.655,1,0,35101
28,0,3.655,1,0,35101
28,0,3.655,1,0,35101
28,0,3.655,1,0,35101
28,0,3.655,1,0,35101
28,0,3.655,1,0,35101
28,0,3.655,1,0,35101
28,0,3.655,1,0,35101
28,0,3.655,1,0,35101
28,0,3.655,1,0,35101
28,0,3.655,1,0,35101
28,0,3.655,1,0,35101
28,0,3.655,1,0,35101
28,0,3.655,1,0,35101
28,0,3.655,1,0,35101
28,0,3.655,1,0,35101
28,0,3.655,1,0,35101
28,0,3.655,1,0,35101
28,0,3.655,1,0,35101
28,0,3.655,1,0,35101
28,0,3.655,1,0,35101
28,0,3.655,1,0,35101
28,0,3.655,1,0,35101
28,0,3.655,1,0,35101
28,0,3.655,1,0,35101
28,0,3.655,1,0,35101
28,0,3.655,1,0,35101
28,0,3.655,1,0,35101
28,0,3.655,1,0,35101
28,0,3.655,1,0,35101
28,0,3.655,1,0,35101
28,0,3.655,1,0,35101
28,0,3.655,1,0,35101
28,0,3.655,1,0,35101
28,0,3.655,1,0,35101
28,0,3.655,1,0,35101
28,0,3.655,1,0,35101
28,0,3.655,1,0,35101
28,0,3.655,1,0,35101
28,0,3.655,1,0,35101
28,0,3.655,1,0,35101
28,0,3.655,1,0,35101
28,0,3.655,1,0,35101
28,0,3.655,1,0,35101
28,0,3.655,1,0,35101
28,0,3.655,1,0,35101
28,0,3.655,1,0,35101
28,0,3.655,1,0,35101
28,0,3.655,1,0,35101
28,0,3.655,1,0,35101
28,0,3.655,1,0,35101
28,0,3.655,1,0,35101
28,0,3.655,1,0,35101
28,0,3.655,1,0,35101
28,0,3.655,1,0,35101
28,0,3.655,1,0,35101
28,0,3.655,1,0,35101
28,0,3.655,1,0,35101
28,0,3.655,1,0,35101
28,0,3.655,1,0,35101
28,0,3.655,1,0,35101
28,0,3.655,1,0,35101
28,0,3.655,1,0,35101
28,0,3.655,1,0,35101
28,0,3.655,1,0,35101
28,0,3.655,1,0,35101
28,0,3.655,1,0,35101
28,0,3.655,1,0,35101
28,0,3.655,1,0,35101
28,0,3.655,1,0,35101
28,0,3.655,1,0,35101
28,0,3.655,1,0,35101
28,0,3.655,1,0,35101
28,0,3.655,1,0,35101
28,0,3.655,1,0,35101
28,0,3.655,1,0,35101
28,0,3.655,1,0,35101
28,0,3.655,1,0,35101
28,0,3.655,1,0,35101
28,0,3.655,1,0,35101
28,0,3.655,1,0,35101
28,0,3.655,1,0,35101
28,0,3.655,1,0,35101
28,0,3.655,1,0,35101
28,0,3.655,1,0,35101
28,0,3.655,1,0,35101
28,0,3.655,1,0,35101
28,0,3.655,1,0,35101
28,0,3.655,1,0,35101
28,0,3.655,1,0,35101
28,0,3.655,1,0,35101
28,0,3.655,1,0,35101
28,0,3.655,1,0,35101
28,0,3.655,1,0,35101
28,0,3.655,1,0,35101
28,0,3.655,1,0,35101
28,0,3.655,1,0,35101
28,0,3.655,1,0,35101
28,0,3.655,1,0,35101
28,0,3.655,1,0,35101
28,0,3.655,1,0,35101
28,0,3.655,1,0,35101
28,0,3.655,1,0,35101
28,0,3.655,1,0,35101
28,0,3.655,1,0,35101
28,0,3.655,1,0,35101
28,0,3.655,1,0,35101
28,0,3.655,1,0,35101
28,0,3.655,1,0,35101
28,0,3.655,1,0,35101
28,0,3.655,1,0,35101
28,0,3.655,1,0,35101
28,0,3.655,1,0,35101
28,0,3.655,1,0,35101
28,0,3.655,1,0,35101
28,0,3.655,1,0,35101
28,0,3.655,1,0,35101
28,0,3.655,1,0,35101
28,0,3.655,1,0,35101
28,0,3.655,1,0,35101
28,0,3.655,1,0,35101
28,0,3.655,1,0,35101
28,0,3.655,1,0,35101
28,0,3.655,1,0,35101
28,0,3.655,1,0,35101
28,0,3.655,1,0,35101
28,0,3.655,1,0,35101
28,0,3.655,1,0,35101
28,0,3.655,1,0,35101
28,0,3.655,1,0,35101
28,0,3.655,1,0,35101
28,0,3.655,1,0,35101
28,0,3.655,1,0,35101
28,0,3.655,1,0,35101
28,0,3.655,1,0,35101
28,0,3.655,1,0,35101
28,0,3.655,1,0,35101
28,0,3.655,1,0,35101
28,0,3.655,1,0,35101
28,0,3.655,1,0,35101
28,0,3.655,1,0,35101
28,0,3.655,1,0,35101
28,0,3.655,1,0,35101
28,0,3.655,1,0,35101
28,0,3.655,1,0,35101
28,0,3.655,1,0,35101
28,0,3.655,1,0,35101
28,0,3.655,1,0,35101
28,0,3.655,1,0,35101
28,0,3.655,1,0,35101
28,0,3.655,1,0,35101
28,0,3.655,1,0,35101
28,0,3.655,1,0,35101
28,0,3.655,1,0,35101
28,0,3.655,1,0,35101
28,0,3.655,1,0,35101
28,0,3.655,1,0,35101
28,0,3.655,1,0,35101
28,0,3.655,1,0,35101
28,0,3.655,1,0,35101
28,0,3.655,1,0,35101
28,0,3.655,1,0,35101
28,0,3.655,1,0,35101
28,0,3.655,1,0,35101
28,0,3.655,1,0,35101
28,0,3.655,1,0,35101
28,0,3.655,1,0,35101
28,0,3.655,1,0,35101
28,0,3.655,1,0,35101
28,0,3.655,1,0,35101
28,0,3.655,1,0,35101
28,0,3.655,1,0,35101
28,0,3.655,1,0,35101
28,0,3.655,1,0,35101
28,0,3.655,1,0,35101
28,0,3.655,1,0,35101
28,0,3.655,1,0,35101
28,0,3.655,1,0,35101
28,0,3.655,1,0,35101
28,0,3.655,1,0,35101
28,0,3.655,1,0,35101
28,0,3.655,1,0,35101
28,0,3.655,1,0,35101
28,0,3.655,1,0,35101
28,0,3.655,1,0,35101
28,0,3.655,1,0,35101
28,0,3.655,1,0,35101
28,0,3.655,1,0,35101
28,0,3.655,1,0,35101
28,0,3.655,1,0,35101
28,0,3.655,1,0,35101
28,0,3.655,1,0,35101
28,0,3.655,1,0,35101
28,0,3.655,1,0,35101
28,0,3.655,1,0,35101
28,0,3.655,1,0,35101
28,0,3.655,1,0,35101
28,0,3.655,1,0,35101
28,0,3.655,1,0,35101
28,0,3.655,1,0,35101
28,0,3.655,1,0,35101
28,0,3.655,1,0,35101
28,0,3.655,1,0,35101
28,0,3.655,1,0,35101
28,0,3.655,1,0,35101
28,0,3.655,1,0,35101
28,0,3.655,1,0,35101
28,0,3.655,1,0,35101
28,0,3.655,1,0,35101
28,0,3.655,1,0,35101
28,0,3.655,1,0,35101
28,0,3.655,1,0,35101
28,0,3.655,1,0,35101
28,0,3.655,1,0,35101
28,0,3.655,1,0,35101
28,0,3.655,1,0,35101
28,0,3.655,1,0,35101
28,0,3.655,1,0,35101
28,0,3.655,1,0,35101
28,0,3.655,1,0,35101
28,0,3.655,1,0,35101
28,0,3.655,1,0,35101
28,0,3.655,1,0,35101
28,0,3.655,1,0,35101
28,0,3.655,1,0,35101
28,0,3.655,1,0,35101
28,0,3.655,1,0,35101
28,0,3.655,1,0,35101
28,0,3.655,1,0,35101
28,0,3.655,1,0,35101
28,0,3.655,1,0,35101
28,0,3.655,1,0,35101
28,0,3.655,1,0,35101
28,0,3.655,1,0,35101
28,0,3.655,1,0,35101
28,0,3.655,1,0,35101
28,0,3.655,1,0,35101
28,0,3.655,1,0,35101
28,0,3.655,1,0,35101
28,0,3.655,1,0,35101
28,0,3.655,1,0,35101
28,0,3.655,1,0,35101
28,0,3.655,1,0,35101
28,0,3.655,1,0,35101
28,0,3.655,1,0,35101
28,0,3.655,1,0,35101
28,0,3.655,1,0,35101
28,0,3.655,1,0,35101
28,0,3.655,1,0,35101
28,0,3.655,1,0,35101
28,0,3.655,1,0,35101
28,0,3.655,1,0,35101
28,0,3.655,1,0,35101
28,0,3.655,1,0,35101
28,0,3.655,1,0,35101
28,0,3.655,1,0,35101
28,0,3.655,1,0,35101
28,0,3.655,1,0,35101
28,0,3.655,1,0,35101
28,0,3.655,1,0,35101
28,0,3.655,1,0,35101
28,0,3.655,1,0,35101
28,0,3.655,1,0,35101
28,0,3.655,1,0,35101
28,0,3.655,1,0,35101
28,0,3.655,1,0,35101
28,0,3.655,1,0,35101
28,0,3.655,1,0,35101
28,0,3.655,1,0,35101
28,0,3.655,1,0,35101
28,0,3.655,1,0,35101
28,0,3.655,1,0,35101
28,0,3.655,1,0,35101
28,0,3.655,1,0,35101
28,0,3.655,1,0,35101
28,0,3.655,1,0,35101
28,0,3.655,1,0,35101
28,0,3.655,1,0,35101
28,0,3.655,1,0,35101
28,0,3.655,1,0,35101
28,0,3.655,1,0,35101
28,0,3.655,1,0,35101
28,0,3.655,1,0,35101
28,0,3.655,1,0,35101
28,0,3.655,1,0,35101
28,0,3.655,1,0,35101
28,0,3.655,1,0,35101
28,0,3.655,1,0,35101
28,0,3.655,1,0,35101
28,0,3.655,1,0,35101
28,0,3.655,1,0,35101
28,0,3.655,1,0,35101
28,0,3.655,1,0,35101
28,0,3.655,1,0,35101
28,0,3.655,1,0,35101
28,0,3.655,1,0,35101
28,0,3.655,1,0,35101
28,0,3.655,1,0,35101
28,0,3.655,1,0,35101
28,0,3.655,1,0,35101
28,0,3.655,1,0,35101
28,0,3.655,1,0,35101
28,0,3.655,1,0,35101
28,0,3.655,1,0,35101
28,0,3.655,1,0,35101
28,0,3.655,1,0,35101
28,0,3.655,1,0,35101
28,0,3.655,1,0,35101
28,0,3.655,1,0,35101
28,0,3.655,1,0,35101
28,0,3.655,1,0,35101
28,0,3.655,1,0,35101
28,0,3.655,1,0,35101
28,0,3.655,1,0,35101
28,0,3.655,1,0,35101
28,0,3.655,1,0,35101
28,0,3.655,1,0,35101
28,0,3.655,1,0,35101
28,0,3.655,1,0,35101
28,0,3.655,1,0,35101
28,0,3.655,1,0,35101
28,0,3.655,1,0,35101
28,0,3.655,1,0,35101
28,0,3.655,1,0,35101
28,0,3.655,1,0,35101
28,0,3.655,1,0,35101
28,0,3.655,1,0,35101
28,0,3.655,1,0,35101
28,0,3.655,1,0,35101
28,0,3.655,1,0,35101
28,0,3.655,1,0,35101
28,0,3.655,1,0,35101
28,0,3.655,1,0,35101
28,0,3.655,1,0,35101
28,0,3.655,1,0,35101
28,0,3.655,1,0,35101
28,0,3.655,1,0,35101
28,0,3.655,1,0,35101
28,0,3.655,1,0,35101
28,0,3.655,1,0,35101
28,0,3.655,1,0,35101
28,0,3.655,1,0,35101
28,0,3.655,1,0,35101
28,0,3.655,1,0,35101
28,0,3.655,1,0,35101
28,0,3.655,1,0,35101
28,0,3.655,1,0,35101
28,0,3.655,1,0,35101
28,0,3.655,1,0,35101
28,0,3.655,1,0,35101
28,0,3.655,1,0,35101
28,0,3.655,1,0,35101
28,0,3.655,1,0,35101
28,0,3.655,1,0,35101
28,0,3.655,1,0,35101
28,0,3.655,1,0,35101
28,0,3.655,1,0,35101
28,0,3.655,1,0,35101
28,0,3.655,1,0,35101
28,0,3.655,1,0,35101
28,0,3.655,1,0,35101
28,0,3.655,1,0,35101
28,0,3.655,1,0,35101
28,0,3.655,1,0,35101
28,0,3.655,1,0,35101
28,0,3.655,1,0,35101
28,0,3.655,1,0,35101
28,0,3.655,1,0,35101
28,0,3.655,1,0,35101
28,0,3.655,1,0,35101
28,0,3.655,1,0,35101
28,0,3.655,1,0,35101
28,0,3.655,1,0,35101
28,0,3.655,1,0,35101
28,0,3.655,1,0,35101
28,0,3.655,1,0,35101
28,0,3.655,1,0,35101
28,0,3.655,1,0,35101
28,0,3.655,1,0,35101
28,0,3.655,1,0,35101
28,0,3.655,1,0,35101
28,0,3.655,1,0,35101
28,0,3.655,1,0,35101
28,0,3.655,1,0,35101
28,0,3.655,1,0,35101
28,0,3.655,1,0,35101
28,0,3.655,1,0,35101
28,0,3.655,1,0,35101
28,0,3.655,1,0,35101
28,0,3.655,1,0,35101
28,0,3.655,1,0,35101
28,0,3.655,1,0,35101
28,0,3.655,1,0,35101
28,0,3.655,1,0,35101
28,0,3.655,1,0,35101
28,0,3.655,1,0,35101
28,0,3.655,1,0,35101
28,0,3.655,1,0,35101
28,0,3.655,1,0,35101
28,0,3.655,1,0,35101
28,0,3.655,1,0,35101
28,0,3.655,1,0,35101
28,0,3.655,1,0,35101
28,0,3.655,1,0,35101
28,0,3.655,1,0,35101
28,0,3.655,1,0,35101
28,0,3.655,1,0,35101
28,0,3.655,1,0,35101
28,0,3.655,1,0,35101
28,0,3.655,1,0,35101
28,0,3.655,1,0,35101
28,0,3.655,1,0,35101
28,0,3.655,1,0,35101
28,0,3.655,1,0,35101
28,0,3.655,1,0,35101
28,0,3.655,1,0,35101
28,0,3.655,1,0,35101
28,0,3.655,1,0,35101
28,0,3.655,1,0,35101
28,0,3.655,1,0,35101
28,0,3.655,1,0,35101
28,0,3.655,1,0,35101
28,0,3.655,1,0,35101
28,0,3.655,1,0,35101
28,0,3.655,1,0,35101
28,0,3.655,1,0,35101
28,0,3.655,1,0,35101
28,0,3.655,1,0,35101
28,0,3.655,1,0,35101
28,0,3.655,1,0,35101
28,0,3.655,1,0,35101
28,0,3.655,1,0,35101
28,0,3.655,1,0,35101
28,0,3.655,1,0,35101
28,0,3.655,1,0,35101
28,0,3.655,1,0,35101
28,0,3.655,1,0,35101
28,0,3.655,1,0,35101
28,0,3.655,1,0,35101
28,0,3.655,1,0,35101
28,0,3.655,1,0,35101
28,0,3.655,1,0,35101
28,0,3.655,1,0,35101
28,0,3.655,1,0,35101
28,0,3.655,1,0,35101
28,0,3.655,1,0,35101
28,0,3.655,1,0,35101
28,0,3.655,1,0,35101
28,0,3.655,1,0,35101
28,0,3.655,1,0,35101
28,0,3.655,1,0,35101
28,0,3.655,1,0,35101
28,0,3.655,1,0,35101
28,0,3.655,1,0,35101
28,0,3.655,1,0,35101
28,0,3.655,1,0,35101
28,0,3.655,1,0,35101
28,0,3.655,1,0,35101
28,0,3.655,1,0,35101
28,0,3.655,1,0,35101
28,0,3.655,1,0,35101
28,0,3.655,1,0,35101
28,0,3.655,1,0,35101
28,0,3.655,1,0,35101
28,0,3.655,1,0,35101
28,0,3.655,1,0,35101
28,0,3.655,1,0,35101
28,0,3.655,1,0,35101
28,0,3.655,1,0,35101
28,0,3.655,1,0,35101
28,0,3.655,1,0,35101
28,0,3.655,1,0,35101
28,0,3.655,1,0,35101
28,0,3.655,1,0,35101
28,0,3.655,1,0,35101
28,0,3.655,1,0,35101
28,0,3.655,1,0,35101
28,0,3.655,1,0,35101
28,0,3.655,1,0,35101
28,0,3.655,1,0,35101
28,0,3.655,1,0,35101
28,0,3.655,1,0,35101
28,0,3.655,1,0,35101
28,0,3.655,1,0,35101
28,0,3.655,1,0,35101
28,0,3.655,1,0,35101
28,0,3.655,1,0,35101
28,0,3.655,1,0,35101
28,0,3.655,1,0,35101
28,0,3.655,1,0,35101
28,0,3.655,1,0,35101
28,0,3.655,1,0,35101
28,0,3.655,1,0,35101
28,0,3.655,1,0,35101
28,0,3.655,1,0,35101
28,0,3.655,1,0,35101
28,0,3.655,1,0,35101
28,0,3.655,1,0,35101
28,0,3.655,1,0,35101
28,0,3.655,1,0,35101
28,0,3.655,1,0,35101
28,0,3.655,1,0,35101
28,0,3.655,1,0,35101
28,0,3.655,1,0,35101
28,0,3.655,1,0,35101
28,0,3.655,1,0,35101
28,0,3.655,1,0,35101
28,0,3.655,1,0,35101
28,0,3.655,1,0,35101
28,0,3.655,1,0,35101
28,0,3.655,1,0,35101
28,0,3.655,1,0,35101
28,0,3.655,1,0,35101
28,0,3.655,1,0,35101
28,0,3.655,1,0,35101
28,0,3.655,1,0,35101
28,0,3.655,1,0,35101
28,0,3.655,1,0,35101
28,0,3.655,1,0,35101
28,0,3.655,1,0,35101
28,0,3.655,1,0,35101
28,0,3.655,1,0,35101
28,0,3.655,1,0,35101
28,0,3.655,1,0,35101
28,0,3.655,1,0,35101
28,0,3.655,1,0,35101
28,0,3.655,1,0,35101
28,0,3.655,1,0,35101
28,0,3.655,1,0,35101
28,0,3.655,1,0,35101
28,0,3.655,1,0,35101
28,0,3.655,1,0,35101
28,0,3.655,1,0,35101
28,0,3.655,1,0,35101
28,0,3.655,1,0,35101
28,0,3.655,1,0,35101
28,0,3.655,1,0,35101
28,0,3.655,1,0,35101
28,0,3.655,1,0,35101
28,0,3.655,1,0,35101
28,0,3.655,1,0,35101
28,0,3.655,1,0,35101
28,0,3.655,1,0,35101
28,0,3.655,1,0,35101
28,0,3.655,1,0,35101
28,0,3.655,1,0,35101
28,0,3.655,1,0,35101
28,0,3.655,1,0,35101
28,0,3.655,1,0,35101
28,0,3.655,1,0,35101
28,0,3.655,1,0,35101
28,0,3.655,1,0,35101
28,0,3.655,1,0,35101
28,0,3.655,1,0,35101
28,0,3.655,1,0,35101
28,0,3.655,1,0,35101
28,0,3.655,1,0,35101
28,0,3.655,1,0,35101
28,0,3.655,1,0,35101
28,0,3.655,1,0,35101
28,0,3.655,1,0,35101
28,0,3.655,1,0,35101
28,0,3.655,1,0,35101
28,0,3.655,1,0,35101
28,0,3.655,1,0,35101
28,0,3.655,1,0,35101
28,0,3.655,1,0,35101
28,0,3.655,1,0,35101
28,0,3.655,1,0,35101
28,0,3.655,1,0,35101
28,0,3.655,1,0,35101
28,0,3.655,1,0,35101
28,0,3.655,1,0,35101
28,0,3.655,1,0,35101
28,0,3.655,1,0,35101
28,0,3.655,1,0,35101
28,0,3.655,1,0,35101
28,0,3.655,1,0,35101
28,0,3.655,1,0,35101
28,0,3.655,1,0,35101
28,0,3.655,1,0,35101
28,0,3.655,1,0,35101
28,0,3.655,1,0,35101
28,0,3.655,1,0,35101
28,0,3.655,1,0,35101
36,0,4.0067,1,0,35101
66,0,4.0198,1,0,35101
87,0,4.0266,1,0,35101
36,0,4.1972,1,0,35101
219,0,3.6321,1,0,35101
216,0,3.6024,1,0,35101
216,0,3.6563,1,0,35101
240,0,3.6239,1,0,35101
246,0,3.6408,1,0,35101
252,0,3.6225,1,0,35101
234,0,3.5572,1,0,35101
240,0,3.6995,1,0,35101
246,0,3.6085,1,0,35101
252,0,3.6374,1,0,35101
240,0,3.6539,1,0,35101
234,0,3.5816,1,0,35101
240,0,3.6001,1,0,35101
246,0,3.6372,1,0,35101
252,0,3.6394,1,0,35101
234,0,3.6435,1,0,35101
240,0,3.6114,1,0,35101
246,0,3.6032,1,0,35101
252,0,3.6116,1,0,35101
234,0,3.6038,1,0,35101
231,0,3.5912,1,0,35101
318,0,3.5569,1,0,35101
318,0,3.5455,1,0,35101
315,0,3.5321,1,0,35101
315,0,3.5054,1,0,35101
351,0,3.5608,1,0,35101
399,0,3.493,1,0,35101
345,0,3.5561,1,0,35101
393,0,3.5541,1,0,35101
345,0,3.5329,1,0,35101
339,0,3.5572,1,0,35101
363,0,3.4801,1,0,35101
363,0,3.4771,1,0,35101
360,0,3.5131,1,0,35101
360,0,3.4512,1,0,35101
288,0,3.5338,1,0,35101
267,0,3.5594,1,0,35101
216,0,3.5641,1,0,35101
282,0,3.5493,1,0,35101
288,0,3.492,1,0,35101
294,0,3.5702,1,0,35101
183,0,3.6323,1,0,35101
213,0,3.669,1,0,35101
210,0,3.6044,1,0,35101
315,0,3.5294,1,0,35101
312,0,3.5596,1,0,35101
360,0,3.4856,1,0,35101
357,0,3.4723,1,0,35101
315,0,3.6053,1,0,35101
318,0,3.5551,1,0,35101
288,0,3.6214,1,0,35101
348,0,3.6038,1,0,35101
39,0,4.1411,1,0,35101
219,0,3.6704,1,0,35101
219,0,3.677,1,0,35101
216,0,3.6707,1,0,35101
216,0,3.6716,1,0,35101
216,0,3.6076,1,0,35101
216,0,3.6721,1,0,35101
240,0,3.6409,1,0,35101
240,0,3.6592,1,0,35101
246,0,3.6459,1,0,35101
246,0,3.6645,1,0,35101
252,0,3.6484,1,0,35101
252,0,3.6577,1,0,35101
234,0,3.6316,1,0,35101
234,0,3.6849,1,0,35101
240,0,3.6515,1,0,35101
240,0,3.6821,1,0,35101
246,0,3.6549,1,0,35101
246,0,3.6972,1,0,35101
252,0,3.5849,1,0,35101
252,0,3.6192,1,0,35101
240,0,3.6295,1,0,35101
240,0,3.6445,1,0,35101
234,0,3.6587,1,0,35101
234,0,3.7263,1,0,35101
240,0,3.5709,1,0,35101
240,0,3.6032,1,0,35101
246,0,3.6109,1,0,35101
246,0,3.5737,1,0,35101
252,0,3.5672,1,0,35101
252,0,3.5938,1,0,35101
234,0,3.6086,1,0,35101
234,0,3.6438,1,0,35101
240,0,3.6036,1,0,35101
240,0,3.5834,1,0,35101
246,0,3.5692,1,0,35101
246,0,3.5753,1,0,35101
252,0,3.5408,1,0,35101
252,0,3.564,1,0,35101
234,0,3.5765,1,0,35101
234,0,3.6051,1,0,35101
231,0,3.5799,1,0,35101
231,0,3.6688,1,0,35101
318,0,3.4838,1,0,35101
318,0,3.5431,1,0,35101
318,0,3.4765,1,0,35101
318,0,3.5493,1,0,35101
315,0,3.4693,1,0,35101
315,0,3.5166,1,0,35101
315,0,3.4806,1,0,35101
315,0,3.5253,1,0,35101
363,0,3.4863,1,0,35101
363,0,3.5312,1,0,35101
363,0,3.5246,1,0,35101
363,0,3.4839,1,0,35101
360,0,3.4283,1,0,35101
360,0,3.5086,1,0,35101
360,0,3.4282,1,0,35101
360,0,3.5216,1,0,35101
216,0,3.6384,1,0,35101
216,0,3.6312,1,0,35101
282,0,3.5306,1,0,35101
282,0,3.5574,1,0,35101
288,0,3.5309,1,0,35101
288,0,3.5677,1,0,35101
294,0,3.5154,1,0,35101
294,0,3.582,1,0,35101
183,0,3.6504,1,0,35101
183,0,3.7131,1,0,35101
213,0,3.6711,1,0,35101
213,0,3.6524,1,0,35101
210,0,3.6585,1,0,35101
210,0,3.6293,1,0,35101
315,0,3.5402,1,0,35101
315,0,3.5672,1,0,35101
312,0,3.5284,1,0,35101
312,0,3.5268,1,0,35101
360,0,3.46,1,0,35101
360,0,3.5007,1,0,35101
357,0,3.4963,1,0,35101
357,0,3.5442,1,0,35101
237,0,3.4894,1,0,35101
234,0,3.4985,1,0,35101
234,0,3.5838,1,0,35101
258,0,3.6396,1,0,35101
264,0,3.5822,1,0,35101
270,0,3.58,1,0,35101
252,0,3.5895,1,0,35101
258,0,3.6122,1,0,35101
264,0,3.5716,1,0,35101
270,0,3.5519,1,0,35101
258,0,3.5304,1,0,35101
252,0,3.6383,1,0,35101
258,0,3.5536,1,0,35101
264,0,3.5684,1,0,35101
270,0,3.5705,1,0,35101
252,0,3.5184,1,0,35101
258,0,3.5278,1,0,35101
264,0,3.546,1,0,35101
270,0,3.5262,1,0,35101
252,0,3.5289,1,0,35101
249,0,3.5619,1,0,35101
336,0,3.5074,1,0,35101
336,0,3.4756,1,0,35101
333,0,3.5153,1,0,35101
333,0,3.4406,1,0,35101
369,0,3.549,1,0,35101
417,0,3.479,1,0,35101
363,0,3.5383,1,0,35101
411,0,3.4529,1,0,35101
363,0,3.4648,1,0,35101
357,0,3.4602,1,0,35101
381,0,3.4733,1,0,35101
381,0,3.4245,1,0,35101
378,0,3.4311,1,0,35101
378,0,3.4855,1,0,35101
285,0,3.444,1,0,35101
234,0,3.5784,1,0,35101
300,0,3.4521,1,0,35101
306,0,3.4728,1,0,35101
312,0,3.474,1,0,35101
201,0,3.5955,1,0,35101
231,0,3.5832,1,0,35101
228,0,3.5812,1,0,35101
333,0,3.5178,1,0,35101
330,0,3.5022,1,0,35101
378,0,3.4734,1,0,35101
375,0,3.5189,1,0,35101
333,0,3.4988,1,0,35101
336,0,3.5145,1,0,35101
594,0,3.4116,1,0,35101
591,0,3.3888,1,0,35101
591,0,3.3844,1,0,35101
597,0,3.4054,1,0,35101
600,0,3.4156,1,0,35101
594,0,3.398,1,0,35101
594,0,3.3905,1,0,35101
597,0,3.3892,1,0,35101
600,0,3.4227,1,0,35101
693,0,3.3776,1,0,35101
693,0,3.3561,1,0,35101
690,0,3.342,1,0,35101
690,0,3.3798,1,0,35101
741,0,3.4105,1,0,35101
789,0,3.3845,1,0,35101
738,0,3.3727,1,0,35101
786,0,3.3601,1,0,35101
738,0,3.3527,1,0,35101
735,0,3.3864,1,0,35101
738,0,3.3859,1,0,35101
738,0,3.3282,1,0,35101
735,0,3.335,1,0,35101
735,0,3.3621,1,0,35101
645,0,3.3866,1,0,35101
669,0,3.3805,1,0,35101
591,0,3.4026,1,0,35101
594,0,3.393,1,0,35101
597,0,3.3889,1,0,35101
588,0,3.3944,1,0,35101
690,0,3.3697,1,0,35101
687,0,3.3376,1,0,35101
735,0,3.3573,1,0,35101
732,0,3.3442,1,0,35101
690,0,3.3707,1,0,35101
693,0,3.387,1,0,35101
645,0,3.4092,1,0,35101
729,0,3.3704,1,0,35101
594,0,3.3708,1,0,35101
594,0,3.358,1,0,35101
591,0,3.3943,1,0,35101
591,0,3.3536,1,0,35101
591,0,3.4009,1,0,35101
591,0,3.3727,1,0,35101
597,0,3.382,1,0,35101
597,0,3.3538,1,0,35101
600,0,3.4241,1,0,35101
600,0,3.3783,1,0,35101
594,0,3.3981,1,0,35101
594,0,3.3464,1,0,35101
594,0,3.4151,1,0,35101
594,0,3.3434,1,0,35101
597,0,3.3767,1,0,35101
597,0,3.3395,1,0,35101
600,0,3.3603,1,0,35101
600,0,3.3584,1,0,35101
693,0,3.3485,1,0,35101
693,0,3.3332,1,0,35101
693,0,3.3304,1,0,35101
693,0,3.3571,1,0,35101
690,0,3.3806,1,0,35101
690,0,3.344,1,0,35101
690,0,3.3636,1,0,35101
690,0,3.3325,1,0,35101
738,0,3.3984,1,0,35101
738,0,3.3315,1,0,35101
738,0,3.3848,1,0,35101
738,0,3.3272,1,0,35101
735,0,3.3331,1,0,35101
735,0,3.3287,1,0,35101
735,0,3.3365,1,0,35101
735,0,3.2972,1,0,35101
591,0,3.4018,1,0,35101
591,0,3.3679,1,0,35101
594,0,3.4444,1,0,35101
594,0,3.3461,1,0,35101
597,0,3.4033,1,0,35101
597,0,3.3678,1,0,35101
588,0,3.3993,1,0,35101
588,0,3.3604,1,0,35101
690,0,3.3854,1,0,35101
690,0,3.3273,1,0,35101
687,0,3.3571,1,0,35101
687,0,3.3435,1,0,35101
735,0,3.3147,1,0,35101
735,0,3.3262,1,0,35101
732,0,3.3284,1,0,35101
732,0,3.3255,1,0,35101
222,0,3.6151,1,0,35101
225,0,3.5918,1,0,35101
219,0,3.6723,1,0,35101
219,0,3.5964,1,0,35101
222,0,3.6555,1,0,35101
225,0,3.6159,1,0,35101
294,0,3.5281,1,0,35101
219,0,3.6518,1,0,35101
222,0,3.6525,1,0,35101
222,0,3.6377,1,0,35101
222,0,3.6296,1,0,35101
225,0,3.5991,1,0,35101
225,0,3.6333,1,0,35101
219,0,3.5666,1,0,35101
219,0,3.592,1,0,35101
219,0,3.5691,1,0,35101
219,0,3.6174,1,0,35101
222,0,3.6145,1,0,35101
222,0,3.6175,1,0,35101
225,0,3.5938,1,0,35101
225,0,3.6429,1,0,35101
219,0,3.6332,1,0,35101
219,0,3.5879,1,0,35101
222,0,3.6186,1,0,35101
222,0,3.6555,1,0,35101
240,0,3.5866,1,0,35101
243,0,3.5615,1,0,35101
237,0,3.5908,1,0,35101
237,0,3.64,1,0,35101
240,0,3.6128,1,0,35101
243,0,3.5047,1,0,35101
312,0,3.5364,1,0,35101
237,0,3.5832,1,0,35101
240,0,3.6218,1,0,35101
192,0,3.7156,1,0,35101
189,0,3.6408,1,0,35101
189,0,3.7085,1,0,35101
195,0,3.6948,1,0,35101
198,0,3.6408,1,0,35101
192,0,3.6268,1,0,35101
192,0,3.6627,1,0,35101
195,0,3.6072,1,0,35101
198,0,3.6535,1,0,35101
336,0,3.5278,1,0,35101
336,0,3.5057,1,0,35101
333,0,3.5044,1,0,35101
333,0,3.507,1,0,35101
189,0,3.6671,1,0,35101
192,0,3.6807,1,0,35101
195,0,3.664,1,0,35101
186,0,3.6998,1,0,35101
333,0,3.4846,1,0,35101
330,0,3.4919,1,0,35101
288,0,3.5553,1,0,35101
291,0,3.5599,1,0,35101
192,0,3.6537,1,0,35101
192,0,3.6648,1,0,35101
189,0,3.6849,1,0,35101
189,0,3.7028,1,0,35101
189,0,3.5738,1,0,35101
189,0,3.6503,1,0,35101
195,0,3.6209,1,0,35101
195,0,3.6304,1,0,35101
198,0,3.6109,1,0,35101
198,0,3.6378,1,0,35101
192,0,3.6821,1,0,35101
192,0,3.6557,1,0,35101
192,0,3.6035,1,0,35101
192,0,3.6282,1,0,35101
195,0,3.6047,1,0,35101
195,0,3.6327,1,0,35101
198,0,3.5257,1,0,35101
198,0,3.6233,1,0,35101
336,0,3.4554,1,0,35101
336,0,3.5212,1,0,35101
336,0,3.4956,1,0,35101
336,0,3.4528,1,0,35101
333,0,3.4398,1,0,35101
333,0,3.4788,1,0,35101
333,0,3.4793,1,0,35101
333,0,3.4769,1,0,35101
189,0,3.7166,1,0,35101
189,0,3.6858,1,0,35101
192,0,3.6499,1,0,35101
192,0,3.6236,1,0,35101
195,0,3.624,1,0,35101
195,0,3.6532,1,0,35101
186,0,3.6527,1,0,35101
186,0,3.6758,1,0,35101
333,0,3.466,1,0,35101
333,0,3.4912,1,0,35101
330,0,3.4956,1,0,35101
330,0,3.472,1,0,35101
210,0,3.5308,1,0,35101
207,0,3.522,1,0,35101
207,0,3.5418,1,0,35101
213,0,3.5486,1,0,35101
216,0,3.6189,1,0,35101
210,0,3.6009,1,0,35101
210,0,3.5129,1,0,35101
213,0,3.5674,1,0,35101
216,0,3.5829,1,0,35101
354,0,3.4472,1,0,35101
354,0,3.4503,1,0,35101
351,0,3.3806,1,0,35101
351,0,3.4379,1,0,35101
207,0,3.6331,1,0,35101
210,0,3.5592,1,0,35101
213,0,3.6022,1,0,35101
204,0,3.5546,1,0,35101
351,0,3.4489,1,0,35101
348,0,3.4672,1,0,35101
306,0,3.4861,1,0,35101
309,0,3.5705,1,0,35101
192,0,3.6591,1,0,35101
189,0,3.7245,1,0,35101
189,0,3.7034,1,0,35101
195,0,3.6502,1,0,35101
198,0,3.6954,1,0,35101
192,0,3.7068,1,0,35101
192,0,3.6484,1,0,35101
195,0,3.6554,1,0,35101
198,0,3.6646,1,0,35101
336,0,3.4914,1,0,35101
336,0,3.5486,1,0,35101
333,0,3.5407,1,0,35101
333,0,3.4961,1,0,35101
267,0,3.558,1,0,35101
189,0,3.7039,1,0,35101
192,0,3.6539,1,0,35101
195,0,3.6576,1,0,35101
186,0,3.6531,1,0,35101
333,0,3.5301,1,0,35101
330,0,3.4883,1,0,35101
288,0,3.575,1,0,35101
291,0,3.5569,1,0,35101
192,0,3.618,1,0,35101
192,0,3.7397,1,0,35101
189,0,3.6453,1,0,35101
189,0,3.7158,1,0,35101
189,0,3.6278,1,0,35101
189,0,3.7159,1,0,35101
195,0,3.6041,1,0,35101
195,0,3.6987,1,0,35101
198,0,3.6709,1,0,35101
198,0,3.7373,1,0,35101
192,0,3.68,1,0,35101
192,0,3.7257,1,0,35101
192,0,3.6167,1,0,35101
192,0,3.7283,1,0,35101
195,0,3.6662,1,0,35101
195,0,3.7194,1,0,35101
198,0,3.5734,1,0,35101
198,0,3.7086,1,0,35101
336,0,3.48,1,0,35101
336,0,3.5263,1,0,35101
336,0,3.5025,1,0,35101
336,0,3.5186,1,0,35101
333,0,3.5114,1,0,35101
333,0,3.5242,1,0,35101
333,0,3.5023,1,0,35101
333,0,3.5267,1,0,35101
189,0,3.6903,1,0,35101
189,0,3.7288,1,0,35101
192,0,3.673,1,0,35101
192,0,3.7373,1,0,35101
195,0,3.6679,1,0,35101
195,0,3.7191,1,0,35101
186,0,3.65,1,0,35101
186,0,3.7102,1,0,35101
333,0,3.5014,1,0,35101
333,0,3.5188,1,0,35101
330,0,3.4809,1,0,35101
330,0,3.5195,1,0,35101
402,0,3.551,1,0,35101
399,0,3.5267,1,0,35101
399,0,3.5536,1,0,35101
477,0,3.4693,1,0,35101
483,0,3.4647,1,0,35101
489,0,3.4627,1,0,35101
471,0,3.4671,1,0,35101
477,0,3.4678,1,0,35101
483,0,3.4777,1,0,35101
489,0,3.4559,1,0,35101
477,0,3.4559,1,0,35101
471,0,3.4523,1,0,35101
477,0,3.4317,1,0,35101
483,0,3.4558,1,0,35101
489,0,3.4185,1,0,35101
471,0,3.4353,1,0,35101
477,0,3.4532,1,0,35101
483,0,3.4212,1,0,35101
489,0,3.4574,1,0,35101
471,0,3.476,1,0,35101
468,0,3.4417,1,0,35101
546,0,3.4212,1,0,35101
546,0,3.4258,1,0,35101
543,0,3.4462,1,0,35101
543,0,3.4337,1,0,35101
450,0,3.4743,1,0,35101
399,0,3.5215,1,0,35101
519,0,3.443,1,0,35101
525,0,3.3923,1,0,35101
531,0,3.4128,1,0,35101
366,0,3.5568,1,0,35101
396,0,3.5583,1,0,35101
393,0,3.5125,1,0,35101
543,0,3.4497,1,0,35101
540,0,3.4504,1,0,35101
498,0,3.4674,1,0,35101
501,0,3.4606,1,0,35101
264,0,3.6475,1,0,35101
261,0,3.6582,1,0,35101
261,0,3.6751,1,0,35101
285,0,3.6444,1,0,35101
291,0,3.6637,1,0,35101
297,0,3.696,1,0,35101
279,0,3.6174,1,0,35101
285,0,3.6756,1,0,35101
291,0,3.5941,1,0,35101
297,0,3.6494,1,0,35101
285,0,3.6326,1,0,35101
279,0,3.6684,1,0,35101
285,0,3.6663,1,0,35101
291,0,3.5904,1,0,35101
297,0,3.5765,1,0,35101
279,0,3.5769,1,0,35101
285,0,3.6273,1,0,35101
291,0,3.6103,1,0,35101
297,0,3.6178,1,0,35101
279,0,3.621,1,0,35101
276,0,3.6532,1,0,35101
408,0,3.5043,1,0,35101
408,0,3.4998,1,0,35101
405,0,3.4685,1,0,35101
405,0,3.5091,1,0,35101
333,0,3.564,1,0,35101
312,0,3.5786,1,0,35101
261,0,3.7069,1,0,35101
327,0,3.5937,1,0,35101
333,0,3.5044,1,0,35101
339,0,3.5405,1,0,35101
228,0,3.6676,1,0,35101
258,0,3.6179,1,0,35101
255,0,3.6558,1,0,35101
405,0,3.5,1,0,35101
402,0,3.4801,1,0,35101
360,0,3.5682,1,0,35101
363,0,3.5785,1,0,35101
333,0,3.6301,1,0,35101
390,0,3.5656,1,0,35101
264,0,3.6185,1,0,35101
264,0,3.6279,1,0,35101
261,0,3.6535,1,0,35101
261,0,3.6377,1,0,35101
261,0,3.6966,1,0,35101
261,0,3.6425,1,0,35101
285,0,3.6548,1,0,35101
285,0,3.6236,1,0,35101
291,0,3.6478,1,0,35101
291,0,3.6162,1,0,35101
297,0,3.6331,1,0,35101
297,0,3.6449,1,0,35101
279,0,3.6827,1,0,35101
279,0,3.6211,1,0,35101
285,0,3.6478,1,0,35101
285,0,3.6256,1,0,35101
291,0,3.6857,1,0,35101
291,0,3.6565,1,0,35101
297,0,3.6365,1,0,35101
297,0,3.6298,1,0,35101
285,0,3.6169,1,0,35101
285,0,3.6283,1,0,35101
279,0,3.6433,1,0,35101
279,0,3.6299,1,0,35101
285,0,3.6376,1,0,35101
285,0,3.6008,1,0,35101
291,0,3.6436,1,0,35101
291,0,3.5775,1,0,35101
297,0,3.6261,1,0,35101
297,0,3.609,1,0,35101
279,0,3.6486,1,0,35101
279,0,3.5994,1,0,35101
285,0,3.6139,1,0,35101
285,0,3.6577,1,0,35101
291,0,3.6542,1,0,35101
291,0,3.6382,1,0,35101
297,0,3.5764,1,0,35101
297,0,3.5918,1,0,35101
279,0,3.5927,1,0,35101
279,0,3.6257,1,0,35101
276,0,3.6352,1,0,35101
276,0,3.6232,1,0,35101
408,0,3.5099,1,0,35101
408,0,3.4995,1,0,35101
408,0,3.4926,1,0,35101
408,0,3.4839,1,0,35101
405,0,3.4741,1,0,35101
405,0,3.5153,1,0,35101
405,0,3.4685,1,0,35101
405,0,3.5151,1,0,35101
261,0,3.5922,1,0,35101
261,0,3.6674,1,0,35101
327,0,3.5229,1,0,35101
327,0,3.5618,1,0,35101
333,0,3.5364,1,0,35101
333,0,3.5128,1,0,35101
339,0,3.557,1,0,35101
339,0,3.5377,1,0,35101
228,0,3.7388,1,0,35101
228,0,3.6694,1,0,35101
258,0,3.6549,1,0,35101
258,0,3.6652,1,0,35101
255,0,3.6253,1,0,35101
255,0,3.6399,1,0,35101
405,0,3.5208,1,0,35101
405,0,3.4984,1,0,35101
402,0,3.4351,1,0,35101
402,0,3.5151,1,0,35101
249,0,3.6131,1,0,35101
246,0,3.6886,1,0,35101
246,0,3.6483,1,0,35101
270,0,3.6397,1,0,35101
276,0,3.6148,1,0,35101
282,0,3.6332,1,0,35101
264,0,3.6733,1,0,35101
270,0,3.6322,1,0,35101
276,0,3.6663,1,0,35101
282,0,3.5973,1,0,35101
270,0,3.629,1,0,35101
264,0,3.6531,1,0,35101
270,0,3.6127,1,0,35101
276,0,3.593,1,0,35101
282,0,3.5819,1,0,35101
264,0,3.662,1,0,35101
270,0,3.5911,1,0,35101
276,0,3.6327,1,0,35101
282,0,3.6588,1,0,35101
264,0,3.6262,1,0,35101
261,0,3.6538,1,0,35101
393,0,3.5051,1,0,35101
393,0,3.5114,1,0,35101
390,0,3.4993,1,0,35101
390,0,3.4884,1,0,35101
318,0,3.4575,1,0,35101
297,0,3.5764,1,0,35101
246,0,3.6372,1,0,35101
312,0,3.5171,1,0,35101
318,0,3.5996,1,0,35101
324,0,3.5517,1,0,35101
213,0,3.6649,1,0,35101
243,0,3.6861,1,0,35101
240,0,3.6494,1,0,35101
390,0,3.49,1,0,35101
387,0,3.5482,1,0,35101
345,0,3.6044,1,0,35101
348,0,3.5547,1,0,35101
318,0,3.6152,1,0,35101
375,0,3.5696,1,0,35101
249,0,3.6226,1,0,35101
249,0,3.57,1,0,35101
246,0,3.5677,1,0,35101
246,0,3.5655,1,0,35101
246,0,3.6105,1,0,35101
246,0,3.5837,1,0,35101
270,0,3.6557,1,0,35101
270,0,3.5835,1,0,35101
276,0,3.6642,1,0,35101
276,0,3.6009,1,0,35101
282,0,3.6047,1,0,35101
282,0,3.6036,1,0,35101
264,0,3.6467,1,0,35101
264,0,3.5465,1,0,35101
270,0,3.6262,1,0,35101
270,0,3.6375,1,0,35101
276,0,3.5926,1,0,35101
276,0,3.5867,1,0,35101
282,0,3.6174,1,0,35101
282,0,3.6086,1,0,35101
270,0,3.6978,1,0,35101
270,0,3.5515,1,0,35101
264,0,3.6438,1,0,35101
264,0,3.5529,1,0,35101
270,0,3.5983,1,0,35101
270,0,3.6342,1,0,35101
276,0,3.5492,1,0,35101
276,0,3.5569,1,0,35101
282,0,3.5836,1,0,35101
282,0,3.5152,1,0,35101
264,0,3.6004,1,0,35101
264,0,3.5766,1,0,35101
270,0,3.6124,1,0,35101
270,0,3.5606,1,0,35101
276,0,3.6002,1,0,35101
276,0,3.5423,1,0,35101
282,0,3.5655,1,0,35101
282,0,3.5354,1,0,35101
264,0,3.5699,1,0,35101
264,0,3.5189,1,0,35101
261,0,3.578,1,0,35101
261,0,3.5779,1,0,35101
393,0,3.4901,1,0,35101
393,0,3.4502,1,0,35101
393,0,3.4931,1,0,35101
393,0,3.4598,1,0,35101
390,0,3.4867,1,0,35101
390,0,3.467,1,0,35101
390,0,3.4727,1,0,35101
390,0,3.4422,1,0,35101
246,0,3.5295,1,0,35101
246,0,3.5912,1,0,35101
312,0,3.5734,1,0,35101
312,0,3.5118,1,0,35101
318,0,3.5317,1,0,35101
318,0,3.5414,1,0,35101
324,0,3.5357,1,0,35101
324,0,3.4818,1,0,35101
213,0,3.6586,1,0,35101
213,0,3.6023,1,0,35101
243,0,3.5437,1,0,35101
243,0,3.5763,1,0,35101
240,0,3.5851,1,0,35101
240,0,3.522,1,0,35101
390,0,3.4649,1,0,35101
390,0,3.4835,1,0,35101
387,0,3.5053,1,0,35101
387,0,3.4784,1,0,35101
438,0,3.4805,1,0,35101
435,0,3.5439,1,0,35101
435,0,3.4805,1,0,35101
468,0,3.4888,1,0,35101
474,0,3.4928,1,0,35101
480,0,3.5105,1,0,35101
462,0,3.5077,1,0,35101
468,0,3.5014,1,0,35101
474,0,3.5062,1,0,35101
480,0,3.5054,1,0,35101
468,0,3.4658,1,0,35101
462,0,3.5294,1,0,35101
468,0,3.5064,1,0,35101
474,0,3.4913,1,0,35101
480,0,3.4809,1,0,35101
462,0,3.4622,1,0,35101
468,0,3.4833,1,0,35101
474,0,3.4728,1,0,35101
480,0,3.4651,1,0,35101
462,0,3.4289,1,0,35101
459,0,3.4974,1,0,35101
582,0,3.4854,1,0,35101
582,0,3.4072,1,0,35101
579,0,3.4557,1,0,35101
579,0,3.4448,1,0,35101
516,0,3.4544,1,0,35101
486,0,3.4756,1,0,35101
435,0,3.5208,1,0,35101
510,0,3.4419,1,0,35101
516,0,3.4043,1,0,35101
522,0,3.4445,1,0,35101
402,0,3.526,1,0,35101
432,0,3.5085,1,0,35101
429,0,3.5138,1,0,35101
579,0,3.4406,1,0,35101
576,0,3.4667,1,0,35101
534,0,3.4574,1,0,35101
537,0,3.4483,1,0,35101
516,0,3.4823,1,0,35101
564,0,3.4951,1,0,35101
438,0,3.5187,1,0,35101
438,0,3.5205,1,0,35101
435,0,3.5218,1,0,35101
435,0,3.5158,1,0,35101
435,0,3.5166,1,0,35101
435,0,3.5198,1,0,35101
468,0,3.51,1,0,35101
468,0,3.51,1,0,35101
474,0,3.4802,1,0,35101
474,0,3.4638,1,0,35101
480,0,3.4789,1,0,35101
480,0,3.4968,1,0,35101
462,0,3.4984,1,0,35101
462,0,3.4884,1,0,35101
468,0,3.5066,1,0,35101
468,0,3.4932,1,0,35101
474,0,3.5157,1,0,35101
474,0,3.5119,1,0,35101
480,0,3.4349,1,0,35101
480,0,3.4931,1,0,35101
468,0,3.4696,1,0,35101
468,0,3.5089,1,0,35101
462,0,3.496,1,0,35101
462,0,3.4907,1,0,35101
468,0,3.4673,1,0,35101
468,0,3.4862,1,0,35101
474,0,3.4845,1,0,35101
474,0,3.4628,1,0,35101
480,0,3.4561,1,0,35101
480,0,3.4696,1,0,35101
462,0,3.4752,1,0,35101
462,0,3.4757,1,0,35101
468,0,3.4768,1,0,35101
468,0,3.4904,1,0,35101
474,0,3.4782,1,0,35101
474,0,3.4781,1,0,35101
480,0,3.4714,1,0,35101
480,0,3.5139,1,0,35101
462,0,3.4812,1,0,35101
462,0,3.5108,1,0,35101
459,0,3.4911,1,0,35101
459,0,3.4828,1,0,35101
582,0,3.4003,1,0,35101
582,0,3.4331,1,0,35101
582,0,3.4457,1,0,35101
582,0,3.4291,1,0,35101
579,0,3.4293,1,0,35101
579,0,3.4273,1,0,35101
579,0,3.4127,1,0,35101
579,0,3.4324,1,0,35101
435,0,3.5035,1,0,35101
435,0,3.5048,1,0,35101
510,0,3.4145,1,0,35101
510,0,3.452,1,0,35101
516,0,3.4384,1,0,35101
516,0,3.4471,1,0,35101
522,0,3.4037,1,0,35101
522,0,3.4639,1,0,35101
402,0,3.5153,1,0,35101
402,0,3.5274,1,0,35101
432,0,3.4852,1,0,35101
432,0,3.5192,1,0,35101
429,0,3.487,1,0,35101
429,0,3.5116,1,0,35101
579,0,3.4256,1,0,35101
579,0,3.4182,1,0,35101
576,0,3.4515,1,0,35101
576,0,3.4484,1,0,35101
630,0,3.4575,1,0,35101
630,0,3.4741,1,0,35101
630,0,3.4757,1,0,35101
663,0,3.4605,1,0,35101
672,0,3.4565,1,0,35101
672,0,3.433,1,0,35101
657,0,3.4383,1,0,35101
666,0,3.4511,1,0,35101
672,0,3.4597,1,0,35101
672,0,3.423,1,0,35101
669,0,3.4389,1,0,35101
657,0,3.4647,1,0,35101
663,0,3.4317,1,0,35101
672,0,3.4373,1,0,35101
681,0,3.4487,1,0,35101
660,0,3.4369,1,0,35101
663,0,3.4093,1,0,35101
678,0,3.4317,1,0,35101
675,0,3.4252,1,0,35101
666,0,3.4455,1,0,35101
660,0,3.451,1,0,35101
774,0,3.4227,1,0,35101
780,0,3.4057,1,0,35101
777,0,3.4247,1,0,35101
774,0,3.3865,1,0,35101
708,0,3.3982,1,0,35101
681,0,3.4295,1,0,35101
627,0,3.4477,1,0,35101
705,0,3.4282,1,0,35101
720,0,3.425,1,0,35101
720,0,3.4211,1,0,35101
606,0,3.4729,1,0,35101
630,0,3.4637,1,0,35101
624,0,3.4527,1,0,35101
774,0,3.4182,1,0,35101
774,0,3.4227,1,0,35101
729,0,3.4203,1,0,35101
735,0,3.4191,1,0,35101
717,0,3.4613,1,0,35101
759,0,3.4505,1,0,35101
636,0,3.4532,1,0,35101
633,0,3.4687,1,0,35101
633,0,3.4404,1,0,35101
630,0,3.4491,1,0,35101
633,0,3.4509,1,0,35101
630,0,3.4619,1,0,35101
672,0,3.4571,1,0,35101
663,0,3.4468,1,0,35101
672,0,3.4482,1,0,35101
669,0,3.4519,1,0,35101
675,0,3.4279,1,0,35101
675,0,3.4454,1,0,35101
666,0,3.452,1,0,35101
657,0,3.4595,1,0,35101
663,0,3.4304,1,0,35101
663,0,3.4511,1,0,35101
675,0,3.4407,1,0,35101
669,0,3.4624,1,0,35101
678,0,3.4382,1,0,35101
675,0,3.4478,1,0,35101
669,0,3.4222,1,0,35101
663,0,3.4523,1,0,35101
654,0,3.4666,1,0,35101
657,0,3.4588,1,0,35101
669,0,3.4196,1,0,35101
663,0,3.4391,1,0,35101
669,0,3.4211,1,0,35101
669,0,3.4259,1,0,35101
675,0,3.4239,1,0,35101
675,0,3.4302,1,0,35101
660,0,3.4186,1,0,35101
657,0,3.4483,1,0,35101
666,0,3.4208,1,0,35101
663,0,3.4455,1,0,35101
672,0,3.4167,1,0,35101
669,0,3.4345,1,0,35101
684,0,3.4453,1,0,35101
675,0,3.4352,1,0,35101
657,0,3.4293,1,0,35101
657,0,3.4361,1,0,35101
657,0,3.4419,1,0,35101
654,0,3.4528,1,0,35101
780,0,3.3935,1,0,35101
777,0,3.4167,1,0,35101
783,0,3.3951,1,0,35101
777,0,3.402,1,0,35101
774,0,3.382,1,0,35101
774,0,3.4162,1,0,35101
780,0,3.4043,1,0,35101
774,0,3.4225,1,0,35101
627,0,3.4363,1,0,35101
630,0,3.4899,1,0,35101
708,0,3.4356,1,0,35101
705,0,3.4363,1,0,35101
711,0,3.4025,1,0,35101
711,0,3.4203,1,0,35101
717,0,3.4133,1,0,35101
717,0,3.408,1,0,35101
597,0,3.4583,1,0,35101
597,0,3.475,1,0,35101
630,0,3.4922,1,0,35101
627,0,3.4766,1,0,35101
630,0,3.4544,1,0,35101
624,0,3.4632,1,0,35101
771,0,3.3786,1,0,35101
774,0,3.4239,1,0,35101
768,0,3.3904,1,0,35101
771,0,3.4135,1,0,35101
576,0,3.4463,1,0,35101
573,0,3.4284,1,0,35101
573,0,3.4503,1,0,35101
606,0,3.437,1,0,35101
612,0,3.4522,1,0,35101
618,0,3.4104,1,0,35101
600,0,3.4501,1,0,35101
606,0,3.4486,1,0,35101
612,0,3.4309,1,0,35101
618,0,3.43,1,0,35101
606,0,3.4308,1,0,35101
600,0,3.4207,1,0,35101
606,0,3.4211,1,0,35101
612,0,3.3827,1,0,35101
618,0,3.4014,1,0,35101
600,0,3.3658,1,0,35101
606,0,3.4125,1,0,35101
612,0,3.3899,1,0,35101
618,0,3.3726,1,0,35101
600,0,3.4062,1,0,35101
597,0,3.42,1,0,35101
720,0,3.395,1,0,35101
720,0,3.3721,1,0,35101
717,0,3.3937,1,0,35101
717,0,3.4005,1,0,35101
624,0,3.3966,1,0,35101
573,0,3.4619,1,0,35101
648,0,3.3865,1,0,35101
654,0,3.3596,1,0,35101
660,0,3.3697,1,0,35101
540,0,3.4505,1,0,35101
570,0,3.4532,1,0,35101
567,0,3.4249,1,0,35101
717,0,3.403,1,0,35101
714,0,3.3884,1,0,35101
672,0,3.4166,1,0,35101
675,0,3.4125,1,0,35101
576,0,3.4238,1,0,35101
576,0,3.4327,1,0,35101
573,0,3.4427,1,0,35101
573,0,3.4342,1,0,35101
573,0,3.4071,1,0,35101
573,0,3.4464,1,0,35101
606,0,3.4122,1,0,35101
606,0,3.453,1,0,35101
612,0,3.3931,1,0,35101
612,0,3.4248,1,0,35101
618,0,3.4245,1,0,35101
618,0,3.421,1,0,35101
600,0,3.4639,1,0,35101
600,0,3.4195,1,0,35101
606,0,3.4251,1,0,35101
606,0,3.4417,1,0,35101
612,0,3.4269,1,0,35101
612,0,3.4154,1,0,35101
618,0,3.4308,1,0,35101
618,0,3.4176,1,0,35101
606,0,3.4055,1,0,35101
606,0,3.4189,1,0,35101
600,0,3.4275,1,0,35101
600,0,3.429,1,0,35101
606,0,3.4192,1,0,35101
606,0,3.4009,1,0,35101
612,0,3.4104,1,0,35101
612,0,3.4069,1,0,35101
618,0,3.4037,1,0,35101
618,0,3.3936,1,0,35101
600,0,3.419,1,0,35101
600,0,3.394,1,0,35101
606,0,3.4351,1,0,35101
606,0,3.4101,1,0,35101
612,0,3.3948,1,0,35101
612,0,3.4148,1,0,35101
618,0,3.4041,1,0,35101
618,0,3.388,1,0,35101
600,0,3.3875,1,0,35101
600,0,3.4273,1,0,35101
597,0,3.4115,1,0,35101
597,0,3.43,1,0,35101
720,0,3.3667,1,0,35101
720,0,3.373,1,0,35101
720,0,3.3521,1,0,35101
720,0,3.3707,1,0,35101
717,0,3.3849,1,0,35101
717,0,3.3841,1,0,35101
717,0,3.4144,1,0,35101
717,0,3.4126,1,0,35101
573,0,3.4239,1,0,35101
573,0,3.4362,1,0,35101
648,0,3.3719,1,0,35101
648,0,3.397,1,0,35101
654,0,3.3564,1,0,35101
654,0,3.3628,1,0,35101
660,0,3.3732,1,0,35101
660,0,3.3681,1,0,35101
540,0,3.46,1,0,35101
540,0,3.4423,1,0,35101
570,0,3.437,1,0,35101
570,0,3.4464,1,0,35101
567,0,3.4257,1,0,35101
567,0,3.4215,1,0,35101
717,0,3.3902,1,0,35101
717,0,3.4018,1,0,35101
714,0,3.4062,1,0,35101
714,0,3.4086,1,0,35101
435,0,3.4955,1,0,35101
435,0,3.4864,1,0,35101
429,0,3.5066,1,0,35101
468,0,3.4627,1,0,35101
471,0,3.4961,1,0,35101
480,0,3.4852,1,0,35101
462,0,3.4696,1,0,35101
471,0,3.5216,1,0,35101
474,0,3.4934,1,0,35101
483,0,3.496,1,0,35101
462,0,3.4727,1,0,35101
459,0,3.5178,1,0,35101
468,0,3.4542,1,0,35101
471,0,3.462,1,0,35101
477,0,3.4423,1,0,35101
468,0,3.4861,1,0,35101
465,0,3.4796,1,0,35101
477,0,3.4814,1,0,35101
477,0,3.4382,1,0,35101
459,0,3.4488,1,0,35101
456,0,3.4912,1,0,35101
579,0,3.4408,1,0,35101
579,0,3.4253,1,0,35101
573,0,3.4361,1,0,35101
579,0,3.4469,1,0,35101
486,0,3.452,1,0,35101
435,0,3.518,1,0,35101
504,0,3.456,1,0,35101
516,0,3.4416,1,0,35101
516,0,3.4327,1,0,35101
396,0,3.5564,1,0,35101
429,0,3.5134,1,0,35101
423,0,3.4835,1,0,35101
570,0,3.4568,1,0,35101
570,0,3.4485,1,0,35101
537,0,3.469,1,0,35101
537,0,3.46,1,0,35101
438,0,3.499,1,0,35101
432,0,3.5074,1,0,35101
432,0,3.5096,1,0,35101
429,0,3.5061,1,0,35101
426,0,3.4529,1,0,35101
429,0,3.5328,1,0,35101
468,0,3.4749,1,0,35101
465,0,3.4899,1,0,35101
468,0,3.4554,1,0,35101
471,0,3.4903,1,0,35101
483,0,3.5029,1,0,35101
477,0,3.4791,1,0,35101
456,0,3.4718,1,0,35101
459,0,3.4919,1,0,35101
468,0,3.4853,1,0,35101
465,0,3.5034,1,0,35101
477,0,3.515,1,0,35101
471,0,3.4799,1,0,35101
474,0,3.4319,1,0,35101
477,0,3.4963,1,0,35101
465,0,3.4584,1,0,35101
465,0,3.4731,1,0,35101
462,0,3.498,1,0,35101
459,0,3.4838,1,0,35101
465,0,3.4294,1,0,35101
465,0,3.4719,1,0,35101
474,0,3.4709,1,0,35101
471,0,3.459,1,0,35101
477,0,3.4483,1,0,35101
477,0,3.4757,1,0,35101
465,0,3.443,1,0,35101
459,0,3.4777,1,0,35101
468,0,3.4814,1,0,35101
465,0,3.4726,1,0,35101
471,0,3.4409,1,0,35101
471,0,3.458,1,0,35101
477,0,3.4597,1,0,35101
477,0,3.4352,1,0,35101
462,0,3.455,1,0,35101
459,0,3.4907,1,0,35101
462,0,3.4772,1,0,35101
456,0,3.4854,1,0,35101
585,0,3.4306,1,0,35101
576,0,3.4182,1,0,35101
579,0,3.4103,1,0,35101
576,0,3.4219,1,0,35101
573,0,3.4395,1,0,35101
573,0,3.4252,1,0,35101
576,0,3.4023,1,0,35101
573,0,3.4214,1,0,35101
429,0,3.5197,1,0,35101
429,0,3.5283,1,0,35101
507,0,3.4306,1,0,35101
507,0,3.4295,1,0,35101
510,0,3.4223,1,0,35101
513,0,3.4413,1,0,35101
516,0,3.4021,1,0,35101
519,0,3.4356,1,0,35101
405,0,3.4857,1,0,35101
396,0,3.5301,1,0,35101
429,0,3.5461,1,0,35101
426,0,3.5184,1,0,35101
426,0,3.4905,1,0,35101
423,0,3.516,1,0,35101
579,0,3.4115,1,0,35101
573,0,3.4464,1,0,35101
573,0,3.4354,1,0,35101
570,0,3.4175,1,0,35101
420,0,3.4458,1,0,35101
129,0,3.9706,1,0,35101
147,0,3.9364,1,0,35101
114,0,3.96,1,0,35101
132,0,3.8837,1,0,35101
105,0,3.9281,1,0,35101
123,0,3.9387,1,0,35101
330,0,3.5505,1,0,35101
438,0,3.5347,1,0,35101
435,0,3.5174,1,0,35101
552,0,3.504,1,0,35101
450,0,3.482,1,0,35101
555,0,3.4878,1,0,35101
483,0,3.4631,1,0,35101
585,0,3.474,1,0,35101
381,0,3.5112,1,0,35101
390,0,3.5123,1,0,35101
126,0,4.0009,1,0,35101
219,0,3.7095,1,0,35101
489,0,3.4147,1,0,35101
495,0,3.465,1,0,35101
255,0,3.619,1,0,35101
261,0,3.6357,1,0,35101
501,0,3.5082,1,0,35101
468,0,3.5253,1,0,35101
528,0,3.5027,1,0,35101
495,0,3.5278,1,0,35101
369,0,3.5615,1,0,35101
336,0,3.5303,1,0,35101
486,0,3.5528,1,0,35101
453,0,3.5502,1,0,35101
483,0,3.4917,1,0,35101
450,0,3.5156,1,0,35101
489,0,3.4628,1,0,35101
456,0,3.4414,1,0,35101
603,0,3.4772,1,0,35101
570,0,3.4553,1,0,35101
522,0,3.4502,1,0,35101
489,0,3.465,1,0,35101
633,0,3.4648,1,0,35101
600,0,3.4722,1,0,35101
165,0,3.9382,1,0,35101
132,0,3.9847,1,0,35101
267,0,3.6995,1,0,35101
234,0,3.6844,1,0,35101
294,0,3.6019,1,0,35101
261,0,3.664,1,0,35101
309,0,3.6091,1,0,35101
276,0,3.65,1,0,35101
579,0,3.5201,1,0,35101
540,0,3.5394,1,0,35101
690,0,3.5162,1,0,35101
654,0,3.5205,1,0,35101
174,0,3.8288,1,0,35101
171,0,3.846,1,0,35101
171,0,3.8734,1,0,35101
249,0,3.6599,1,0,35101
255,0,3.6904,1,0,35101
261,0,3.6362,1,0,35101
243,0,3.6496,1,0,35101
249,0,3.6394,1,0,35101
255,0,3.6495,1,0,35101
261,0,3.6659,1,0,35101
249,0,3.599,1,0,35101
243,0,3.7177,1,0,35101
249,0,3.5965,1,0,35101
255,0,3.62,1,0,35101
261,0,3.5923,1,0,35101
243,0,3.6438,1,0,35101
249,0,3.6353,1,0,35101
255,0,3.6402,1,0,35101
261,0,3.6487,1,0,35101
243,0,3.5882,1,0,35101
240,0,3.64,1,0,35101
318,0,3.5895,1,0,35101
318,0,3.5784,1,0,35101
315,0,3.5665,1,0,35101
315,0,3.5499,1,0,35101
222,0,3.6864,1,0,35101
171,0,3.8652,1,0,35101
291,0,3.5634,1,0,35101
297,0,3.5694,1,0,35101
303,0,3.5609,1,0,35101
138,0,3.9201,1,0,35101
168,0,3.8394,1,0,35101
165,0,3.858,1,0,35101
315,0,3.6308,1,0,35101
312,0,3.5909,1,0,35101
270,0,3.67,1,0,35101
273,0,3.6306,1,0,35101
480,0,3.533,1,0,35101
477,0,3.5254,1,0,35101
477,0,3.518,1,0,35101
483,0,3.5238,1,0,35101
486,0,3.5273,1,0,35101
480,0,3.4851,1,0,35101
480,0,3.4911,1,0,35101
483,0,3.5133,1,0,35101
486,0,3.5376,1,0,35101
624,0,3.47,1,0,35101
624,0,3.4025,1,0,35101
621,0,3.4469,1,0,35101
621,0,3.423,1,0,35101
531,0,3.4458,1,0,35101
555,0,3.4767,1,0,35101
477,0,3.518,1,0,35101
480,0,3.5195,1,0,35101
483,0,3.5103,1,0,35101
474,0,3.5011,1,0,35101
621,0,3.427,1,0,35101
618,0,3.3981,1,0,35101
576,0,3.4447,1,0,35101
579,0,3.4711,1,0,35101
531,0,3.5176,1,0,35101
615,0,3.4906,1,0,35101
501,0,3.4902,1,0,35101
351,0,3.5709,1,0,35101
348,0,3.5891,1,0,35101
348,0,3.5633,1,0,35101
354,0,3.5936,1,0,35101
357,0,3.588,1,0,35101
351,0,3.5502,1,0,35101
351,0,3.5399,1,0,35101
354,0,3.5436,1,0,35101
357,0,3.5302,1,0,35101
495,0,3.4483,1,0,35101
495,0,3.4627,1,0,35101
492,0,3.4423,1,0,35101
492,0,3.431,1,0,35101
402,0,3.4919,1,0,35101
426,0,3.4873,1,0,35101
348,0,3.5718,1,0,35101
351,0,3.5365,1,0,35101
354,0,3.5803,1,0,35101
345,0,3.5725,1,0,35101
492,0,3.4646,1,0,35101
489,0,3.4541,1,0,35101
447,0,3.4836,1,0,35101
450,0,3.4697,1,0,35101
402,0,3.5564,1,0,35101
486,0,3.502,1,0,35101
372,0,3.5563,1,0,35101
456,0,3.501,1,0,35101
453,0,3.5271,1,0,35101
453,0,3.4704,1,0,35101
459,0,3.5037,1,0,35101
462,0,3.537,1,0,35101
456,0,3.4988,1,0,35101
456,0,3.5034,1,0,35101
459,0,3.4816,1,0,35101
462,0,3.5124,1,0,35101
600,0,3.4653,1,0,35101
600,0,3.4263,1,0,35101
597,0,3.4212,1,0,35101
597,0,3.4189,1,0,35101
507,0,3.4883,1,0,35101
531,0,3.4351,1,0,35101
453,0,3.5164,1,0,35101
456,0,3.5031,1,0,35101
459,0,3.517,1,0,35101
450,0,3.5263,1,0,35101
597,0,3.4041,1,0,35101
594,0,3.4759,1,0,35101
552,0,3.479,1,0,35101
555,0,3.4796,1,0,35101
507,0,3.5175,1,0,35101
591,0,3.4519,1,0,35101
477,0,3.4926,1,0,35101
285,0,3.6284,1,0,35101
282,0,3.6253,1,0,35101
282,0,3.6597,1,0,35101
288,0,3.6556,1,0,35101
291,0,3.6489,1,0,35101
285,0,3.6406,1,0,35101
285,0,3.6568,1,0,35101
288,0,3.5538,1,0,35101
291,0,3.669,1,0,35101
429,0,3.5002,1,0,35101
429,0,3.4973,1,0,35101
426,0,3.5163,1,0,35101
426,0,3.4961,1,0,35101
336,0,3.5792,1,0,35101
360,0,3.5766,1,0,35101
282,0,3.6132,1,0,35101
285,0,3.6549,1,0,35101
288,0,3.6268,1,0,35101
279,0,3.6645,1,0,35101
426,0,3.548,1,0,35101
423,0,3.4964,1,0,35101
381,0,3.5091,1,0,35101
384,0,3.5298,1,0,35101
336,0,3.5857,1,0,35101
420,0,3.5382,1,0,35101
306,0,3.6305,1,0,35101
462,0,3.4911,1,0,35101
459,0,3.4711,1,0,35101
459,0,3.499,1,0,35101
465,0,3.4902,1,0,35101
468,0,3.4927,1,0,35101
462,0,3.4547,1,0,35101
462,0,3.4396,1,0,35101
465,0,3.4728,1,0,35101
468,0,3.4625,1,0,35101
606,0,3.4212,1,0,35101
606,0,3.3836,1,0,35101
603,0,3.4219,1,0,35101
603,0,3.4427,1,0,35101
513,0,3.4471,1,0,35101
537,0,3.4373,1,0,35101
459,0,3.4537,1,0,35101
462,0,3.4604,1,0,35101
465,0,3.4728,1,0,35101
456,0,3.4974,1,0,35101
603,0,3.428,1,0,35101
600,0,3.4007,1,0,35101
558,0,3.4447,1,0,35101
561,0,3.3938,1,0,35101
513,0,3.4947,1,0,35101
597,0,3.4405,1,0,35101
483,0,3.4485,1,0,35101
504,0,3.4736,1,0,35101
501,0,3.4743,1,0,35101
501,0,3.4398,1,0,35101
507,0,3.4562,1,0,35101
510,0,3.4695,1,0,35101
504,0,3.4615,1,0,35101
504,0,3.4561,1,0,35101
507,0,3.4525,1,0,35101
510,0,3.4572,1,0,35101
648,0,3.3772,1,0,35101
648,0,3.3859,1,0,35101
645,0,3.391,1,0,35101
645,0,3.3684,1,0,35101
555,0,3.4114,1,0,35101
579,0,3.4239,1,0,35101
501,0,3.4734,1,0,35101
504,0,3.4617,1,0,35101
507,0,3.4552,1,0,35101
498,0,3.4518,1,0,35101
645,0,3.3899,1,0,35101
642,0,3.4009,1,0,35101
600,0,3.4318,1,0,35101
603,0,3.4112,1,0,35101
555,0,3.4727,1,0,35101
639,0,3.4226,1,0,35101
525,0,3.4408,1,0,35101
141,0,3.9737,1,0,35101
138,0,3.9942,1,0,35101
138,0,4.0078,1,0,35101
144,0,3.954,1,0,35101
147,0,3.9489,1,0,35101
141,0,3.9807,1,0,35101
141,0,3.949,1,0,35101
144,0,3.9798,1,0,35101
147,0,3.8998,1,0,35101
285,0,3.5733,1,0,35101
285,0,3.6231,1,0,35101
282,0,3.6508,1,0,35101
282,0,3.6724,1,0,35101
192,0,3.8027,1,0,35101
216,0,3.7944,1,0,35101
138,0,3.9666,1,0,35101
141,0,3.9126,1,0,35101
144,0,3.9355,1,0,35101
135,0,3.9854,1,0,35101
282,0,3.6563,1,0,35101
279,0,3.6496,1,0,35101
237,0,3.7274,1,0,35101
240,0,3.7371,1,0,35101
192,0,3.8402,1,0,35101
276,0,3.7099,1,0,35101
162,0,3.9271,1,0,35101
345,0,3.5743,1,0,35101
342,0,3.5168,1,0,35101
342,0,3.5526,1,0,35101
348,0,3.5341,1,0,35101
351,0,3.5722,1,0,35101
345,0,3.5304,1,0,35101
345,0,3.5388,1,0,35101
348,0,3.5402,1,0,35101
351,0,3.5561,1,0,35101
489,0,3.445,1,0,35101
489,0,3.468,1,0,35101
486,0,3.4469,1,0,35101
486,0,3.4469,1,0,35101
396,0,3.5026,1,0,35101
420,0,3.4788,1,0,35101
342,0,3.5441,1,0,35101
345,0,3.5798,1,0,35101
348,0,3.5431,1,0,35101
339,0,3.5787,1,0,35101
486,0,3.4473,1,0,35101
483,0,3.4437,1,0,35101
441,0,3.477,1,0,35101
444,0,3.5058,1,0,35101
396,0,3.5473,1,0,35101
480,0,3.4838,1,0,35101
366,0,3.5183,1,0,35101
456,0,3.5694,1,0,35101
453,0,3.5784,1,0,35101
453,0,3.5709,1,0,35101
477,0,3.5748,1,0,35101
483,0,3.5567,1,0,35101
489,0,3.5667,1,0,35101
471,0,3.5685,1,0,35101
477,0,3.5885,1,0,35101
483,0,3.5739,1,0,35101
489,0,3.598,1,0,35101
477,0,3.5828,1,0,35101
471,0,3.5897,1,0,35101
477,0,3.5464,1,0,35101
483,0,3.5593,1,0,35101
489,0,3.5674,1,0,35101
471,0,3.5589,1,0,35101
477,0,3.5715,1,0,35101
483,0,3.5705,1,0,35101
489,0,3.5615,1,0,35101
471,0,3.5601,1,0,35101
468,0,3.5858,1,0,35101
555,0,3.5233,1,0,35101
555,0,3.5189,1,0,35101
552,0,3.5107,1,0,35101
552,0,3.5096,1,0,35101
603,0,3.5051,1,0,35101
651,0,3.4927,1,0,35101
597,0,3.5009,1,0,35101
645,0,3.4811,1,0,35101
597,0,3.487,1,0,35101
591,0,3.5107,1,0,35101
597,0,3.4917,1,0,35101
600,0,3.5017,1,0,35101
600,0,3.4988,1,0,35101
597,0,3.5016,1,0,35101
597,0,3.489,1,0,35101
525,0,3.5173,1,0,35101
504,0,3.5428,1,0,35101
453,0,3.5722,1,0,35101
519,0,3.5052,1,0,35101
525,0,3.5141,1,0,35101
531,0,3.5271,1,0,35101
420,0,3.5799,1,0,35101
450,0,3.5749,1,0,35101
447,0,3.5812,1,0,35101
552,0,3.543,1,0,35101
549,0,3.5316,1,0,35101
597,0,3.5085,1,0,35101
594,0,3.4929,1,0,35101
552,0,3.5274,1,0,35101
555,0,3.5362,1,0,35101
525,0,3.5615,1,0,35101
582,0,3.532,1,0,35101
453,0,3.5503,1,0,35101
450,0,3.5653,1,0,35101
450,0,3.5397,1,0,35101
474,0,3.5571,1,0,35101
480,0,3.5635,1,0,35101
486,0,3.5402,1,0,35101
468,0,3.5666,1,0,35101
474,0,3.523,1,0,35101
480,0,3.5368,1,0,35101
486,0,3.5341,1,0,35101
474,0,3.5594,1,0,35101
468,0,3.5606,1,0,35101
474,0,3.5517,1,0,35101
480,0,3.5335,1,0,35101
486,0,3.5389,1,0,35101
468,0,3.5456,1,0,35101
474,0,3.5386,1,0,35101
480,0,3.5447,1,0,35101
486,0,3.539,1,0,35101
468,0,3.5507,1,0,35101
465,0,3.5441,1,0,35101
552,0,3.4991,1,0,35101
552,0,3.5002,1,0,35101
549,0,3.5101,1,0,35101
549,0,3.5062,1,0,35101
600,0,3.4843,1,0,35101
648,0,3.4595,1,0,35101
594,0,3.4709,1,0,35101
642,0,3.458,1,0,35101
594,0,3.4692,1,0,35101
588,0,3.4732,1,0,35101
594,0,3.4509,1,0,35101
597,0,3.4723,1,0,35101
597,0,3.4596,1,0,35101
594,0,3.4761,1,0,35101
594,0,3.4733,1,0,35101
522,0,3.49,1,0,35101
501,0,3.5196,1,0,35101
450,0,3.5577,1,0,35101
516,0,3.5093,1,0,35101
522,0,3.5081,1,0,35101
528,0,3.5116,1,0,35101
417,0,3.5441,1,0,35101
447,0,3.5508,1,0,35101
444,0,3.541,1,0,35101
549,0,3.4977,1,0,35101
546,0,3.5192,1,0,35101
594,0,3.4896,1,0,35101
591,0,3.4785,1,0,35101
549,0,3.5072,1,0,35101
552,0,3.5227,1,0,35101
522,0,3.549,1,0,35101
579,0,3.5066,1,0,35101
438,0,3.5789,1,0,35101
435,0,3.5589,1,0,35101
435,0,3.5678,1,0,35101
459,0,3.5607,1,0,35101
465,0,3.5754,1,0,35101
471,0,3.5717,1,0,35101
453,0,3.5578,1,0,35101
459,0,3.558,1,0,35101
465,0,3.554,1,0,35101
471,0,3.5492,1,0,35101
459,0,3.5698,1,0,35101
453,0,3.5494,1,0,35101
459,0,3.5392,1,0,35101
465,0,3.5339,1,0,35101
471,0,3.5496,1,0,35101
453,0,3.5647,1,0,35101
459,0,3.5581,1,0,35101
465,0,3.556,1,0,35101
471,0,3.5575,1,0,35101
453,0,3.5369,1,0,35101
450,0,3.5744,1,0,35101
537,0,3.5002,1,0,35101
537,0,3.4969,1,0,35101
534,0,3.521,1,0,35101
534,0,3.4895,1,0,35101
585,0,3.4901,1,0,35101
633,0,3.4894,1,0,35101
579,0,3.4817,1,0,35101
627,0,3.499,1,0,35101
579,0,3.5028,1,0,35101
573,0,3.4895,1,0,35101
579,0,3.4668,1,0,35101
582,0,3.4883,1,0,35101
582,0,3.4862,1,0,35101
579,0,3.4941,1,0,35101
579,0,3.4745,1,0,35101
507,0,3.5001,1,0,35101
486,0,3.5304,1,0,35101
435,0,3.5588,1,0,35101
501,0,3.515,1,0,35101
507,0,3.5221,1,0,35101
513,0,3.4814,1,0,35101
402,0,3.5685,1,0,35101
432,0,3.5729,1,0,35101
429,0,3.5422,1,0,35101
534,0,3.5111,1,0,35101
531,0,3.497,1,0,35101
579,0,3.4949,1,0,35101
576,0,3.4721,1,0,35101
534,0,3.5086,1,0,35101
537,0,3.531,1,0,35101
507,0,3.561,1,0,35101
564,0,3.5215,1,0,35101
435,0,3.5346,1,0,35101
432,0,3.5586,1,0,35101
432,0,3.5297,1,0,35101
456,0,3.5472,1,0,35101
462,0,3.55,1,0,35101
468,0,3.5251,1,0,35101
450,0,3.553,1,0,35101
456,0,3.5476,1,0,35101
462,0,3.5469,1,0,35101
468,0,3.5382,1,0,35101
456,0,3.5298,1,0,35101
450,0,3.544,1,0,35101
456,0,3.5224,1,0,35101
462,0,3.5423,1,0,35101
468,0,3.5332,1,0,35101
450,0,3.5359,1,0,35101
456,0,3.5359,1,0,35101
462,0,3.519,1,0,35101
468,0,3.5301,1,0,35101
450,0,3.5426,1,0,35101
447,0,3.5384,1,0,35101
534,0,3.4843,1,0,35101
534,0,3.4949,1,0,35101
531,0,3.4817,1,0,35101
531,0,3.4749,1,0,35101
582,0,3.4638,1,0,35101
630,0,3.4476,1,0,35101
576,0,3.4686,1,0,35101
624,0,3.4592,1,0,35101
576,0,3.4807,1,0,35101
570,0,3.4758,1,0,35101
576,0,3.4549,1,0,35101
579,0,3.4706,1,0,35101
579,0,3.4566,1,0,35101
576,0,3.4753,1,0,35101
576,0,3.4695,1,0,35101
504,0,3.4812,1,0,35101
483,0,3.5043,1,0,35101
432,0,3.5433,1,0,35101
498,0,3.4974,1,0,35101
504,0,3.4788,1,0,35101
510,0,3.5047,1,0,35101
399,0,3.5494,1,0,35101
429,0,3.554,1,0,35101
426,0,3.5219,1,0,35101
531,0,3.506,1,0,35101
528,0,3.4936,1,0,35101
576,0,3.4766,1,0,35101
573,0,3.4782,1,0,35101
531,0,3.5015,1,0,35101
534,0,3.4833,1,0,35101
504,0,3.5422,1,0,35101
561,0,3.5137,1,0,35101
717,0,3.4457,1,0,35101
714,0,3.4404,1,0,35101
714,0,3.4331,1,0,35101
738,0,3.4575,1,0,35101
744,0,3.4434,1,0,35101
750,0,3.4411,1,0,35101
732,0,3.4522,1,0,35101
738,0,3.4432,1,0,35101
744,0,3.4476,1,0,35101
750,0,3.4479,1,0,35101
738,0,3.4409,1,0,35101
732,0,3.4408,1,0,35101
738,0,3.4332,1,0,35101
744,0,3.4407,1,0,35101
750,0,3.4277,1,0,35101
732,0,3.4304,1,0,35101
738,0,3.4189,1,0,35101
744,0,3.4247,1,0,35101
750,0,3.4351,1,0,35101
732,0,3.4468,1,0,35101
729,0,3.4314,1,0,35101
816,0,3.409,1,0,35101
816,0,3.4002,1,0,35101
813,0,3.4082,1,0,35101
813,0,3.4168,1,0,35101
864,0,3.3983,1,0,35101
912,0,3.3985,1,0,35101
858,0,3.3946,1,0,35101
906,0,3.4027,1,0,35101
858,0,3.3993,1,0,35101
852,0,3.4039,1,0,35101
858,0,3.401,1,0,35101
861,0,3.4057,1,0,35101
861,0,3.3946,1,0,35101
858,0,3.4056,1,0,35101
858,0,3.4047,1,0,35101
786,0,3.4134,1,0,35101
765,0,3.4246,1,0,35101
714,0,3.4427,1,0,35101
780,0,3.4181,1,0,35101
786,0,3.4113,1,0,35101
792,0,3.3997,1,0,35101
681,0,3.436,1,0,35101
711,0,3.447,1,0,35101
708,0,3.4221,1,0,35101
813,0,3.4078,1,0,35101
810,0,3.4052,1,0,35101
858,0,3.3905,1,0,35101
855,0,3.4086,1,0,35101
813,0,3.4106,1,0,35101
816,0,3.4141,1,0,35101
786,0,3.4439,1,0,35101
843,0,3.4219,1,0,35101
714,0,3.4393,1,0,35101
711,0,3.4392,1,0,35101
711,0,3.436,1,0,35101
735,0,3.4351,1,0,35101
741,0,3.4423,1,0,35101
747,0,3.4468,1,0,35101
729,0,3.4377,1,0,35101
735,0,3.4465,1,0,35101
741,0,3.435,1,0,35101
747,0,3.4322,1,0,35101
735,0,3.4502,1,0,35101
729,0,3.4465,1,0,35101
735,0,3.4306,1,0,35101
741,0,3.4244,1,0,35101
747,0,3.4344,1,0,35101
729,0,3.4459,1,0,35101
735,0,3.4254,1,0,35101
741,0,3.4267,1,0,35101
747,0,3.4339,1,0,35101
729,0,3.4359,1,0,35101
726,0,3.4403,1,0,35101
813,0,3.415,1,0,35101
813,0,3.4127,1,0,35101
810,0,3.4238,1,0,35101
810,0,3.4153,1,0,35101
861,0,3.4039,1,0,35101
909,0,3.4038,1,0,35101
855,0,3.4102,1,0,35101
903,0,3.4068,1,0,35101
855,0,3.393,1,0,35101
849,0,3.401,1,0,35101
855,0,3.4025,1,0,35101
858,0,3.4097,1,0,35101
858,0,3.3954,1,0,35101
855,0,3.397,1,0,35101
855,0,3.4071,1,0,35101
783,0,3.408,1,0,35101
762,0,3.4283,1,0,35101
711,0,3.4439,1,0,35101
777,0,3.3947,1,0,35101
783,0,3.4124,1,0,35101
789,0,3.3984,1,0,35101
678,0,3.4382,1,0,35101
708,0,3.4445,1,0,35101
705,0,3.4324,1,0,35101
810,0,3.4133,1,0,35101
807,0,3.4181,1,0,35101
855,0,3.4031,1,0,35101
852,0,3.4031,1,0,35101
810,0,3.4268,1,0,35101
813,0,3.4154,1,0,35101
783,0,3.4407,1,0,35101
840,0,3.4268,1,0,35101
531,0,3.5261,1,0,35101
528,0,3.5322,1,0,35101
528,0,3.5272,1,0,35101
552,0,3.5388,1,0,35101
558,0,3.5232,1,0,35101
564,0,3.5314,1,0,35101
546,0,3.5352,1,0,35101
552,0,3.5249,1,0,35101
558,0,3.5324,1,0,35101
564,0,3.5276,1,0,35101
552,0,3.5275,1,0,35101
546,0,3.5363,1,0,35101
552,0,3.5111,1,0,35101
558,0,3.5061,1,0,35101
564,0,3.5171,1,0,35101
546,0,3.5247,1,0,35101
552,0,3.5146,1,0,35101
558,0,3.5175,1,0,35101
564,0,3.4963,1,0,35101
546,0,3.5276,1,0,35101
543,0,3.5361,1,0,35101
630,0,3.476,1,0,35101
630,0,3.4803,1,0,35101
627,0,3.4706,1,0,35101
627,0,3.494,1,0,35101
678,0,3.4691,1,0,35101
726,0,3.4448,1,0,35101
672,0,3.4683,1,0,35101
720,0,3.4548,1,0,35101
672,0,3.4676,1,0,35101
666,0,3.4765,1,0,35101
672,0,3.4601,1,0,35101
675,0,3.4699,1,0,35101
675,0,3.4614,1,0,35101
672,0,3.4667,1,0,35101
672,0,3.4714,1,0,35101
600,0,3.4814,1,0,35101
579,0,3.5021,1,0,35101
528,0,3.5384,1,0,35101
594,0,3.4972,1,0,35101
600,0,3.4932,1,0,35101
606,0,3.4906,1,0,35101
495,0,3.5411,1,0,35101
525,0,3.5391,1,0,35101
522,0,3.5216,1,0,35101
627,0,3.4948,1,0,35101
624,0,3.4804,1,0,35101
672,0,3.471,1,0,35101
669,0,3.4661,1,0,35101
627,0,3.4897,1,0,35101
630,0,3.4936,1,0,35101
600,0,3.5286,1,0,35101
657,0,3.4924,1,0,35101
528,0,3.4947,1,0,35101
525,0,3.5025,1,0,35101
525,0,3.5006,1,0,35101
549,0,3.5298,1,0,35101
555,0,3.533,1,0,35101
561,0,3.5105,1,0,35101
543,0,3.5104,1,0,35101
549,0,3.5214,1,0,35101
555,0,3.5022,1,0,35101
561,0,3.5108,1,0,35101
549,0,3.5076,1,0,35101
543,0,3.5269,1,0,35101
549,0,3.5013,1,0,35101
555,0,3.5086,1,0,35101
561,0,3.4895,1,0,35101
543,0,3.5092,1,0,35101
549,0,3.515,1,0,35101
555,0,3.4942,1,0,35101
561,0,3.4996,1,0,35101
543,0,3.4929,1,0,35101
540,0,3.5091,1,0,35101
627,0,3.4657,1,0,35101
627,0,3.4519,1,0,35101
624,0,3.4686,1,0,35101
624,0,3.4595,1,0,35101
675,0,3.4415,1,0,35101
723,0,3.4314,1,0,35101
669,0,3.4369,1,0,35101
717,0,3.4397,1,0,35101
669,0,3.454,1,0,35101
663,0,3.4469,1,0,35101
669,0,3.4532,1,0,35101
672,0,3.4516,1,0,35101
672,0,3.4332,1,0,35101
669,0,3.4543,1,0,35101
669,0,3.4453,1,0,35101
597,0,3.4612,1,0,35101
576,0,3.4794,1,0,35101
525,0,3.5165,1,0,35101
591,0,3.4754,1,0,35101
597,0,3.4547,1,0,35101
603,0,3.4541,1,0,35101
492,0,3.5157,1,0,35101
522,0,3.5113,1,0,35101
519,0,3.4999,1,0,35101
624,0,3.4729,1,0,35101
621,0,3.4637,1,0,35101
669,0,3.451,1,0,35101
666,0,3.443,1,0,35101
624,0,3.4699,1,0,35101
627,0,3.4552,1,0,35101
597,0,3.5149,1,0,35101
654,0,3.4633,1,0,35101
567,0,3.5114,1,0,35101
564,0,3.5115,1,0,35101
564,0,3.5083,1,0,35101
588,0,3.5214,1,0,35101
594,0,3.5001,1,0,35101
600,0,3.5021,1,0,35101
582,0,3.5248,1,0,35101
588,0,3.5255,1,0,35101
594,0,3.497,1,0,35101
600,0,3.5176,1,0,35101
588,0,3.5091,1,0,35101
582,0,3.4969,1,0,35101
588,0,3.4858,1,0,35101
594,0,3.4852,1,0,35101
600,0,3.4804,1,0,35101
582,0,3.4949,1,0,35101
588,0,3.4959,1,0,35101
594,0,3.4997,1,0,35101
600,0,3.4993,1,0,35101
582,0,3.5142,1,0,35101
579,0,3.5074,1,0,35101
666,0,3.4628,1,0,35101
666,0,3.4544,1,0,35101
663,0,3.469,1,0,35101
663,0,3.4658,1,0,35101
714,0,3.453,1,0,35101
762,0,3.4451,1,0,35101
708,0,3.457,1,0,35101
756,0,3.4607,1,0,35101
708,0,3.4465,1,0,35101
702,0,3.4476,1,0,35101
708,0,3.4383,1,0,35101
711,0,3.442,1,0,35101
711,0,3.4472,1,0,35101
708,0,3.4471,1,0,35101
708,0,3.4423,1,0,35101
636,0,3.4578,1,0,35101
615,0,3.4779,1,0,35101
564,0,3.5193,1,0,35101
630,0,3.4976,1,0,35101
636,0,3.4513,1,0,35101
642,0,3.4724,1,0,35101
531,0,3.5098,1,0,35101
561,0,3.5184,1,0,35101
558,0,3.4932,1,0,35101
663,0,3.4683,1,0,35101
660,0,3.4711,1,0,35101
708,0,3.4492,1,0,35101
705,0,3.4565,1,0,35101
663,0,3.4831,1,0,35101
666,0,3.4585,1,0,35101
636,0,3.5109,1,0,35101
693,0,3.4894,1,0,35101
564,0,3.5091,1,0,35101
561,0,3.5078,1,0,35101
561,0,3.5134,1,0,35101
585,0,3.493,1,0,35101
591,0,3.4979,1,0,35101
597,0,3.5001,1,0,35101
579,0,3.5061,1,0,35101
585,0,3.5089,1,0,35101
591,0,3.5057,1,0,35101
597,0,3.5018,1,0,35101
585,0,3.4878,1,0,35101
579,0,3.4923,1,0,35101
585,0,3.4977,1,0,35101
591,0,3.4755,1,0,35101
597,0,3.4793,1,0,35101
579,0,3.512,1,0,35101
585,0,3.5109,1,0,35101
591,0,3.499,1,0,35101
597,0,3.4998,1,0,35101
579,0,3.4842,1,0,35101
576,0,3.5074,1,0,35101
663,0,3.4566,1,0,35101
663,0,3.4654,1,0,35101
660,0,3.4527,1,0,35101
660,0,3.4686,1,0,35101
711,0,3.4431,1,0,35101
759,0,3.4402,1,0,35101
705,0,3.4501,1,0,35101
753,0,3.4532,1,0,35101
705,0,3.4512,1,0,35101
699,0,3.4547,1,0,35101
705,0,3.4552,1,0,35101
708,0,3.434,1,0,35101
708,0,3.4387,1,0,35101
705,0,3.4382,1,0,35101
705,0,3.4374,1,0,35101
633,0,3.4533,1,0,35101
612,0,3.4803,1,0,35101
561,0,3.5181,1,0,35101
627,0,3.4546,1,0,35101
633,0,3.4802,1,0,35101
639,0,3.4525,1,0,35101
528,0,3.5153,1,0,35101
558,0,3.5152,1,0,35101
555,0,3.5009,1,0,35101
660,0,3.4541,1,0,35101
657,0,3.4706,1,0,35101
705,0,3.4393,1,0,35101
702,0,3.4475,1,0,35101
660,0,3.4776,1,0,35101
663,0,3.4655,1,0,35101
633,0,3.5066,1,0,35101
690,0,3.4787,1,0,35101
750,0,3.476,1,0,35101
747,0,3.4807,1,0,35101
747,0,3.4717,1,0,35101
771,0,3.478,1,0,35101
777,0,3.4774,1,0,35101
783,0,3.4824,1,0,35101
765,0,3.4656,1,0,35101
771,0,3.4881,1,0,35101
777,0,3.4809,1,0,35101
783,0,3.4668,1,0,35101
771,0,3.4819,1,0,35101
765,0,3.4742,1,0,35101
771,0,3.4764,1,0,35101
777,0,3.4659,1,0,35101
783,0,3.4583,1,0,35101
765,0,3.4722,1,0,35101
771,0,3.4633,1,0,35101
777,0,3.4678,1,0,35101
783,0,3.4639,1,0,35101
765,0,3.479,1,0,35101
762,0,3.4915,1,0,35101
849,0,3.4411,1,0,35101
849,0,3.4547,1,0,35101
846,0,3.4447,1,0,35101
846,0,3.4356,1,0,35101
897,0,3.4422,1,0,35101
945,0,3.447,1,0,35101
891,0,3.4463,1,0,35101
939,0,3.4342,1,0,35101
891,0,3.4566,1,0,35101
885,0,3.4469,1,0,35101
891,0,3.456,1,0,35101
894,0,3.4224,1,0,35101
894,0,3.4168,1,0,35101
891,0,3.434,1,0,35101
891,0,3.4417,1,0,35101
819,0,3.4427,1,0,35101
798,0,3.4469,1,0,35101
747,0,3.4757,1,0,35101
813,0,3.4639,1,0,35101
819,0,3.451,1,0,35101
825,0,3.4506,1,0,35101
714,0,3.4847,1,0,35101
744,0,3.4785,1,0,35101
741,0,3.4709,1,0,35101
846,0,3.4471,1,0,35101
843,0,3.4422,1,0,35101
891,0,3.429,1,0,35101
888,0,3.441,1,0,35101
846,0,3.4547,1,0,35101
849,0,3.4507,1,0,35101
819,0,3.4836,1,0,35101
876,0,3.452,1,0,35101
747,0,3.475,1,0,35101
744,0,3.4718,1,0,35101
744,0,3.4716,1,0,35101
768,0,3.4722,1,0,35101
774,0,3.4772,1,0,35101
780,0,3.4704,1,0,35101
762,0,3.4945,1,0,35101
768,0,3.473,1,0,35101
774,0,3.481,1,0,35101
780,0,3.4711,1,0,35101
768,0,3.4759,1,0,35101
762,0,3.4844,1,0,35101
768,0,3.475,1,0,35101
774,0,3.4632,1,0,35101
780,0,3.4507,1,0,35101
762,0,3.4696,1,0,35101
768,0,3.4467,1,0,35101
774,0,3.4605,1,0,35101
780,0,3.466,1,0,35101
762,0,3.4611,1,0,35101
759,0,3.4662,1,0,35101
846,0,3.4382,1,0,35101
846,0,3.4481,1,0,35101
843,0,3.4322,1,0,35101
843,0,3.4416,1,0,35101
894,0,3.4403,1,0,35101
942,0,3.4242,1,0,35101
888,0,3.4367,1,0,35101
936,0,3.4275,1,0,35101
888,0,3.4462,1,0,35101
882,0,3.4476,1,0,35101
888,0,3.4388,1,0,35101
891,0,3.4341,1,0,35101
891,0,3.4346,1,0,35101
888,0,3.4372,1,0,35101
888,0,3.4283,1,0,35101
816,0,3.4432,1,0,35101
795,0,3.4505,1,0,35101
744,0,3.473,1,0,35101
810,0,3.4435,1,0,35101
816,0,3.4428,1,0,35101
822,0,3.4431,1,0,35101
711,0,3.4742,1,0,35101
741,0,3.4765,1,0,35101
738,0,3.4717,1,0,35101
843,0,3.4485,1,0,35101
840,0,3.4383,1,0,35101
888,0,3.421,1,0,35101
885,0,3.4424,1,0,35101
843,0,3.4366,1,0,35101
846,0,3.438,1,0,35101
816,0,3.48,1,0,35101
873,0,3.4641,1,0,35101
639,0,3.5235,1,0,35101
690,0,3.5089,1,0,35101
462,0,3.5694,1,0,35101
459,0,3.5977,1,0,35101
459,0,3.572,1,0,35101
483,0,3.5742,1,0,35101
489,0,3.572,1,0,35101
495,0,3.5853,1,0,35101
477,0,3.5866,1,0,35101
483,0,3.5757,1,0,35101
489,0,3.5861,1,0,35101
495,0,3.5901,1,0,35101
483,0,3.5881,1,0,35101
477,0,3.5768,1,0,35101
483,0,3.5649,1,0,35101
489,0,3.5603,1,0,35101
495,0,3.5778,1,0,35101
477,0,3.5795,1,0,35101
483,0,3.5653,1,0,35101
489,0,3.5666,1,0,35101
495,0,3.5626,1,0,35101
477,0,3.5729,1,0,35101
474,0,3.5677,1,0,35101
561,0,3.5265,1,0,35101
561,0,3.5192,1,0,35101
558,0,3.5258,1,0,35101
558,0,3.5122,1,0,35101
609,0,3.5063,1,0,35101
657,0,3.4891,1,0,35101
603,0,3.5131,1,0,35101
651,0,3.5021,1,0,35101
603,0,3.5057,1,0,35101
597,0,3.4992,1,0,35101
603,0,3.4932,1,0,35101
606,0,3.5064,1,0,35101
606,0,3.505,1,0,35101
603,0,3.5132,1,0,35101
603,0,3.5038,1,0,35101
531,0,3.5259,1,0,35101
510,0,3.5445,1,0,35101
459,0,3.5852,1,0,35101
525,0,3.5344,1,0,35101
531,0,3.5363,1,0,35101
537,0,3.5348,1,0,35101
426,0,3.5857,1,0,35101
456,0,3.5792,1,0,35101
453,0,3.5666,1,0,35101
558,0,3.5324,1,0,35101
555,0,3.5302,1,0,35101
603,0,3.4995,1,0,35101
600,0,3.5053,1,0,35101
558,0,3.5207,1,0,35101
561,0,3.5268,1,0,35101
531,0,3.5672,1,0,35101
588,0,3.5225,1,0,35101
459,0,3.571,1,0,35101
456,0,3.5829,1,0,35101
456,0,3.5759,1,0,35101
480,0,3.5967,1,0,35101
486,0,3.5713,1,0,35101
492,0,3.5606,1,0,35101
474,0,3.5784,1,0,35101
480,0,3.579,1,0,35101
486,0,3.5823,1,0,35101
492,0,3.5893,1,0,35101
480,0,3.5741,1,0,35101
474,0,3.5789,1,0,35101
480,0,3.5638,1,0,35101
486,0,3.5639,1,0,35101
492,0,3.5612,1,0,35101
474,0,3.567,1,0,35101
480,0,3.5823,1,0,35101
486,0,3.5921,1,0,35101
492,0,3.5489,1,0,35101
474,0,3.568,1,0,35101
471,0,3.5711,1,0,35101
558,0,3.5376,1,0,35101
558,0,3.536,1,0,35101
555,0,3.5274,1,0,35101
555,0,3.5191,1,0,35101
606,0,3.509,1,0,35101
654,0,3.4841,1,0,35101
600,0,3.5059,1,0,35101
648,0,3.4991,1,0,35101
600,0,3.494,1,0,35101
594,0,3.5102,1,0,35101
600,0,3.4863,1,0,35101
603,0,3.4964,1,0,35101
603,0,3.5083,1,0,35101
600,0,3.4914,1,0,35101
600,0,3.4982,1,0,35101
528,0,3.5252,1,0,35101
507,0,3.5504,1,0,35101
456,0,3.5846,1,0,35101
522,0,3.55,1,0,35101
528,0,3.5399,1,0,35101
534,0,3.5459,1,0,35101
423,0,3.5792,1,0,35101
453,0,3.5869,1,0,35101
450,0,3.5647,1,0,35101
555,0,3.526,1,0,35101
552,0,3.5315,1,0,35101
600,0,3.5101,1,0,35101
597,0,3.5024,1,0,35101
555,0,3.5219,1,0,35101
558,0,3.5316,1,0,35101
528,0,3.5709,1,0,35101
585,0,3.5228,1,0,35101
981,0,3.3822,1,0,35101
978,0,3.3837,1,0,35101
978,0,3.3796,1,0,35101
957,0,3.3912,1,0,35101
963,0,3.3833,1,0,35101
969,0,3.3954,1,0,35101
951,0,3.39,1,0,35101
957,0,3.3864,1,0,35101
963,0,3.3938,1,0,35101
969,0,3.3889,1,0,35101
957,0,3.3881,1,0,35101
951,0,3.3947,1,0,35101
957,0,3.3858,1,0,35101
963,0,3.3876,1,0,35101
969,0,3.3824,1,0,35101
951,0,3.3839,1,0,35101
957,0,3.3824,1,0,35101
963,0,3.3773,1,0,35101
969,0,3.375,1,0,35101
951,0,3.3881,1,0,35101
948,0,3.3914,1,0,35101
1080,0,3.3639,1,0,35101
1080,0,3.3553,1,0,35101
1077,0,3.3749,1,0,35101
1077,0,3.3661,1,0,35101
1128,0,3.3664,1,0,35101
1176,0,3.3526,1,0,35101
1122,0,3.3589,1,0,35101
1170,0,3.3594,1,0,35101
1122,0,3.3694,1,0,35101
1116,0,3.3534,1,0,35101
1122,0,3.3618,1,0,35101
1125,0,3.3482,1,0,35101
1125,0,3.3513,1,0,35101
1122,0,3.3575,1,0,35101
1122,0,3.3537,1,0,35101
1005,0,3.3656,1,0,35101
1029,0,3.365,1,0,35101
978,0,3.3863,1,0,35101
999,0,3.3736,1,0,35101
1005,0,3.3625,1,0,35101
1011,0,3.3679,1,0,35101
945,0,3.3786,1,0,35101
975,0,3.3819,1,0,35101
972,0,3.3793,1,0,35101
1077,0,3.357,1,0,35101
1074,0,3.3505,1,0,35101
1122,0,3.3597,1,0,35101
1119,0,3.3549,1,0,35101
1077,0,3.3664,1,0,35101
1080,0,3.3766,1,0,35101
1005,0,3.3993,1,0,35101
1107,0,3.381,1,0,35101
978,0,3.3803,1,0,35101
975,0,3.3851,1,0,35101
975,0,3.3789,1,0,35101
954,0,3.3975,1,0,35101
960,0,3.3907,1,0,35101
966,0,3.3897,1,0,35101
948,0,3.3945,1,0,35101
954,0,3.3787,1,0,35101
960,0,3.3941,1,0,35101
966,0,3.3823,1,0,35101
954,0,3.3882,1,0,35101
948,0,3.3869,1,0,35101
954,0,3.3924,1,0,35101
960,0,3.3832,1,0,35101
966,0,3.3772,1,0,35101
948,0,3.3832,1,0,35101
954,0,3.3938,1,0,35101
960,0,3.3879,1,0,35101
966,0,3.3757,1,0,35101
948,0,3.386,1,0,35101
945,0,3.3838,1,0,35101
1077,0,3.3599,1,0,35101
1077,0,3.3581,1,0,35101
1074,0,3.37,1,0,35101
1074,0,3.3632,1,0,35101
1125,0,3.3673,1,0,35101
1173,0,3.3451,1,0,35101
1119,0,3.3595,1,0,35101
1167,0,3.3603,1,0,35101
1119,0,3.36,1,0,35101
1113,0,3.3632,1,0,35101
1119,0,3.3583,1,0,35101
1122,0,3.3412,1,0,35101
1122,0,3.3497,1,0,35101
1119,0,3.3513,1,0,35101
1119,0,3.3691,1,0,35101
1002,0,3.3666,1,0,35101
1026,0,3.3641,1,0,35101
975,0,3.3782,1,0,35101
996,0,3.3731,1,0,35101
1002,0,3.3757,1,0,35101
1008,0,3.3669,1,0,35101
942,0,3.378,1,0,35101
972,0,3.3783,1,0,35101
969,0,3.366,1,0,35101
1074,0,3.3664,1,0,35101
1071,0,3.3586,1,0,35101
1119,0,3.3424,1,0,35101
1116,0,3.3484,1,0,35101
1074,0,3.3546,1,0,35101
1077,0,3.3741,1,0,35101
1002,0,3.3945,1,0,35101
1104,0,3.3737,1,0,35101
651,0,3.4436,1,0,35101
648,0,3.4426,1,0,35101
648,0,3.4452,1,0,35101
654,0,3.4454,1,0,35101
657,0,3.4406,1,0,35101
651,0,3.4411,1,0,35101
651,0,3.4447,1,0,35101
654,0,3.4436,1,0,35101
657,0,3.4475,1,0,35101
750,0,3.4032,1,0,35101
750,0,3.4098,1,0,35101
747,0,3.4104,1,0,35101
747,0,3.4054,1,0,35101
795,0,3.3946,1,0,35101
795,0,3.4024,1,0,35101
792,0,3.3966,1,0,35101
792,0,3.402,1,0,35101
648,0,3.4534,1,0,35101
651,0,3.446,1,0,35101
654,0,3.4463,1,0,35101
645,0,3.4523,1,0,35101
747,0,3.4035,1,0,35101
744,0,3.4158,1,0,35101
792,0,3.4004,1,0,35101
789,0,3.4036,1,0,35101
891,0,3.4445,1,0,35101
888,0,3.4495,1,0,35101
888,0,3.4392,1,0,35101
882,0,3.4422,1,0,35101
888,0,3.437,1,0,35101
894,0,3.4272,1,0,35101
876,0,3.4504,1,0,35101
882,0,3.4493,1,0,35101
888,0,3.4322,1,0,35101
894,0,3.4521,1,0,35101
882,0,3.4395,1,0,35101
876,0,3.4471,1,0,35101
882,0,3.4368,1,0,35101
888,0,3.4258,1,0,35101
894,0,3.445,1,0,35101
876,0,3.4324,1,0,35101
882,0,3.4432,1,0,35101
888,0,3.4369,1,0,35101
894,0,3.4455,1,0,35101
876,0,3.4365,1,0,35101
873,0,3.4407,1,0,35101
990,0,3.4186,1,0,35101
990,0,3.4083,1,0,35101
987,0,3.4101,1,0,35101
987,0,3.4217,1,0,35101
1119,0,3.3937,1,0,35101
1167,0,3.3967,1,0,35101
1110,0,3.4046,1,0,35101
1158,0,3.3863,1,0,35101
1113,0,3.4058,1,0,35101
1110,0,3.3986,1,0,35101
1035,0,3.4057,1,0,35101
1035,0,3.4034,1,0,35101
1032,0,3.3934,1,0,35101
1032,0,3.4133,1,0,35101
930,0,3.405,1,0,35101
939,0,3.4312,1,0,35101
888,0,3.4317,1,0,35101
924,0,3.4317,1,0,35101
930,0,3.4219,1,0,35101
936,0,3.4041,1,0,35101
855,0,3.4376,1,0,35101
885,0,3.4393,1,0,35101
882,0,3.4406,1,0,35101
987,0,3.4211,1,0,35101
984,0,3.4138,1,0,35101
1032,0,3.4275,1,0,35101
1029,0,3.4153,1,0,35101
987,0,3.4356,1,0,35101
990,0,3.4169,1,0,35101
930,0,3.4515,1,0,35101
1017,0,3.4282,1,0,35101
891,0,3.4588,1,0,35101
888,0,3.4575,1,0,35101
888,0,3.466,1,0,35101
882,0,3.4485,1,0,35101
888,0,3.4667,1,0,35101
894,0,3.4315,1,0,35101
876,0,3.4623,1,0,35101
882,0,3.453,1,0,35101
888,0,3.4478,1,0,35101
894,0,3.4483,1,0,35101
882,0,3.465,1,0,35101
876,0,3.4559,1,0,35101
882,0,3.4529,1,0,35101
888,0,3.4511,1,0,35101
894,0,3.4489,1,0,35101
876,0,3.4556,1,0,35101
882,0,3.4488,1,0,35101
888,0,3.4482,1,0,35101
894,0,3.4514,1,0,35101
876,0,3.445,1,0,35101
873,0,3.4577,1,0,35101
990,0,3.433,1,0,35101
990,0,3.4185,1,0,35101
987,0,3.4336,1,0,35101
987,0,3.4234,1,0,35101
1035,0,3.4246,1,0,35101
1035,0,3.4044,1,0,35101
1032,0,3.4274,1,0,35101
1032,0,3.4155,1,0,35101
888,0,3.4522,1,0,35101
924,0,3.4286,1,0,35101
930,0,3.4312,1,0,35101
936,0,3.4266,1,0,35101
855,0,3.4596,1,0,35101
885,0,3.4521,1,0,35101
882,0,3.4498,1,0,35101
987,0,3.4335,1,0,35101
984,0,3.4286,1,0,35101
1032,0,3.4234,1,0,35101
1029,0,3.4256,1,0,35101
831,0,3.4151,1,0,35101
828,0,3.4222,1,0,35101
828,0,3.4254,1,0,35101
861,0,3.4137,1,0,35101
867,0,3.4125,1,0,35101
873,0,3.4047,1,0,35101
855,0,3.4204,1,0,35101
861,0,3.3982,1,0,35101
867,0,3.423,1,0,35101
873,0,3.4068,1,0,35101
861,0,3.4239,1,0,35101
855,0,3.411,1,0,35101
861,0,3.3877,1,0,35101
867,0,3.3908,1,0,35101
873,0,3.3726,1,0,35101
855,0,3.4274,1,0,35101
861,0,3.4142,1,0,35101
867,0,3.3952,1,0,35101
873,0,3.3919,1,0,35101
855,0,3.4051,1,0,35101
852,0,3.4178,1,0,35101
930,0,3.4026,1,0,35101
930,0,3.4133,1,0,35101
927,0,3.4056,1,0,35101
927,0,3.3833,1,0,35101
1062,0,3.3841,1,0,35101
1101,0,3.3939,1,0,35101
1050,0,3.381,1,0,35101
1098,0,3.3989,1,0,35101
1056,0,3.3845,1,0,35101
1041,0,3.3534,1,0,35101
975,0,3.3877,1,0,35101
975,0,3.3901,1,0,35101
972,0,3.4077,1,0,35101
972,0,3.3677,1,0,35101
909,0,3.3861,1,0,35101
879,0,3.4052,1,0,35101
828,0,3.4294,1,0,35101
903,0,3.3728,1,0,35101
909,0,3.3964,1,0,35101
915,0,3.3889,1,0,35101
795,0,3.4151,1,0,35101
825,0,3.4133,1,0,35101
822,0,3.4115,1,0,35101
927,0,3.3844,1,0,35101
924,0,3.3976,1,0,35101
972,0,3.396,1,0,35101
969,0,3.3793,1,0,35101
927,0,3.4075,1,0,35101
930,0,3.4149,1,0,35101
909,0,3.4265,1,0,35101
957,0,3.4054,1,0,35101
831,0,3.393,1,0,35101
828,0,3.3932,1,0,35101
828,0,3.3921,1,0,35101
861,0,3.3856,1,0,35101
867,0,3.3885,1,0,35101
873,0,3.3878,1,0,35101
855,0,3.3972,1,0,35101
861,0,3.3937,1,0,35101
867,0,3.4033,1,0,35101
873,0,3.3852,1,0,35101
861,0,3.3862,1,0,35101
855,0,3.3988,1,0,35101
861,0,3.3707,1,0,35101
867,0,3.384,1,0,35101
873,0,3.3767,1,0,35101
855,0,3.3665,1,0,35101
861,0,3.3814,1,0,35101
867,0,3.3778,1,0,35101
873,0,3.3719,1,0,35101
855,0,3.3691,1,0,35101
852,0,3.3916,1,0,35101
930,0,3.3588,1,0,35101
930,0,3.3711,1,0,35101
927,0,3.3651,1,0,35101
927,0,3.3769,1,0,35101
975,0,3.3855,1,0,35101
975,0,3.3675,1,0,35101
972,0,3.3522,1,0,35101
972,0,3.3711,1,0,35101
828,0,3.3973,1,0,35101
903,0,3.3666,1,0,35101
909,0,3.367,1,0,35101
915,0,3.3536,1,0,35101
795,0,3.3867,1,0,35101
825,0,3.3984,1,0,35101
822,0,3.3891,1,0,35101
927,0,3.3849,1,0,35101
924,0,3.365,1,0,35101
972,0,3.3562,1,0,35101
969,0,3.3586,1,0,35101
900,0,3.4286,1,0,35101
897,0,3.4289,1,0,35101
897,0,3.4238,1,0,35101
900,0,3.4174,1,0,35101
906,0,3.4029,1,0,35101
912,0,3.392,1,0,35101
894,0,3.4265,1,0,35101
900,0,3.4135,1,0,35101
906,0,3.4032,1,0,35101
912,0,3.4082,1,0,35101
900,0,3.4066,1,0,35101
894,0,3.3979,1,0,35101
900,0,3.4029,1,0,35101
906,0,3.3932,1,0,35101
912,0,3.4069,1,0,35101
894,0,3.3968,1,0,35101
900,0,3.3773,1,0,35101
906,0,3.4029,1,0,35101
912,0,3.3895,1,0,35101
894,0,3.4198,1,0,35101
891,0,3.4165,1,0,35101
999,0,3.3976,1,0,35101
999,0,3.3951,1,0,35101
996,0,3.4166,1,0,35101
996,0,3.4179,1,0,35101
1125,0,3.3935,1,0,35101
1173,0,3.3876,1,0,35101
1116,0,3.3781,1,0,35101
1170,0,3.3929,1,0,35101
1119,0,3.3917,1,0,35101
1113,0,3.3681,1,0,35101
1044,0,3.3967,1,0,35101
1044,0,3.3899,1,0,35101
1041,0,3.3871,1,0,35101
1041,0,3.4004,1,0,35101
948,0,3.3966,1,0,35101
948,0,3.4172,1,0,35101
897,0,3.4194,1,0,35101
942,0,3.3942,1,0,35101
948,0,3.3877,1,0,35101
954,0,3.3825,1,0,35101
864,0,3.4291,1,0,35101
894,0,3.432,1,0,35101
891,0,3.4138,1,0,35101
996,0,3.4136,1,0,35101
993,0,3.4104,1,0,35101
1041,0,3.3977,1,0,35101
1038,0,3.4002,1,0,35101
996,0,3.4023,1,0,35101
999,0,3.4048,1,0,35101
948,0,3.4303,1,0,35101
1026,0,3.4181,1,0,35101
900,0,3.4225,1,0,35101
897,0,3.4126,1,0,35101
897,0,3.4168,1,0,35101
900,0,3.4188,1,0,35101
906,0,3.4181,1,0,35101
912,0,3.4103,1,0,35101
894,0,3.3966,1,0,35101
900,0,3.4089,1,0,35101
906,0,3.4009,1,0,35101
912,0,3.411,1,0,35101
900,0,3.4167,1,0,35101
894,0,3.4078,1,0,35101
900,0,3.4009,1,0,35101
906,0,3.3747,1,0,35101
912,0,3.3986,1,0,35101
894,0,3.4008,1,0,35101
900,0,3.3945,1,0,35101
906,0,3.3938,1,0,35101
912,0,3.3964,1,0,35101
894,0,3.3931,1,0,35101
891,0,3.4088,1,0,35101
999,0,3.407,1,0,35101
999,0,3.3991,1,0,35101
996,0,3.4052,1,0,35101
996,0,3.3947,1,0,35101
1044,0,3.3952,1,0,35101
1044,0,3.3873,1,0,35101
1041,0,3.3989,1,0,35101
1041,0,3.3928,1,0,35101
897,0,3.4171,1,0,35101
942,0,3.3895,1,0,35101
948,0,3.4052,1,0,35101
954,0,3.3723,1,0,35101
864,0,3.4153,1,0,35101
894,0,3.4195,1,0,35101
891,0,3.4118,1,0,35101
996,0,3.407,1,0,35101
993,0,3.4161,1,0,35101
1041,0,3.3914,1,0,35101
1038,0,3.3981,1,0,35101
864,0,3.4148,1,0,35101
861,0,3.4057,1,0,35101
861,0,3.4188,1,0,35101
849,0,3.4053,1,0,35101
855,0,3.4162,1,0,35101
861,0,3.4062,1,0,35101
843,0,3.4118,1,0,35101
849,0,3.416,1,0,35101
855,0,3.3873,1,0,35101
861,0,3.4111,1,0,35101
849,0,3.3925,1,0,35101
843,0,3.4107,1,0,35101
849,0,3.3905,1,0,35101
855,0,3.3968,1,0,35101
861,0,3.3964,1,0,35101
843,0,3.3994,1,0,35101
849,0,3.4071,1,0,35101
855,0,3.3939,1,0,35101
861,0,3.4113,1,0,35101
843,0,3.3909,1,0,35101
840,0,3.4118,1,0,35101
963,0,3.3804,1,0,35101
963,0,3.3773,1,0,35101
960,0,3.3937,1,0,35101
960,0,3.3935,1,0,35101
1095,0,3.3737,1,0,35101
1134,0,3.3828,1,0,35101
1089,0,3.3732,1,0,35101
1131,0,3.3881,1,0,35101
1089,0,3.376,1,0,35101
1083,0,3.3777,1,0,35101
1008,0,3.3736,1,0,35101
1008,0,3.3881,1,0,35101
1005,0,3.3843,1,0,35101
1005,0,3.3892,1,0,35101
897,0,3.3944,1,0,35101
912,0,3.3951,1,0,35101
861,0,3.4217,1,0,35101
891,0,3.3712,1,0,35101
897,0,3.3858,1,0,35101
903,0,3.3781,1,0,35101
828,0,3.4039,1,0,35101
858,0,3.4134,1,0,35101
855,0,3.395,1,0,35101
960,0,3.3865,1,0,35101
957,0,3.3833,1,0,35101
1005,0,3.3949,1,0,35101
1002,0,3.3928,1,0,35101
960,0,3.3977,1,0,35101
963,0,3.4122,1,0,35101
897,0,3.4291,1,0,35101
990,0,3.3913,1,0,35101
864,0,3.431,1,0,35101
861,0,3.4243,1,0,35101
861,0,3.424,1,0,35101
849,0,3.4093,1,0,35101
855,0,3.4047,1,0,35101
861,0,3.4208,1,0,35101
843,0,3.4307,1,0,35101
849,0,3.4194,1,0,35101
855,0,3.4279,1,0,35101
861,0,3.4129,1,0,35101
849,0,3.4378,1,0,35101
843,0,3.4311,1,0,35101
849,0,3.405,1,0,35101
855,0,3.4108,1,0,35101
861,0,3.411,1,0,35101
843,0,3.4155,1,0,35101
849,0,3.4082,1,0,35101
855,0,3.3869,1,0,35101
861,0,3.41,1,0,35101
843,0,3.425,1,0,35101
840,0,3.4196,1,0,35101
963,0,3.3889,1,0,35101
963,0,3.3891,1,0,35101
960,0,3.4089,1,0,35101
960,0,3.3928,1,0,35101
1008,0,3.3984,1,0,35101
1008,0,3.3752,1,0,35101
1005,0,3.4064,1,0,35101
1005,0,3.4023,1,0,35101
861,0,3.4179,1,0,35101
891,0,3.3891,1,0,35101
897,0,3.4098,1,0,35101
903,0,3.3954,1,0,35101
828,0,3.4092,1,0,35101
858,0,3.4292,1,0,35101
855,0,3.4172,1,0,35101
960,0,3.3927,1,0,35101
957,0,3.4013,1,0,35101
1005,0,3.3904,1,0,35101
1002,0,3.4023,1,0,35101
1020,0,3.4353,1,0,35101
1017,0,3.4514,1,0,35101
1017,0,3.4506,1,0,35101
1044,0,3.436,1,0,35101
1050,0,3.4431,1,0,35101
1056,0,3.4356,1,0,35101
1038,0,3.4303,1,0,35101
1044,0,3.4362,1,0,35101
1050,0,3.4375,1,0,35101
1056,0,3.4292,1,0,35101
1044,0,3.4371,1,0,35101
1038,0,3.4432,1,0,35101
1044,0,3.4262,1,0,35101
1050,0,3.4332,1,0,35101
1056,0,3.4234,1,0,35101
1038,0,3.4291,1,0,35101
1044,0,3.4408,1,0,35101
1050,0,3.4303,1,0,35101
1056,0,3.4394,1,0,35101
1038,0,3.4393,1,0,35101
1035,0,3.4356,1,0,35101
1119,0,3.4274,1,0,35101
1119,0,3.4302,1,0,35101
1116,0,3.4263,1,0,35101
1116,0,3.4221,1,0,35101
1251,0,3.4225,1,0,35101
1290,0,3.4079,1,0,35101
1233,0,3.413,1,0,35101
1290,0,3.4078,1,0,35101
1236,0,3.4131,1,0,35101
1227,0,3.4109,1,0,35101
1164,0,3.4149,1,0,35101
1164,0,3.4112,1,0,35101
1161,0,3.4232,1,0,35101
1161,0,3.4169,1,0,35101
1068,0,3.4373,1,0,35101
1017,0,3.4472,1,0,35101
1086,0,3.4206,1,0,35101
1092,0,3.4277,1,0,35101
1098,0,3.4326,1,0,35101
984,0,3.4478,1,0,35101
1014,0,3.4487,1,0,35101
1011,0,3.4419,1,0,35101
1116,0,3.4223,1,0,35101
1113,0,3.4268,1,0,35101
1161,0,3.4197,1,0,35101
1158,0,3.4129,1,0,35101
1116,0,3.4332,1,0,35101
1119,0,3.4331,1,0,35101
1020,0,3.4463,1,0,35101
1017,0,3.443,1,0,35101
1017,0,3.4493,1,0,35101
1044,0,3.4381,1,0,35101
1050,0,3.447,1,0,35101
1056,0,3.4353,1,0,35101
1038,0,3.429,1,0,35101
1044,0,3.431,1,0,35101
1050,0,3.4344,1,0,35101
1056,0,3.443,1,0,35101
1044,0,3.4386,1,0,35101
1038,0,3.4409,1,0,35101
1044,0,3.4373,1,0,35101
1050,0,3.4309,1,0,35101
1056,0,3.433,1,0,35101
1038,0,3.4365,1,0,35101
1044,0,3.4233,1,0,35101
1050,0,3.4359,1,0,35101
1056,0,3.437,1,0,35101
1038,0,3.4336,1,0,35101
1035,0,3.4445,1,0,35101
1119,0,3.426,1,0,35101
1119,0,3.4188,1,0,35101
1116,0,3.429,1,0,35101
1116,0,3.4234,1,0,35101
1164,0,3.4274,1,0,35101
1164,0,3.414,1,0,35101
1161,0,3.4185,1,0,35101
1161,0,3.4162,1,0,35101
1017,0,3.4452,1,0,35101
1086,0,3.4313,1,0,35101
1092,0,3.4283,1,0,35101
1098,0,3.4156,1,0,35101
984,0,3.4477,1,0,35101
1014,0,3.4458,1,0,35101
1011,0,3.448,1,0,35101
1116,0,3.4218,1,0,35101
1113,0,3.425,1,0,35101
1161,0,3.4201,1,0,35101
1158,0,3.4149,1,0,35101
915,0,3.4664,1,0,35101
912,0,3.4726,1,0,35101
912,0,3.4385,1,0,35101
918,0,3.4524,1,0,35101
924,0,3.4591,1,0,35101
930,0,3.4563,1,0,35101
912,0,3.4727,1,0,35101
918,0,3.4578,1,0,35101
924,0,3.4644,1,0,35101
930,0,3.4691,1,0,35101
918,0,3.4648,1,0,35101
912,0,3.4742,1,0,35101
918,0,3.4572,1,0,35101
924,0,3.4595,1,0,35101
930,0,3.4596,1,0,35101
912,0,3.4608,1,0,35101
918,0,3.459,1,0,35101
924,0,3.4476,1,0,35101
930,0,3.4463,1,0,35101
912,0,3.4572,1,0,35101
909,0,3.4493,1,0,35101
1014,0,3.4262,1,0,35101
1014,0,3.4345,1,0,35101
1011,0,3.4431,1,0,35101
1011,0,3.4385,1,0,35101
1143,0,3.4312,1,0,35101
1188,0,3.4225,1,0,35101
1134,0,3.4269,1,0,35101
1176,0,3.4228,1,0,35101
1134,0,3.4271,1,0,35101
1128,0,3.4341,1,0,35101
1059,0,3.4384,1,0,35101
1059,0,3.4318,1,0,35101
1056,0,3.4359,1,0,35101
1056,0,3.4448,1,0,35101
963,0,3.445,1,0,35101
912,0,3.4695,1,0,35101
960,0,3.4373,1,0,35101
966,0,3.4156,1,0,35101
972,0,3.4359,1,0,35101
879,0,3.4729,1,0,35101
909,0,3.4528,1,0,35101
906,0,3.4563,1,0,35101
1011,0,3.4394,1,0,35101
1008,0,3.4461,1,0,35101
1056,0,3.4335,1,0,35101
1053,0,3.4384,1,0,35101
1011,0,3.434,1,0,35101
1014,0,3.4506,1,0,35101
915,0,3.4695,1,0,35101
912,0,3.4789,1,0,35101
912,0,3.4621,1,0,35101
918,0,3.4491,1,0,35101
924,0,3.446,1,0,35101
930,0,3.4599,1,0,35101
912,0,3.464,1,0,35101
918,0,3.4612,1,0,35101
924,0,3.4663,1,0,35101
930,0,3.4735,1,0,35101
918,0,3.4548,1,0,35101
912,0,3.4669,1,0,35101
918,0,3.4597,1,0,35101
924,0,3.4488,1,0,35101
930,0,3.4611,1,0,35101
912,0,3.4618,1,0,35101
918,0,3.4598,1,0,35101
924,0,3.4552,1,0,35101
930,0,3.4448,1,0,35101
912,0,3.4592,1,0,35101
909,0,3.446,1,0,35101
1014,0,3.4529,1,0,35101
1014,0,3.4459,1,0,35101
1011,0,3.4357,1,0,35101
1011,0,3.443,1,0,35101
1059,0,3.4392,1,0,35101
1059,0,3.4255,1,0,35101
1056,0,3.4266,1,0,35101
1056,0,3.4449,1,0,35101
912,0,3.4779,1,0,35101
960,0,3.4397,1,0,35101
966,0,3.4467,1,0,35101
972,0,3.4393,1,0,35101
879,0,3.4714,1,0,35101
909,0,3.4744,1,0,35101
906,0,3.4664,1,0,35101
1011,0,3.4471,1,0,35101
1008,0,3.4565,1,0,35101
1056,0,3.4298,1,0,35101
1053,0,3.4404,1,0,35101
894,0,3.4467,1,0,35101
891,0,3.4443,1,0,35101
891,0,3.4483,1,0,35101
909,0,3.452,1,0,35101
915,0,3.4408,1,0,35101
921,0,3.4407,1,0,35101
903,0,3.4488,1,0,35101
909,0,3.4469,1,0,35101
915,0,3.4469,1,0,35101
921,0,3.4553,1,0,35101
909,0,3.4438,1,0,35101
903,0,3.4362,1,0,35101
909,0,3.4389,1,0,35101
915,0,3.4334,1,0,35101
921,0,3.4387,1,0,35101
903,0,3.4373,1,0,35101
909,0,3.4394,1,0,35101
915,0,3.4314,1,0,35101
921,0,3.4402,1,0,35101
903,0,3.4386,1,0,35101
900,0,3.4409,1,0,35101
993,0,3.4168,1,0,35101
993,0,3.4157,1,0,35101
990,0,3.4261,1,0,35101
990,0,3.4154,1,0,35101
1119,0,3.4169,1,0,35101
1164,0,3.3872,1,0,35101
1110,0,3.4065,1,0,35101
1155,0,3.4101,1,0,35101
1113,0,3.4049,1,0,35101
1101,0,3.4104,1,0,35101
1038,0,3.4147,1,0,35101
1038,0,3.4217,1,0,35101
1035,0,3.4076,1,0,35101
1035,0,3.4023,1,0,35101
942,0,3.4372,1,0,35101
891,0,3.4496,1,0,35101
951,0,3.4318,1,0,35101
957,0,3.4254,1,0,35101
963,0,3.4235,1,0,35101
858,0,3.442,1,0,35101
888,0,3.4421,1,0,35101
885,0,3.4406,1,0,35101
990,0,3.4456,1,0,35101
987,0,3.4279,1,0,35101
1035,0,3.4203,1,0,35101
1032,0,3.4186,1,0,35101
990,0,3.4397,1,0,35101
993,0,3.4298,1,0,35101
894,0,3.4538,1,0,35101
891,0,3.4481,1,0,35101
891,0,3.4471,1,0,35101
909,0,3.4467,1,0,35101
915,0,3.4482,1,0,35101
921,0,3.4439,1,0,35101
903,0,3.4478,1,0,35101
909,0,3.4404,1,0,35101
915,0,3.4346,1,0,35101
921,0,3.4388,1,0,35101
909,0,3.4655,1,0,35101
903,0,3.4552,1,0,35101
909,0,3.4365,1,0,35101
915,0,3.4404,1,0,35101
921,0,3.4399,1,0,35101
903,0,3.4352,1,0,35101
909,0,3.4622,1,0,35101
915,0,3.4287,1,0,35101
921,0,3.4372,1,0,35101
903,0,3.4312,1,0,35101
900,0,3.4493,1,0,35101
993,0,3.4287,1,0,35101
993,0,3.4207,1,0,35101
990,0,3.4086,1,0,35101
990,0,3.4243,1,0,35101
1038,0,3.413,1,0,35101
1038,0,3.4167,1,0,35101
1035,0,3.4143,1,0,35101
1035,0,3.4171,1,0,35101
891,0,3.4531,1,0,35101
951,0,3.4164,1,0,35101
957,0,3.4166,1,0,35101
963,0,3.4063,1,0,35101
858,0,3.4463,1,0,35101
888,0,3.4511,1,0,35101
885,0,3.4493,1,0,35101
990,0,3.4029,1,0,35101
987,0,3.4319,1,0,35101
1035,0,3.4208,1,0,35101
1032,0,3.42,1,0,35101
933,0,3.4674,1,0,35101
930,0,3.4381,1,0,35101
930,0,3.4553,1,0,35101
930,0,3.4602,1,0,35101
936,0,3.452,1,0,35101
942,0,3.4538,1,0,35101
924,0,3.449,1,0,35101
930,0,3.4625,1,0,35101
936,0,3.4511,1,0,35101
942,0,3.4537,1,0,35101
930,0,3.4539,1,0,35101
924,0,3.4622,1,0,35101
930,0,3.4435,1,0,35101
936,0,3.4593,1,0,35101
942,0,3.4403,1,0,35101
924,0,3.4554,1,0,35101
930,0,3.4573,1,0,35101
936,0,3.4487,1,0,35101
942,0,3.437,1,0,35101
924,0,3.4396,1,0,35101
921,0,3.4616,1,0,35101
1032,0,3.4232,1,0,35101
1032,0,3.4342,1,0,35101
1029,0,3.4393,1,0,35101
1029,0,3.4503,1,0,35101
1158,0,3.4179,1,0,35101
1206,0,3.4262,1,0,35101
1152,0,3.4247,1,0,35101
1200,0,3.4177,1,0,35101
1152,0,3.4162,1,0,35101
1152,0,3.4333,1,0,35101
1077,0,3.4254,1,0,35101
1077,0,3.4234,1,0,35101
1074,0,3.4252,1,0,35101
1074,0,3.4284,1,0,35101
981,0,3.446,1,0,35101
930,0,3.4566,1,0,35101
972,0,3.4335,1,0,35101
978,0,3.4117,1,0,35101
984,0,3.4268,1,0,35101
897,0,3.4522,1,0,35101
927,0,3.4618,1,0,35101
924,0,3.4502,1,0,35101
1029,0,3.4339,1,0,35101
1026,0,3.435,1,0,35101
1074,0,3.4252,1,0,35101
1071,0,3.4099,1,0,35101
1029,0,3.4464,1,0,35101
1032,0,3.4478,1,0,35101
933,0,3.4689,1,0,35101
930,0,3.4757,1,0,35101
930,0,3.4719,1,0,35101
930,0,3.4644,1,0,35101
936,0,3.4644,1,0,35101
942,0,3.459,1,0,35101
924,0,3.4495,1,0,35101
930,0,3.468,1,0,35101
936,0,3.4731,1,0,35101
942,0,3.4565,1,0,35101
930,0,3.4555,1,0,35101
924,0,3.4707,1,0,35101
930,0,3.4575,1,0,35101
936,0,3.4462,1,0,35101
942,0,3.4558,1,0,35101
924,0,3.4643,1,0,35101
930,0,3.4559,1,0,35101
936,0,3.454,1,0,35101
942,0,3.4546,1,0,35101
924,0,3.4562,1,0,35101
921,0,3.4661,1,0,35101
1032,0,3.4556,1,0,35101
1032,0,3.4428,1,0,35101
1029,0,3.4559,1,0,35101
1029,0,3.4343,1,0,35101
1077,0,3.4347,1,0,35101
1077,0,3.4254,1,0,35101
1074,0,3.4316,1,0,35101
1074,0,3.4314,1,0,35101
930,0,3.4784,1,0,35101
972,0,3.4468,1,0,35101
978,0,3.4455,1,0,35101
984,0,3.4457,1,0,35101
897,0,3.4712,1,0,35101
927,0,3.4719,1,0,35101
924,0,3.4694,1,0,35101
1029,0,3.4485,1,0,35101
1026,0,3.4482,1,0,35101
1074,0,3.4377,1,0,35101
1071,0,3.4306,1,0,35101
549,0,3.4147,1,0,35101
546,0,3.4248,1,0,35101
546,0,3.4073,1,0,35101
579,0,3.4236,1,0,35101
585,0,3.4089,1,0,35101
591,0,3.4141,1,0,35101
573,0,3.4237,1,0,35101
579,0,3.4108,1,0,35101
585,0,3.4141,1,0,35101
591,0,3.4286,1,0,35101
579,0,3.4016,1,0,35101
573,0,3.4186,1,0,35101
579,0,3.391,1,0,35101
585,0,3.4069,1,0,35101
591,0,3.4016,1,0,35101
573,0,3.4009,1,0,35101
579,0,3.4259,1,0,35101
585,0,3.4073,1,0,35101
591,0,3.4045,1,0,35101
573,0,3.4145,1,0,35101
570,0,3.4237,1,0,35101
693,0,3.3805,1,0,35101
693,0,3.3529,1,0,35101
690,0,3.3711,1,0,35101
690,0,3.3615,1,0,35101
597,0,3.3845,1,0,35101
546,0,3.4312,1,0,35101
621,0,3.3993,1,0,35101
627,0,3.406,1,0,35101
633,0,3.3701,1,0,35101
513,0,3.427,1,0,35101
543,0,3.415,1,0,35101
540,0,3.4038,1,0,35101
690,0,3.3724,1,0,35101
687,0,3.3656,1,0,35101
645,0,3.3889,1,0,35101
648,0,3.3882,1,0,35101
549,0,3.4306,1,0,35101
546,0,3.4363,1,0,35101
546,0,3.435,1,0,35101
579,0,3.4295,1,0,35101
585,0,3.4305,1,0,35101
591,0,3.4383,1,0,35101
573,0,3.4266,1,0,35101
579,0,3.4391,1,0,35101
585,0,3.4327,1,0,35101
591,0,3.4482,1,0,35101
579,0,3.4499,1,0,35101
573,0,3.4383,1,0,35101
579,0,3.4233,1,0,35101
585,0,3.4217,1,0,35101
591,0,3.4381,1,0,35101
573,0,3.4158,1,0,35101
579,0,3.4294,1,0,35101
585,0,3.4183,1,0,35101
591,0,3.4476,1,0,35101
573,0,3.4482,1,0,35101
570,0,3.429,1,0,35101
693,0,3.3856,1,0,35101
693,0,3.3771,1,0,35101
690,0,3.3597,1,0,35101
690,0,3.3708,1,0,35101
546,0,3.4409,1,0,35101
621,0,3.3974,1,0,35101
627,0,3.4064,1,0,35101
633,0,3.4322,1,0,35101
513,0,3.4434,1,0,35101
543,0,3.4565,1,0,35101
540,0,3.4295,1,0,35101
690,0,3.381,1,0,35101
687,0,3.3744,1,0,35101
822,0,3.4461,1,0,35101
819,0,3.4496,1,0,35101
819,0,3.4466,1,0,35101
825,0,3.4439,1,0,35101
831,0,3.4456,1,0,35101
837,0,3.45,1,0,35101
819,0,3.4548,1,0,35101
825,0,3.4326,1,0,35101
831,0,3.4478,1,0,35101
837,0,3.4409,1,0,35101
825,0,3.4395,1,0,35101
819,0,3.467,1,0,35101
825,0,3.4397,1,0,35101
831,0,3.4315,1,0,35101
837,0,3.4358,1,0,35101
819,0,3.4193,1,0,35101
825,0,3.4233,1,0,35101
831,0,3.4393,1,0,35101
837,0,3.4302,1,0,35101
819,0,3.413,1,0,35101
816,0,3.431,1,0,35101
966,0,3.403,1,0,35101
966,0,3.3887,1,0,35101
963,0,3.4001,1,0,35101
963,0,3.413,1,0,35101
870,0,3.4171,1,0,35101
819,0,3.4412,1,0,35101
867,0,3.4067,1,0,35101
873,0,3.4184,1,0,35101
879,0,3.4122,1,0,35101
786,0,3.4215,1,0,35101
816,0,3.4285,1,0,35101
813,0,3.4198,1,0,35101
963,0,3.4246,1,0,35101
960,0,3.394,1,0,35101
918,0,3.4248,1,0,35101
921,0,3.4281,1,0,35101
822,0,3.4456,1,0,35101
819,0,3.4505,1,0,35101
819,0,3.449,1,0,35101
825,0,3.4537,1,0,35101
831,0,3.457,1,0,35101
837,0,3.4431,1,0,35101
819,0,3.4472,1,0,35101
825,0,3.449,1,0,35101
831,0,3.4494,1,0,35101
837,0,3.4452,1,0,35101
825,0,3.4462,1,0,35101
819,0,3.4524,1,0,35101
825,0,3.4456,1,0,35101
831,0,3.4396,1,0,35101
837,0,3.443,1,0,35101
819,0,3.4578,1,0,35101
825,0,3.4585,1,0,35101
831,0,3.4403,1,0,35101
837,0,3.435,1,0,35101
819,0,3.4528,1,0,35101
816,0,3.4472,1,0,35101
966,0,3.4172,1,0,35101
966,0,3.3971,1,0,35101
963,0,3.4076,1,0,35101
963,0,3.4096,1,0,35101
819,0,3.4497,1,0,35101
867,0,3.4292,1,0,35101
873,0,3.4029,1,0,35101
879,0,3.4437,1,0,35101
786,0,3.4529,1,0,35101
816,0,3.4415,1,0,35101
813,0,3.444,1,0,35101
963,0,3.4273,1,0,35101
960,0,3.4179,1,0,35101
1134,0,3.4194,1,0,35101
1131,0,3.4238,1,0,35101
1131,0,3.42,1,0,35101
1125,0,3.4302,1,0,35101
1131,0,3.4152,1,0,35101
1137,0,3.4241,1,0,35101
1119,0,3.4262,1,0,35101
1125,0,3.4218,1,0,35101
1131,0,3.4291,1,0,35101
1137,0,3.4087,1,0,35101
1125,0,3.4168,1,0,35101
1119,0,3.4263,1,0,35101
1125,0,3.4225,1,0,35101
1131,0,3.4167,1,0,35101
1137,0,3.4063,1,0,35101
1119,0,3.4229,1,0,35101
1125,0,3.4261,1,0,35101
1131,0,3.4255,1,0,35101
1137,0,3.4072,1,0,35101
1119,0,3.4196,1,0,35101
1116,0,3.4135,1,0,35101
1278,0,3.3991,1,0,35101
1278,0,3.4075,1,0,35101
1275,0,3.3982,1,0,35101
1275,0,3.371,1,0,35101
1182,0,3.4076,1,0,35101
1131,0,3.4222,1,0,35101
1167,0,3.4115,1,0,35101
1173,0,3.4035,1,0,35101
1179,0,3.4032,1,0,35101
1098,0,3.4208,1,0,35101
1128,0,3.4181,1,0,35101
1125,0,3.4138,1,0,35101
1275,0,3.4085,1,0,35101
1272,0,3.3944,1,0,35101
1230,0,3.4133,1,0,35101
1233,0,3.4126,1,0,35101
1134,0,3.4121,1,0,35101
1131,0,3.4138,1,0,35101
1131,0,3.4198,1,0,35101
1125,0,3.4236,1,0,35101
1131,0,3.4159,1,0,35101
1137,0,3.4124,1,0,35101
1119,0,3.4241,1,0,35101
1125,0,3.4172,1,0,35101
1131,0,3.416,1,0,35101
1137,0,3.4142,1,0,35101
1125,0,3.4231,1,0,35101
1119,0,3.4287,1,0,35101
1125,0,3.4138,1,0,35101
1131,0,3.4205,1,0,35101
1137,0,3.4143,1,0,35101
1119,0,3.4219,1,0,35101
1125,0,3.4147,1,0,35101
1131,0,3.413,1,0,35101
1137,0,3.4007,1,0,35101
1119,0,3.4211,1,0,35101
1116,0,3.4254,1,0,35101
1278,0,3.409,1,0,35101
1278,0,3.3995,1,0,35101
1275,0,3.3813,1,0,35101
1275,0,3.3925,1,0,35101
1131,0,3.4175,1,0,35101
1167,0,3.407,1,0,35101
1173,0,3.3891,1,0,35101
1179,0,3.397,1,0,35101
1098,0,3.409,1,0,35101
1128,0,3.4197,1,0,35101
1125,0,3.4108,1,0,35101
1275,0,3.4007,1,0,35101
1272,0,3.3947,1,0,35101
1062,0,3.425,1,0,35101
1059,0,3.4315,1,0,35101
1059,0,3.4263,1,0,35101
1038,0,3.4202,1,0,35101
1044,0,3.4266,1,0,35101
1050,0,3.4315,1,0,35101
1032,0,3.4097,1,0,35101
1038,0,3.4206,1,0,35101
1044,0,3.4109,1,0,35101
1050,0,3.4246,1,0,35101
1038,0,3.4377,1,0,35101
1032,0,3.4153,1,0,35101
1038,0,3.4235,1,0,35101
1044,0,3.4309,1,0,35101
1050,0,3.4264,1,0,35101
1032,0,3.4038,1,0,35101
1038,0,3.4131,1,0,35101
1044,0,3.4095,1,0,35101
1050,0,3.4224,1,0,35101
1032,0,3.4417,1,0,35101
1029,0,3.431,1,0,35101
1206,0,3.399,1,0,35101
1206,0,3.3943,1,0,35101
1203,0,3.4023,1,0,35101
1203,0,3.3854,1,0,35101
1110,0,3.4187,1,0,35101
1059,0,3.417,1,0,35101
1080,0,3.3937,1,0,35101
1086,0,3.4246,1,0,35101
1092,0,3.4102,1,0,35101
1026,0,3.4057,1,0,35101
1056,0,3.4251,1,0,35101
1053,0,3.4202,1,0,35101
1203,0,3.4117,1,0,35101
1200,0,3.4057,1,0,35101
1158,0,3.4057,1,0,35101
1161,0,3.415,1,0,35101
1059,0,3.4277,1,0,35101
1056,0,3.4241,1,0,35101
1056,0,3.4247,1,0,35101
1035,0,3.4304,1,0,35101
1041,0,3.4124,1,0,35101
1047,0,3.422,1,0,35101
1029,0,3.4362,1,0,35101
1035,0,3.4396,1,0,35101
1041,0,3.4281,1,0,35101
1047,0,3.4371,1,0,35101
1035,0,3.4345,1,0,35101
1029,0,3.4359,1,0,35101
1035,0,3.4076,1,0,35101
1041,0,3.4303,1,0,35101
1047,0,3.4153,1,0,35101
1029,0,3.4195,1,0,35101
1035,0,3.4176,1,0,35101
1041,0,3.4071,1,0,35101
1047,0,3.4113,1,0,35101
1029,0,3.4209,1,0,35101
1026,0,3.4256,1,0,35101
1203,0,3.3884,1,0,35101
1203,0,3.3793,1,0,35101
1200,0,3.399,1,0,35101
1200,0,3.386,1,0,35101
1107,0,3.4136,1,0,35101
1056,0,3.4029,1,0,35101
1077,0,3.4092,1,0,35101
1083,0,3.4226,1,0,35101
1089,0,3.4062,1,0,35101
1023,0,3.4254,1,0,35101
1053,0,3.4219,1,0,35101
1050,0,3.4166,1,0,35101
1200,0,3.4067,1,0,35101
1197,0,3.4074,1,0,35101
1155,0,3.4015,1,0,35101
1158,0,3.4043,1,0,35101
822,0,3.4577,1,0,35101
819,0,3.468,1,0,35101
819,0,3.4551,1,0,35101
825,0,3.4517,1,0,35101
831,0,3.4662,1,0,35101
837,0,3.4444,1,0,35101
819,0,3.4501,1,0,35101
825,0,3.4613,1,0,35101
831,0,3.4538,1,0,35101
837,0,3.4508,1,0,35101
825,0,3.4595,1,0,35101
819,0,3.4947,1,0,35101
825,0,3.4525,1,0,35101
831,0,3.4577,1,0,35101
837,0,3.4447,1,0,35101
819,0,3.446,1,0,35101
825,0,3.4347,1,0,35101
831,0,3.4352,1,0,35101
837,0,3.456,1,0,35101
819,0,3.4535,1,0,35101
816,0,3.4633,1,0,35101
921,0,3.4502,1,0,35101
921,0,3.4369,1,0,35101
918,0,3.43,1,0,35101
918,0,3.4355,1,0,35101
1059,0,3.4133,1,0,35101
1104,0,3.4064,1,0,35101
1047,0,3.4075,1,0,35101
1101,0,3.4283,1,0,35101
1056,0,3.4313,1,0,35101
1044,0,3.4078,1,0,35101
966,0,3.4395,1,0,35101
966,0,3.4295,1,0,35101
963,0,3.4406,1,0,35101
963,0,3.4145,1,0,35101
870,0,3.4522,1,0,35101
819,0,3.4598,1,0,35101
867,0,3.4333,1,0,35101
873,0,3.4475,1,0,35101
879,0,3.4507,1,0,35101
786,0,3.4668,1,0,35101
816,0,3.4607,1,0,35101
813,0,3.4479,1,0,35101
918,0,3.4527,1,0,35101
915,0,3.442,1,0,35101
963,0,3.4356,1,0,35101
960,0,3.4325,1,0,35101
918,0,3.4337,1,0,35101
921,0,3.4505,1,0,35101
819,0,3.4442,1,0,35101
816,0,3.4436,1,0,35101
816,0,3.428,1,0,35101
822,0,3.4575,1,0,35101
828,0,3.4343,1,0,35101
834,0,3.4413,1,0,35101
816,0,3.4463,1,0,35101
822,0,3.4349,1,0,35101
828,0,3.433,1,0,35101
834,0,3.4281,1,0,35101
822,0,3.4186,1,0,35101
816,0,3.4458,1,0,35101
822,0,3.4327,1,0,35101
828,0,3.4217,1,0,35101
834,0,3.4213,1,0,35101
816,0,3.4351,1,0,35101
822,0,3.4417,1,0,35101
828,0,3.4215,1,0,35101
834,0,3.4215,1,0,35101
816,0,3.4375,1,0,35101
813,0,3.4517,1,0,35101
918,0,3.4045,1,0,35101
918,0,3.4279,1,0,35101
915,0,3.4004,1,0,35101
915,0,3.4163,1,0,35101
1059,0,3.3973,1,0,35101
1107,0,3.3976,1,0,35101
1053,0,3.4129,1,0,35101
1101,0,3.4021,1,0,35101
1053,0,3.4016,1,0,35101
1047,0,3.4068,1,0,35101
963,0,3.4227,1,0,35101
963,0,3.4145,1,0,35101
960,0,3.4121,1,0,35101
960,0,3.4107,1,0,35101
867,0,3.4345,1,0,35101
816,0,3.434,1,0,35101
864,0,3.4035,1,0,35101
870,0,3.3972,1,0,35101
876,0,3.4156,1,0,35101
783,0,3.4053,1,0,35101
813,0,3.4358,1,0,35101
810,0,3.4306,1,0,35101
915,0,3.405,1,0,35101
912,0,3.4317,1,0,35101
960,0,3.4261,1,0,35101
957,0,3.4243,1,0,35101
915,0,3.4213,1,0,35101
918,0,3.4221,1,0,35101
1035,0,3.42,1,0,35101
1032,0,3.4178,1,0,35101
1032,0,3.4154,1,0,35101
1065,0,3.4143,1,0,35101
1071,0,3.4017,1,0,35101
1077,0,3.4227,1,0,35101
1059,0,3.4203,1,0,35101
1065,0,3.388,1,0,35101
1071,0,3.415,1,0,35101
1077,0,3.4112,1,0,35101
1065,0,3.4193,1,0,35101
1059,0,3.4075,1,0,35101
1065,0,3.4022,1,0,35101
1071,0,3.4029,1,0,35101
1077,0,3.399,1,0,35101
1059,0,3.4154,1,0,35101
1065,0,3.405,1,0,35101
1071,0,3.3984,1,0,35101
1077,0,3.4115,1,0,35101
1059,0,3.3879,1,0,35101
1056,0,3.4046,1,0,35101
1134,0,3.404,1,0,35101
1134,0,3.3954,1,0,35101
1131,0,3.3952,1,0,35101
1131,0,3.3916,1,0,35101
1302,0,3.3872,1,0,35101
1350,0,3.3753,1,0,35101
1302,0,3.3762,1,0,35101
1341,0,3.3736,1,0,35101
1290,0,3.3869,1,0,35101
1293,0,3.3822,1,0,35101
1179,0,3.3871,1,0,35101
1179,0,3.3929,1,0,35101
1176,0,3.372,1,0,35101
1176,0,3.3808,1,0,35101
1113,0,3.3952,1,0,35101
1083,0,3.3777,1,0,35101
1032,0,3.4019,1,0,35101
1107,0,3.3849,1,0,35101
1113,0,3.3976,1,0,35101
1119,0,3.392,1,0,35101
999,0,3.4155,1,0,35101
1029,0,3.4196,1,0,35101
1026,0,3.4105,1,0,35101
1131,0,3.4018,1,0,35101
1128,0,3.3997,1,0,35101
1176,0,3.4083,1,0,35101
1173,0,3.4018,1,0,35101
1131,0,3.3871,1,0,35101
1134,0,3.4049,1,0,35101
1113,0,3.4152,1,0,35101
1161,0,3.4043,1,0,35101
1032,0,3.4338,1,0,35101
1029,0,3.4351,1,0,35101
1029,0,3.4342,1,0,35101
1062,0,3.4126,1,0,35101
1068,0,3.4077,1,0,35101
1074,0,3.4156,1,0,35101
1056,0,3.4187,1,0,35101
1062,0,3.413,1,0,35101
1068,0,3.4274,1,0,35101
1074,0,3.423,1,0,35101
1062,0,3.4109,1,0,35101
1056,0,3.3864,1,0,35101
1062,0,3.403,1,0,35101
1068,0,3.4033,1,0,35101
1074,0,3.4137,1,0,35101
1056,0,3.4102,1,0,35101
1062,0,3.409,1,0,35101
1068,0,3.4086,1,0,35101
1074,0,3.4088,1,0,35101
1056,0,3.3952,1,0,35101
1053,0,3.4233,1,0,35101
1131,0,3.4099,1,0,35101
1131,0,3.4096,1,0,35101
1128,0,3.395,1,0,35101
1128,0,3.405,1,0,35101
1296,0,3.3961,1,0,35101
1353,0,3.3959,1,0,35101
1290,0,3.383,1,0,35101
1344,0,3.3893,1,0,35101
1296,0,3.3937,1,0,35101
1284,0,3.4025,1,0,35101
1176,0,3.3998,1,0,35101
1176,0,3.384,1,0,35101
1173,0,3.3843,1,0,35101
1173,0,3.3983,1,0,35101
1110,0,3.3944,1,0,35101
1080,0,3.3751,1,0,35101
1029,0,3.4238,1,0,35101
1104,0,3.4006,1,0,35101
1110,0,3.3978,1,0,35101
1116,0,3.3886,1,0,35101
996,0,3.4227,1,0,35101
1026,0,3.4319,1,0,35101
1023,0,3.4158,1,0,35101
1128,0,3.4018,1,0,35101
1125,0,3.4035,1,0,35101
1173,0,3.3903,1,0,35101
1170,0,3.3775,1,0,35101
1128,0,3.4027,1,0,35101
1131,0,3.4113,1,0,35101
1110,0,3.4085,1,0,35101
1158,0,3.4167,1,0,35101
585,0,3.537,1,0,35101
582,0,3.5329,1,0,35101
582,0,3.5278,1,0,35101
660,0,3.4908,1,0,35101
666,0,3.5098,1,0,35101
672,0,3.4952,1,0,35101
654,0,3.4743,1,0,35101
660,0,3.49,1,0,35101
666,0,3.4863,1,0,35101
672,0,3.476,1,0,35101
660,0,3.4799,1,0,35101
654,0,3.4782,1,0,35101
660,0,3.4825,1,0,35101
666,0,3.4722,1,0,35101
672,0,3.4641,1,0,35101
654,0,3.4802,1,0,35101
660,0,3.4712,1,0,35101
666,0,3.4776,1,0,35101
672,0,3.4624,1,0,35101
654,0,3.4782,1,0,35101
651,0,3.4852,1,0,35101
729,0,3.4554,1,0,35101
729,0,3.4549,1,0,35101
726,0,3.4773,1,0,35101
726,0,3.4559,1,0,35101
633,0,3.4986,1,0,35101
582,0,3.5263,1,0,35101
702,0,3.4509,1,0,35101
708,0,3.4426,1,0,35101
714,0,3.4514,1,0,35101
549,0,3.5254,1,0,35101
579,0,3.5244,1,0,35101
576,0,3.5076,1,0,35101
726,0,3.4635,1,0,35101
723,0,3.4565,1,0,35101
681,0,3.4965,1,0,35101
684,0,3.4713,1,0,35101
582,0,3.4655,1,0,35101
396,0,3.6187,1,0,35101
303,0,3.6527,1,0,35101
432,0,3.5965,1,0,35101
615,0,3.5427,1,0,35101
333,0,3.642,1,0,35101
327,0,3.6445,1,0,35101
684,0,3.4831,1,0,35101
840,0,3.4576,1,0,35101
702,0,3.4364,1,0,35101
657,0,3.4474,1,0,35101
840,0,3.4781,1,0,35101
459,0,3.4894,1,0,35101
834,0,3.4653,1,0,35101
717,0,3.4402,1,0,35101
684,0,3.4325,1,0,35101
567,0,3.515,1,0,35101
534,0,3.5199,1,0,35101
351,0,3.6208,1,0,35101
318,0,3.6218,1,0,35101
603,0,3.5158,1,0,35101
570,0,3.5247,1,0,35101
663,0,3.5316,1,0,35101
630,0,3.5401,1,0,35101
369,0,3.6382,1,0,35101
336,0,3.6337,1,0,35101
375,0,3.6609,1,0,35101
342,0,3.6582,1,0,35101
972,0,3.3958,1,0,35101
939,0,3.3909,1,0,35101
732,0,3.4839,1,0,35101
699,0,3.4909,1,0,35101
888,0,3.4618,1,0,35101
855,0,3.4563,1,0,35101
879,0,3.4247,1,0,35101
846,0,3.4139,1,0,35101
888,0,3.4668,1,0,35101
855,0,3.472,1,0,35101
507,0,3.495,1,0,35101
474,0,3.4976,1,0,35101
882,0,3.4599,1,0,35101
849,0,3.4315,1,0,35101
621,0,3.494,1,0,35101
618,0,3.4971,1,0,35101
618,0,3.4923,1,0,35101
624,0,3.4938,1,0,35101
627,0,3.4964,1,0,35101
621,0,3.4914,1,0,35101
621,0,3.4913,1,0,35101
624,0,3.4919,1,0,35101
627,0,3.4925,1,0,35101
765,0,3.4368,1,0,35101
765,0,3.4259,1,0,35101
762,0,3.4303,1,0,35101
762,0,3.4269,1,0,35101
672,0,3.4636,1,0,35101
696,0,3.4675,1,0,35101
618,0,3.4999,1,0,35101
621,0,3.4956,1,0,35101
624,0,3.4905,1,0,35101
615,0,3.4896,1,0,35101
762,0,3.4375,1,0,35101
759,0,3.4303,1,0,35101
717,0,3.452,1,0,35101
720,0,3.4449,1,0,35101
672,0,3.486,1,0,35101
756,0,3.4463,1,0,35101
642,0,3.4811,1,0,35101
387,0,3.5358,1,0,35101
249,0,3.7402,1,0,35101
645,0,3.4979,1,0,35101
621,0,3.4308,1,0,35101
693,0,3.503,1,0,35101
435,0,3.5345,1,0,35101
369,0,3.5368,1,0,35101
621,0,3.4847,1,0,35101
102,0,4.063,1,0,35101
99,0,4.0702,1,0,35101
99,0,4.0436,1,0,35101
105,0,4.0378,1,0,35101
108,0,4.0343,1,0,35101
102,0,4.0452,1,0,35101
102,0,4.043,1,0,35101
105,0,4.0382,1,0,35101
108,0,4.0184,1,0,35101
246,0,3.6735,1,0,35101
246,0,3.6452,1,0,35101
243,0,3.6578,1,0,35101
243,0,3.6579,1,0,35101
153,0,3.8245,1,0,35101
177,0,3.8428,1,0,35101
99,0,4.0894,1,0,35101
102,0,4.067,1,0,35101
105,0,4.0441,1,0,35101
96,0,4.0968,1,0,35101
243,0,3.6578,1,0,35101
240,0,3.6558,1,0,35101
198,0,3.6912,1,0,35101
201,0,3.763,1,0,35101
153,0,3.9015,1,0,35101
237,0,3.7217,1,0,35101
123,0,3.9606,1,0,35101
129,0,4.0374,1,0,35101
126,0,4.0269,1,0,35101
126,0,3.9189,1,0,35101
204,0,3.762,1,0,35101
210,0,3.7716,1,0,35101
216,0,3.7229,1,0,35101
198,0,3.7664,1,0,35101
204,0,3.7584,1,0,35101
210,0,3.7358,1,0,35101
216,0,3.7618,1,0,35101
204,0,3.7607,1,0,35101
198,0,3.7949,1,0,35101
204,0,3.7406,1,0,35101
210,0,3.763,1,0,35101
216,0,3.7324,1,0,35101
198,0,3.7717,1,0,35101
204,0,3.7442,1,0,35101
210,0,3.7431,1,0,35101
216,0,3.7128,1,0,35101
198,0,3.739,1,0,35101
195,0,3.757,1,0,35101
273,0,3.6444,1,0,35101
273,0,3.578,1,0,35101
270,0,3.6796,1,0,35101
270,0,3.6456,1,0,35101
252,0,3.5776,1,0,35101
126,0,4.026,1,0,35101
246,0,3.6386,1,0,35101
252,0,3.6664,1,0,35101
258,0,3.6329,1,0,35101
93,0,4.1265,1,0,35101
123,0,3.9843,1,0,35101
120,0,3.9787,1,0,35101
270,0,3.6007,1,0,35101
267,0,3.664,1,0,35101
225,0,3.7358,1,0,35101
228,0,3.7183,1,0,35101
252,0,3.695,1,0,35101
255,0,3.7477,1,0,35101
144,0,3.9765,1,0,35101
189,0,3.7949,1,0,35101
186,0,3.7994,1,0,35101
186,0,3.7819,1,0,35101
192,0,3.7876,1,0,35101
195,0,3.7604,1,0,35101
189,0,3.7799,1,0,35101
189,0,3.7826,1,0,35101
192,0,3.7649,1,0,35101
195,0,3.7554,1,0,35101
333,0,3.5926,1,0,35101
333,0,3.5641,1,0,35101
330,0,3.6003,1,0,35101
330,0,3.5299,1,0,35101
240,0,3.6616,1,0,35101
264,0,3.6749,1,0,35101
186,0,3.8061,1,0,35101
189,0,3.7923,1,0,35101
192,0,3.7825,1,0,35101
183,0,3.7985,1,0,35101
330,0,3.5676,1,0,35101
327,0,3.5424,1,0,35101
285,0,3.5978,1,0,35101
288,0,3.6545,1,0,35101
240,0,3.7127,1,0,35101
324,0,3.6125,1,0,35101
210,0,3.7514,1,0,35101
216,0,3.728,1,0,35101
213,0,3.7319,1,0,35101
213,0,3.7205,1,0,35101
291,0,3.6236,1,0,35101
297,0,3.6346,1,0,35101
303,0,3.6289,1,0,35101
285,0,3.6179,1,0,35101
291,0,3.6404,1,0,35101
297,0,3.638,1,0,35101
303,0,3.6309,1,0,35101
291,0,3.6157,1,0,35101
285,0,3.6152,1,0,35101
291,0,3.5887,1,0,35101
297,0,3.595,1,0,35101
303,0,3.5599,1,0,35101
285,0,3.6235,1,0,35101
291,0,3.6029,1,0,35101
297,0,3.5942,1,0,35101
303,0,3.5588,1,0,35101
285,0,3.5924,1,0,35101
282,0,3.5832,1,0,35101
360,0,3.5521,1,0,35101
360,0,3.5285,1,0,35101
357,0,3.5487,1,0,35101
357,0,3.5394,1,0,35101
339,0,3.5128,1,0,35101
213,0,3.7286,1,0,35101
333,0,3.5622,1,0,35101
339,0,3.5477,1,0,35101
345,0,3.5991,1,0,35101
180,0,3.7912,1,0,35101
210,0,3.762,1,0,35101
207,0,3.7671,1,0,35101
357,0,3.5343,1,0,35101
354,0,3.5219,1,0,35101
312,0,3.5988,1,0,35101
315,0,3.6028,1,0,35101
339,0,3.6019,1,0,35101
342,0,3.6231,1,0,35101
231,0,3.7095,1,0,35101
180,0,3.8499,1,0,35101
177,0,3.8422,1,0,35101
177,0,3.8388,1,0,35101
183,0,3.8136,1,0,35101
186,0,3.8426,1,0,35101
180,0,3.8407,1,0,35101
180,0,3.8348,1,0,35101
183,0,3.8265,1,0,35101
186,0,3.8232,1,0,35101
324,0,3.6452,1,0,35101
324,0,3.645,1,0,35101
321,0,3.6675,1,0,35101
321,0,3.6509,1,0,35101
231,0,3.7626,1,0,35101
255,0,3.7769,1,0,35101
177,0,3.8459,1,0,35101
180,0,3.8515,1,0,35101
183,0,3.8352,1,0,35101
174,0,3.8482,1,0,35101
321,0,3.6479,1,0,35101
318,0,3.6655,1,0,35101
276,0,3.6836,1,0,35101
279,0,3.7174,1,0,35101
231,0,3.7986,1,0,35101
315,0,3.626,1,0,35101
201,0,3.8416,1,0,35101
207,0,3.8344,1,0,35101
204,0,3.8571,1,0,35101
204,0,3.8399,1,0,35101
282,0,3.7386,1,0,35101
288,0,3.6954,1,0,35101
294,0,3.7341,1,0,35101
276,0,3.7455,1,0,35101
282,0,3.7302,1,0,35101
288,0,3.7008,1,0,35101
294,0,3.7239,1,0,35101
282,0,3.6997,1,0,35101
276,0,3.7284,1,0,35101
282,0,3.703,1,0,35101
288,0,3.6943,1,0,35101
294,0,3.6966,1,0,35101
276,0,3.6685,1,0,35101
282,0,3.723,1,0,35101
288,0,3.724,1,0,35101
294,0,3.7075,1,0,35101
276,0,3.6653,1,0,35101
273,0,3.732,1,0,35101
351,0,3.638,1,0,35101
351,0,3.6432,1,0,35101
348,0,3.6453,1,0,35101
348,0,3.6718,1,0,35101
330,0,3.6165,1,0,35101
255,0,3.7657,1,0,35101
204,0,3.8441,1,0,35101
324,0,3.623,1,0,35101
330,0,3.5955,1,0,35101
336,0,3.6455,1,0,35101
171,0,3.8591,1,0,35101
201,0,3.8484,1,0,35101
198,0,3.8409,1,0,35101
348,0,3.6454,1,0,35101
345,0,3.6535,1,0,35101
303,0,3.6727,1,0,35101
306,0,3.7045,1,0,35101
330,0,3.6771,1,0,35101
333,0,3.6661,1,0,35101
222,0,3.7824,1,0,35101
114,0,4.05,1,0,35101
111,0,4.0681,1,0,35101
111,0,4.0725,1,0,35101
117,0,4.0592,1,0,35101
120,0,4.0334,1,0,35101
114,0,4.0406,1,0,35101
114,0,4.0605,1,0,35101
117,0,4.0509,1,0,35101
120,0,4.036,1,0,35101
258,0,3.6612,1,0,35101
258,0,3.6737,1,0,35101
255,0,3.654,1,0,35101
255,0,3.6664,1,0,35101
165,0,3.814,1,0,35101
189,0,3.8378,1,0,35101
111,0,4.0958,1,0,35101
114,0,4.0552,1,0,35101
117,0,4.0666,1,0,35101
108,0,4.1,1,0,35101
255,0,3.7218,1,0,35101
252,0,3.6837,1,0,35101
210,0,3.7591,1,0,35101
213,0,3.7315,1,0,35101
165,0,3.8997,1,0,35101
249,0,3.7214,1,0,35101
135,0,4.0033,1,0,35101
138,0,3.9437,1,0,35101
135,0,3.9987,1,0,35101
135,0,3.9528,1,0,35101
213,0,3.7292,1,0,35101
219,0,3.734,1,0,35101
225,0,3.7617,1,0,35101
207,0,3.7533,1,0,35101
213,0,3.8134,1,0,35101
219,0,3.7598,1,0,35101
225,0,3.7344,1,0,35101
213,0,3.7059,1,0,35101
207,0,3.7846,1,0,35101
213,0,3.7527,1,0,35101
219,0,3.7225,1,0,35101
225,0,3.6975,1,0,35101
207,0,3.7309,1,0,35101
213,0,3.7759,1,0,35101
219,0,3.7464,1,0,35101
225,0,3.6561,1,0,35101
207,0,3.7239,1,0,35101
204,0,3.719,1,0,35101
282,0,3.6498,1,0,35101
282,0,3.6587,1,0,35101
279,0,3.6415,1,0,35101
279,0,3.6214,1,0,35101
261,0,3.5842,1,0,35101
186,0,3.8271,1,0,35101
135,0,3.9958,1,0,35101
255,0,3.7085,1,0,35101
261,0,3.6557,1,0,35101
267,0,3.6373,1,0,35101
102,0,4.0934,1,0,35101
132,0,4.029,1,0,35101
129,0,4.0114,1,0,35101
279,0,3.6542,1,0,35101
276,0,3.6815,1,0,35101
234,0,3.7084,1,0,35101
237,0,3.6902,1,0,35101
261,0,3.6875,1,0,35101
264,0,3.6828,1,0,35101
153,0,3.8721,1,0,35101
219,0,3.8168,1,0,35101
216,0,3.8198,1,0,35101
216,0,3.7928,1,0,35101
222,0,3.8165,1,0,35101
225,0,3.8143,1,0,35101
219,0,3.8172,1,0,35101
219,0,3.8025,1,0,35101
222,0,3.7962,1,0,35101
225,0,3.79,1,0,35101
363,0,3.6132,1,0,35101
363,0,3.5769,1,0,35101
360,0,3.6175,1,0,35101
360,0,3.6057,1,0,35101
270,0,3.7034,1,0,35101
294,0,3.7009,1,0,35101
216,0,3.8346,1,0,35101
219,0,3.8279,1,0,35101
222,0,3.822,1,0,35101
213,0,3.8425,1,0,35101
360,0,3.6035,1,0,35101
357,0,3.6145,1,0,35101
315,0,3.6584,1,0,35101
318,0,3.6786,1,0,35101
270,0,3.7504,1,0,35101
354,0,3.6203,1,0,35101
240,0,3.7706,1,0,35101
243,0,3.7951,1,0,35101
240,0,3.7871,1,0,35101
240,0,3.7499,1,0,35101
318,0,3.6834,1,0,35101
324,0,3.6625,1,0,35101
330,0,3.6543,1,0,35101
312,0,3.6588,1,0,35101
318,0,3.6589,1,0,35101
324,0,3.6581,1,0,35101
330,0,3.6497,1,0,35101
318,0,3.6293,1,0,35101
312,0,3.6661,1,0,35101
318,0,3.6156,1,0,35101
324,0,3.6402,1,0,35101
330,0,3.6329,1,0,35101
312,0,3.6419,1,0,35101
318,0,3.6468,1,0,35101
324,0,3.6204,1,0,35101
330,0,3.6157,1,0,35101
312,0,3.6304,1,0,35101
309,0,3.6711,1,0,35101
387,0,3.6064,1,0,35101
387,0,3.5684,1,0,35101
384,0,3.5765,1,0,35101
384,0,3.5855,1,0,35101
366,0,3.5545,1,0,35101
291,0,3.6849,1,0,35101
240,0,3.7802,1,0,35101
360,0,3.5825,1,0,35101
366,0,3.5663,1,0,35101
372,0,3.5932,1,0,35101
207,0,3.8311,1,0,35101
237,0,3.7777,1,0,35101
234,0,3.785,1,0,35101
384,0,3.5844,1,0,35101
381,0,3.5785,1,0,35101
339,0,3.605,1,0,35101
342,0,3.6443,1,0,35101
366,0,3.6118,1,0,35101
369,0,3.6315,1,0,35101
258,0,3.7286,1,0,35101
510,0,3.4782,1,0,35101
507,0,3.4696,1,0,35101
507,0,3.4727,1,0,35101
513,0,3.4755,1,0,35101
516,0,3.477,1,0,35101
510,0,3.4687,1,0,35101
510,0,3.4727,1,0,35101
513,0,3.4751,1,0,35101
516,0,3.466,1,0,35101
654,0,3.4262,1,0,35101
654,0,3.4247,1,0,35101
651,0,3.4139,1,0,35101
651,0,3.4186,1,0,35101
561,0,3.4389,1,0,35101
585,0,3.4362,1,0,35101
507,0,3.479,1,0,35101
510,0,3.4808,1,0,35101
513,0,3.4788,1,0,35101
504,0,3.4843,1,0,35101
651,0,3.4323,1,0,35101
648,0,3.4231,1,0,35101
606,0,3.4461,1,0,35101
609,0,3.4573,1,0,35101
561,0,3.4648,1,0,35101
645,0,3.4496,1,0,35101
531,0,3.4663,1,0,35101
534,0,3.4685,1,0,35101
531,0,3.4635,1,0,35101
531,0,3.4568,1,0,35101
609,0,3.4121,1,0,35101
615,0,3.4162,1,0,35101
621,0,3.4192,1,0,35101
603,0,3.4051,1,0,35101
609,0,3.4201,1,0,35101
615,0,3.4174,1,0,35101
621,0,3.4245,1,0,35101
609,0,3.3938,1,0,35101
603,0,3.4257,1,0,35101
609,0,3.4097,1,0,35101
615,0,3.4076,1,0,35101
621,0,3.3926,1,0,35101
603,0,3.4243,1,0,35101
609,0,3.418,1,0,35101
615,0,3.4119,1,0,35101
621,0,3.4113,1,0,35101
603,0,3.3846,1,0,35101
600,0,3.3969,1,0,35101
678,0,3.4303,1,0,35101
678,0,3.4013,1,0,35101
675,0,3.4241,1,0,35101
675,0,3.3997,1,0,35101
657,0,3.3634,1,0,35101
582,0,3.4306,1,0,35101
531,0,3.47,1,0,35101
651,0,3.4153,1,0,35101
657,0,3.3989,1,0,35101
663,0,3.4107,1,0,35101
498,0,3.4657,1,0,35101
528,0,3.4712,1,0,35101
525,0,3.4589,1,0,35101
675,0,3.427,1,0,35101
672,0,3.4093,1,0,35101
630,0,3.4334,1,0,35101
633,0,3.4097,1,0,35101
657,0,3.4179,1,0,35101
660,0,3.4531,1,0,35101
549,0,3.4599,1,0,35101
132,0,3.9528,1,0,35101
129,0,3.962,1,0,35101
129,0,3.9523,1,0,35101
135,0,3.9401,1,0,35101
138,0,3.9251,1,0,35101
132,0,3.9423,1,0,35101
132,0,3.9426,1,0,35101
135,0,3.9295,1,0,35101
138,0,3.9142,1,0,35101
276,0,3.6441,1,0,35101
276,0,3.6394,1,0,35101
273,0,3.6487,1,0,35101
273,0,3.6179,1,0,35101
183,0,3.7611,1,0,35101
207,0,3.7491,1,0,35101
129,0,3.9728,1,0,35101
132,0,3.9596,1,0,35101
135,0,3.9441,1,0,35101
126,0,3.9824,1,0,35101
273,0,3.6292,1,0,35101
270,0,3.6312,1,0,35101
228,0,3.7232,1,0,35101
231,0,3.6964,1,0,35101
183,0,3.8403,1,0,35101
267,0,3.6747,1,0,35101
153,0,3.8894,1,0,35101
294,0,3.7128,1,0,35101
291,0,3.7084,1,0,35101
291,0,3.7098,1,0,35101
297,0,3.7068,1,0,35101
300,0,3.7083,1,0,35101
294,0,3.6986,1,0,35101
294,0,3.7024,1,0,35101
297,0,3.7004,1,0,35101
300,0,3.6923,1,0,35101
438,0,3.5365,1,0,35101
438,0,3.5454,1,0,35101
435,0,3.566,1,0,35101
435,0,3.551,1,0,35101
345,0,3.6315,1,0,35101
369,0,3.6351,1,0,35101
291,0,3.7054,1,0,35101
294,0,3.716,1,0,35101
297,0,3.7171,1,0,35101
288,0,3.729,1,0,35101
435,0,3.5545,1,0,35101
432,0,3.5487,1,0,35101
390,0,3.5869,1,0,35101
393,0,3.5865,1,0,35101
345,0,3.6677,1,0,35101
429,0,3.5634,1,0,35101
315,0,3.6705,1,0,35101
156,0,3.8428,1,0,35101
153,0,3.8577,1,0,35101
153,0,3.912,1,0,35101
231,0,3.723,1,0,35101
237,0,3.7057,1,0,35101
243,0,3.7015,1,0,35101
225,0,3.6941,1,0,35101
231,0,3.7046,1,0,35101
237,0,3.6976,1,0,35101
243,0,3.7269,1,0,35101
231,0,3.6692,1,0,35101
225,0,3.6759,1,0,35101
231,0,3.6283,1,0,35101
237,0,3.6607,1,0,35101
243,0,3.6525,1,0,35101
225,0,3.6803,1,0,35101
231,0,3.6814,1,0,35101
237,0,3.684,1,0,35101
243,0,3.6534,1,0,35101
225,0,3.6148,1,0,35101
222,0,3.6338,1,0,35101
300,0,3.5585,1,0,35101
300,0,3.579,1,0,35101
297,0,3.5612,1,0,35101
297,0,3.6027,1,0,35101
279,0,3.5366,1,0,35101
204,0,3.7447,1,0,35101
153,0,3.8847,1,0,35101
273,0,3.6273,1,0,35101
279,0,3.5959,1,0,35101
285,0,3.6209,1,0,35101
120,0,3.9728,1,0,35101
150,0,3.899,1,0,35101
147,0,3.8783,1,0,35101
297,0,3.6184,1,0,35101
294,0,3.6053,1,0,35101
252,0,3.676,1,0,35101
255,0,3.6807,1,0,35101
279,0,3.6342,1,0,35101
282,0,3.66,1,0,35101
171,0,3.7767,1,0,35101
318,0,3.6748,1,0,35101
315,0,3.6517,1,0,35101
315,0,3.6789,1,0,35101
393,0,3.5915,1,0,35101
399,0,3.5994,1,0,35101
405,0,3.5755,1,0,35101
387,0,3.5614,1,0,35101
393,0,3.6135,1,0,35101
399,0,3.5906,1,0,35101
405,0,3.5986,1,0,35101
393,0,3.5616,1,0,35101
387,0,3.6057,1,0,35101
393,0,3.5456,1,0,35101
399,0,3.5642,1,0,35101
405,0,3.5319,1,0,35101
387,0,3.585,1,0,35101
393,0,3.5843,1,0,35101
399,0,3.5589,1,0,35101
405,0,3.5671,1,0,35101
387,0,3.5631,1,0,35101
384,0,3.5855,1,0,35101
462,0,3.5554,1,0,35101
462,0,3.5422,1,0,35101
459,0,3.515,1,0,35101
459,0,3.5344,1,0,35101
441,0,3.5088,1,0,35101
366,0,3.625,1,0,35101
315,0,3.6848,1,0,35101
435,0,3.5202,1,0,35101
441,0,3.5447,1,0,35101
447,0,3.5449,1,0,35101
282,0,3.7096,1,0,35101
312,0,3.6938,1,0,35101
309,0,3.6671,1,0,35101
459,0,3.5193,1,0,35101
456,0,3.5195,1,0,35101
414,0,3.5697,1,0,35101
417,0,3.543,1,0,35101
441,0,3.5724,1,0,35101
444,0,3.5764,1,0,35101
333,0,3.636,1,0,35101
321,0,3.6953,1,0,35101
318,0,3.7074,1,0,35101
318,0,3.6919,1,0,35101
324,0,3.6942,1,0,35101
327,0,3.6904,1,0,35101
321,0,3.6964,1,0,35101
321,0,3.6922,1,0,35101
324,0,3.6909,1,0,35101
327,0,3.6861,1,0,35101
465,0,3.571,1,0,35101
465,0,3.583,1,0,35101
462,0,3.5944,1,0,35101
462,0,3.5639,1,0,35101
372,0,3.6442,1,0,35101
396,0,3.6511,1,0,35101
318,0,3.7086,1,0,35101
321,0,3.706,1,0,35101
324,0,3.6903,1,0,35101
315,0,3.7058,1,0,35101
462,0,3.5681,1,0,35101
459,0,3.5737,1,0,35101
417,0,3.6121,1,0,35101
420,0,3.617,1,0,35101
372,0,3.6823,1,0,35101
456,0,3.5895,1,0,35101
342,0,3.6709,1,0,35101
351,0,3.6895,1,0,35101
348,0,3.6883,1,0,35101
348,0,3.6723,1,0,35101
426,0,3.6232,1,0,35101
432,0,3.6242,1,0,35101
438,0,3.6192,1,0,35101
420,0,3.6314,1,0,35101
426,0,3.6369,1,0,35101
432,0,3.6262,1,0,35101
438,0,3.6297,1,0,35101
426,0,3.6013,1,0,35101
420,0,3.6212,1,0,35101
426,0,3.5835,1,0,35101
432,0,3.6174,1,0,35101
438,0,3.6016,1,0,35101
420,0,3.6389,1,0,35101
426,0,3.6154,1,0,35101
432,0,3.6104,1,0,35101
438,0,3.6073,1,0,35101
420,0,3.6226,1,0,35101
417,0,3.617,1,0,35101
495,0,3.5766,1,0,35101
495,0,3.5712,1,0,35101
492,0,3.5729,1,0,35101
492,0,3.5754,1,0,35101
474,0,3.5591,1,0,35101
399,0,3.6449,1,0,35101
348,0,3.6999,1,0,35101
468,0,3.5918,1,0,35101
474,0,3.5828,1,0,35101
480,0,3.5821,1,0,35101
315,0,3.719,1,0,35101
345,0,3.6849,1,0,35101
342,0,3.7012,1,0,35101
492,0,3.5742,1,0,35101
489,0,3.5822,1,0,35101
447,0,3.5987,1,0,35101
450,0,3.6036,1,0,35101
474,0,3.617,1,0,35101
477,0,3.6049,1,0,35101
366,0,3.6679,1,0,35101
378,0,3.4328,1,0,35101
375,0,3.4066,1,0,35101
375,0,3.3981,1,0,35101
381,0,3.4235,1,0,35101
384,0,3.4335,1,0,35101
378,0,3.4035,1,0,35101
378,0,3.4191,1,0,35101
381,0,3.417,1,0,35101
384,0,3.4334,1,0,35101
522,0,3.3831,1,0,35101
522,0,3.3803,1,0,35101
519,0,3.4306,1,0,35101
519,0,3.3619,1,0,35101
429,0,3.3676,1,0,35101
453,0,3.4031,1,0,35101
375,0,3.4045,1,0,35101
378,0,3.4244,1,0,35101
381,0,3.4188,1,0,35101
372,0,3.3887,1,0,35101
519,0,3.363,1,0,35101
516,0,3.3802,1,0,35101
474,0,3.4266,1,0,35101
477,0,3.4185,1,0,35101
429,0,3.456,1,0,35101
513,0,3.4068,1,0,35101
399,0,3.4079,1,0,35101
402,0,3.4197,1,0,35101
399,0,3.4285,1,0,35101
399,0,3.377,1,0,35101
477,0,3.414,1,0,35101
483,0,3.4098,1,0,35101
489,0,3.3955,1,0,35101
471,0,3.4013,1,0,35101
477,0,3.3912,1,0,35101
483,0,3.4123,1,0,35101
489,0,3.4335,1,0,35101
477,0,3.3633,1,0,35101
471,0,3.4131,1,0,35101
477,0,3.3924,1,0,35101
483,0,3.3923,1,0,35101
489,0,3.3715,1,0,35101
471,0,3.3776,1,0,35101
477,0,3.3514,1,0,35101
483,0,3.4097,1,0,35101
489,0,3.3964,1,0,35101
471,0,3.3893,1,0,35101
468,0,3.3996,1,0,35101
546,0,3.3623,1,0,35101
546,0,3.3786,1,0,35101
543,0,3.3992,1,0,35101
543,0,3.3832,1,0,35101
525,0,3.3453,1,0,35101
450,0,3.3825,1,0,35101
399,0,3.4348,1,0,35101
519,0,3.388,1,0,35101
525,0,3.4063,1,0,35101
531,0,3.4077,1,0,35101
366,0,3.4008,1,0,35101
396,0,3.3885,1,0,35101
393,0,3.4032,1,0,35101
543,0,3.4049,1,0,35101
540,0,3.394,1,0,35101
498,0,3.3862,1,0,35101
501,0,3.4241,1,0,35101
525,0,3.4279,1,0,35101
528,0,3.4056,1,0,35101
417,0,3.3606,1,0,35101
156,0,3.9349,1,0,35101
153,0,3.9393,1,0,35101
153,0,3.8982,1,0,35101
159,0,3.9209,1,0,35101
162,0,3.9153,1,0,35101
156,0,3.9085,1,0,35101
156,0,3.9291,1,0,35101
159,0,3.9076,1,0,35101
162,0,3.894,1,0,35101
300,0,3.662,1,0,35101
300,0,3.6191,1,0,35101
297,0,3.6276,1,0,35101
297,0,3.645,1,0,35101
207,0,3.7601,1,0,35101
231,0,3.7167,1,0,35101
153,0,3.9616,1,0,35101
156,0,3.9378,1,0,35101
159,0,3.9267,1,0,35101
150,0,3.9264,1,0,35101
297,0,3.691,1,0,35101
294,0,3.6519,1,0,35101
252,0,3.7429,1,0,35101
255,0,3.7331,1,0,35101
207,0,3.8284,1,0,35101
291,0,3.6604,1,0,35101
177,0,3.9106,1,0,35101
180,0,3.8485,1,0,35101
177,0,3.8678,1,0,35101
177,0,3.8349,1,0,35101
255,0,3.6803,1,0,35101
261,0,3.694,1,0,35101
267,0,3.7132,1,0,35101
249,0,3.6712,1,0,35101
255,0,3.7016,1,0,35101
261,0,3.6779,1,0,35101
267,0,3.6934,1,0,35101
255,0,3.7075,1,0,35101
249,0,3.6852,1,0,35101
255,0,3.6422,1,0,35101
261,0,3.6515,1,0,35101
267,0,3.6504,1,0,35101
249,0,3.6485,1,0,35101
255,0,3.6721,1,0,35101
261,0,3.7067,1,0,35101
267,0,3.6142,1,0,35101
249,0,3.6702,1,0,35101
246,0,3.6802,1,0,35101
324,0,3.6027,1,0,35101
324,0,3.6127,1,0,35101
321,0,3.6075,1,0,35101
321,0,3.659,1,0,35101
303,0,3.5547,1,0,35101
228,0,3.7176,1,0,35101
177,0,3.8449,1,0,35101
297,0,3.5694,1,0,35101
303,0,3.5909,1,0,35101
309,0,3.6062,1,0,35101
144,0,3.9175,1,0,35101
174,0,3.8611,1,0,35101
171,0,3.8787,1,0,35101
321,0,3.6076,1,0,35101
318,0,3.6016,1,0,35101
276,0,3.682,1,0,35101
279,0,3.6857,1,0,35101
303,0,3.6574,1,0,35101
306,0,3.6692,1,0,35101
195,0,3.7829,1,0,35101
399,0,3.4767,1,0,35101
396,0,3.4887,1,0,35101
396,0,3.4825,1,0,35101
402,0,3.4865,1,0,35101
405,0,3.4825,1,0,35101
399,0,3.4889,1,0,35101
399,0,3.4961,1,0,35101
402,0,3.4738,1,0,35101
405,0,3.4831,1,0,35101
543,0,3.4459,1,0,35101
543,0,3.4292,1,0,35101
540,0,3.4152,1,0,35101
540,0,3.425,1,0,35101
450,0,3.4426,1,0,35101
474,0,3.4665,1,0,35101
396,0,3.4814,1,0,35101
399,0,3.4811,1,0,35101
402,0,3.4645,1,0,35101
393,0,3.4794,1,0,35101
540,0,3.4414,1,0,35101
537,0,3.4596,1,0,35101
495,0,3.4629,1,0,35101
498,0,3.4755,1,0,35101
450,0,3.505,1,0,35101
534,0,3.4446,1,0,35101
420,0,3.4998,1,0,35101
423,0,3.5016,1,0,35101
420,0,3.4891,1,0,35101
420,0,3.4858,1,0,35101
498,0,3.4499,1,0,35101
504,0,3.4633,1,0,35101
510,0,3.4755,1,0,35101
492,0,3.4678,1,0,35101
498,0,3.4678,1,0,35101
504,0,3.4354,1,0,35101
510,0,3.4641,1,0,35101
498,0,3.4326,1,0,35101
492,0,3.4519,1,0,35101
498,0,3.4495,1,0,35101
504,0,3.4197,1,0,35101
510,0,3.4525,1,0,35101
492,0,3.4444,1,0,35101
498,0,3.4119,1,0,35101
504,0,3.4497,1,0,35101
510,0,3.4291,1,0,35101
492,0,3.4221,1,0,35101
489,0,3.4462,1,0,35101
567,0,3.4233,1,0,35101
567,0,3.4106,1,0,35101
564,0,3.4451,1,0,35101
564,0,3.4288,1,0,35101
546,0,3.3917,1,0,35101
471,0,3.4413,1,0,35101
420,0,3.4576,1,0,35101
540,0,3.3922,1,0,35101
546,0,3.4395,1,0,35101
552,0,3.3974,1,0,35101
387,0,3.4955,1,0,35101
417,0,3.4805,1,0,35101
414,0,3.4658,1,0,35101
564,0,3.4206,1,0,35101
561,0,3.4476,1,0,35101
519,0,3.4408,1,0,35101
522,0,3.4708,1,0,35101
546,0,3.4796,1,0,35101
549,0,3.4472,1,0,35101
438,0,3.4884,1,0,35101
285,0,3.7223,1,0,35101
282,0,3.7238,1,0,35101
282,0,3.7214,1,0,35101
288,0,3.7215,1,0,35101
291,0,3.7162,1,0,35101
285,0,3.7219,1,0,35101
285,0,3.7207,1,0,35101
288,0,3.7165,1,0,35101
291,0,3.7085,1,0,35101
429,0,3.6074,1,0,35101
429,0,3.6172,1,0,35101
426,0,3.6115,1,0,35101
426,0,3.6067,1,0,35101
336,0,3.6765,1,0,35101
360,0,3.6907,1,0,35101
282,0,3.7296,1,0,35101
285,0,3.7268,1,0,35101
288,0,3.7217,1,0,35101
279,0,3.7307,1,0,35101
426,0,3.5976,1,0,35101
423,0,3.6275,1,0,35101
381,0,3.6622,1,0,35101
384,0,3.6518,1,0,35101
336,0,3.7014,1,0,35101
420,0,3.6298,1,0,35101
306,0,3.7293,1,0,35101
309,0,3.7197,1,0,35101
306,0,3.7215,1,0,35101
306,0,3.7159,1,0,35101
384,0,3.6521,1,0,35101
390,0,3.6568,1,0,35101
396,0,3.6743,1,0,35101
378,0,3.6603,1,0,35101
384,0,3.6695,1,0,35101
390,0,3.6618,1,0,35101
396,0,3.6458,1,0,35101
384,0,3.664,1,0,35101
378,0,3.6938,1,0,35101
384,0,3.6209,1,0,35101
390,0,3.6089,1,0,35101
396,0,3.6283,1,0,35101
378,0,3.6573,1,0,35101
384,0,3.6396,1,0,35101
390,0,3.6333,1,0,35101
396,0,3.6178,1,0,35101
378,0,3.6286,1,0,35101
375,0,3.6426,1,0,35101
453,0,3.5918,1,0,35101
453,0,3.5864,1,0,35101
450,0,3.5744,1,0,35101
450,0,3.5901,1,0,35101
432,0,3.5794,1,0,35101
357,0,3.6819,1,0,35101
306,0,3.7295,1,0,35101
426,0,3.5958,1,0,35101
432,0,3.5968,1,0,35101
438,0,3.5836,1,0,35101
273,0,3.725,1,0,35101
303,0,3.7346,1,0,35101
300,0,3.7112,1,0,35101
450,0,3.6236,1,0,35101
447,0,3.6026,1,0,35101
405,0,3.6136,1,0,35101
408,0,3.6119,1,0,35101
432,0,3.6271,1,0,35101
435,0,3.6318,1,0,35101
324,0,3.6932,1,0,35101
432,0,3.4236,1,0,35101
429,0,3.4137,1,0,35101
429,0,3.4209,1,0,35101
435,0,3.4149,1,0,35101
438,0,3.418,1,0,35101
432,0,3.4138,1,0,35101
432,0,3.4194,1,0,35101
435,0,3.4127,1,0,35101
438,0,3.4083,1,0,35101
576,0,3.375,1,0,35101
576,0,3.3792,1,0,35101
573,0,3.3552,1,0,35101
573,0,3.3595,1,0,35101
483,0,3.3894,1,0,35101
507,0,3.3718,1,0,35101
429,0,3.4145,1,0,35101
432,0,3.4272,1,0,35101
435,0,3.4387,1,0,35101
426,0,3.3959,1,0,35101
573,0,3.3736,1,0,35101
570,0,3.36,1,0,35101
528,0,3.4112,1,0,35101
531,0,3.3901,1,0,35101
483,0,3.4206,1,0,35101
567,0,3.4073,1,0,35101
453,0,3.4195,1,0,35101
456,0,3.403,1,0,35101
453,0,3.4045,1,0,35101
453,0,3.4153,1,0,35101
531,0,3.3773,1,0,35101
537,0,3.3903,1,0,35101
543,0,3.3868,1,0,35101
525,0,3.3757,1,0,35101
531,0,3.3667,1,0,35101
537,0,3.3978,1,0,35101
543,0,3.3733,1,0,35101
531,0,3.3453,1,0,35101
525,0,3.3794,1,0,35101
531,0,3.3898,1,0,35101
537,0,3.3677,1,0,35101
543,0,3.3206,1,0,35101
525,0,3.3656,1,0,35101
531,0,3.3535,1,0,35101
537,0,3.3549,1,0,35101
543,0,3.345,1,0,35101
525,0,3.3622,1,0,35101
522,0,3.3668,1,0,35101
600,0,3.3711,1,0,35101
600,0,3.3498,1,0,35101
597,0,3.3764,1,0,35101
597,0,3.3552,1,0,35101
579,0,3.3254,1,0,35101
504,0,3.3659,1,0,35101
453,0,3.4256,1,0,35101
573,0,3.3576,1,0,35101
579,0,3.3799,1,0,35101
585,0,3.3546,1,0,35101
420,0,3.4118,1,0,35101
450,0,3.4258,1,0,35101
447,0,3.425,1,0,35101
597,0,3.3709,1,0,35101
594,0,3.3637,1,0,35101
552,0,3.4157,1,0,35101
555,0,3.405,1,0,35101
579,0,3.3897,1,0,35101
582,0,3.3887,1,0,35101
471,0,3.397,1,0,35101
378,0,3.5627,1,0,35101
375,0,3.5795,1,0,35101
375,0,3.5789,1,0,35101
381,0,3.5791,1,0,35101
384,0,3.5461,1,0,35101
378,0,3.5759,1,0,35101
378,0,3.5662,1,0,35101
381,0,3.5566,1,0,35101
384,0,3.5597,1,0,35101
522,0,3.4802,1,0,35101
522,0,3.496,1,0,35101
519,0,3.4749,1,0,35101
519,0,3.5071,1,0,35101
429,0,3.5156,1,0,35101
453,0,3.4841,1,0,35101
375,0,3.5802,1,0,35101
378,0,3.575,1,0,35101
381,0,3.5862,1,0,35101
372,0,3.5861,1,0,35101
519,0,3.4708,1,0,35101
516,0,3.457,1,0,35101
474,0,3.5069,1,0,35101
477,0,3.5371,1,0,35101
429,0,3.5711,1,0,35101
513,0,3.4996,1,0,35101
399,0,3.5456,1,0,35101
402,0,3.5489,1,0,35101
399,0,3.5594,1,0,35101
399,0,3.5694,1,0,35101
477,0,3.4929,1,0,35101
483,0,3.5029,1,0,35101
489,0,3.5147,1,0,35101
471,0,3.4986,1,0,35101
477,0,3.4917,1,0,35101
483,0,3.5207,1,0,35101
489,0,3.4962,1,0,35101
477,0,3.508,1,0,35101
471,0,3.4785,1,0,35101
477,0,3.4703,1,0,35101
483,0,3.5005,1,0,35101
489,0,3.4871,1,0,35101
471,0,3.4706,1,0,35101
477,0,3.5098,1,0,35101
483,0,3.4877,1,0,35101
489,0,3.5178,1,0,35101
471,0,3.4718,1,0,35101
468,0,3.5074,1,0,35101
546,0,3.4793,1,0,35101
546,0,3.4495,1,0,35101
543,0,3.4536,1,0,35101
543,0,3.5018,1,0,35101
525,0,3.4154,1,0,35101
450,0,3.4785,1,0,35101
399,0,3.562,1,0,35101
519,0,3.5011,1,0,35101
525,0,3.4818,1,0,35101
531,0,3.5018,1,0,35101
366,0,3.5758,1,0,35101
396,0,3.5714,1,0,35101
393,0,3.5709,1,0,35101
543,0,3.483,1,0,35101
540,0,3.4923,1,0,35101
498,0,3.512,1,0,35101
501,0,3.5322,1,0,35101
525,0,3.512,1,0,35101
528,0,3.5357,1,0,35101
417,0,3.5295,1,0,35101
255,0,3.7806,1,0,35101
252,0,3.7862,1,0,35101
252,0,3.7821,1,0,35101
258,0,3.7762,1,0,35101
261,0,3.7701,1,0,35101
255,0,3.7758,1,0,35101
255,0,3.7772,1,0,35101
258,0,3.7737,1,0,35101
261,0,3.7667,1,0,35101
399,0,3.6563,1,0,35101
399,0,3.6508,1,0,35101
396,0,3.6558,1,0,35101
396,0,3.6311,1,0,35101
306,0,3.7248,1,0,35101
330,0,3.7266,1,0,35101
252,0,3.784,1,0,35101
255,0,3.7737,1,0,35101
258,0,3.7782,1,0,35101
249,0,3.7964,1,0,35101
396,0,3.656,1,0,35101
393,0,3.6621,1,0,35101
351,0,3.702,1,0,35101
354,0,3.6831,1,0,35101
306,0,3.7477,1,0,35101
390,0,3.6519,1,0,35101
276,0,3.7695,1,0,35101
279,0,3.7575,1,0,35101
276,0,3.755,1,0,35101
276,0,3.7643,1,0,35101
354,0,3.6748,1,0,35101
360,0,3.6601,1,0,35101
366,0,3.6604,1,0,35101
348,0,3.7136,1,0,35101
354,0,3.7025,1,0,35101
360,0,3.6778,1,0,35101
366,0,3.6662,1,0,35101
354,0,3.6643,1,0,35101
348,0,3.7296,1,0,35101
354,0,3.671,1,0,35101
360,0,3.6627,1,0,35101
366,0,3.6298,1,0,35101
348,0,3.66,1,0,35101
354,0,3.6632,1,0,35101
360,0,3.6701,1,0,35101
366,0,3.6652,1,0,35101
348,0,3.6888,1,0,35101
345,0,3.6867,1,0,35101
423,0,3.647,1,0,35101
423,0,3.6084,1,0,35101
420,0,3.6648,1,0,35101
420,0,3.6164,1,0,35101
402,0,3.6025,1,0,35101
327,0,3.7129,1,0,35101
276,0,3.7906,1,0,35101
396,0,3.6268,1,0,35101
402,0,3.6168,1,0,35101
408,0,3.5971,1,0,35101
243,0,3.7673,1,0,35101
273,0,3.7785,1,0,35101
270,0,3.7481,1,0,35101
420,0,3.5973,1,0,35101
417,0,3.6161,1,0,35101
375,0,3.6504,1,0,35101
378,0,3.6614,1,0,35101
402,0,3.6475,1,0,35101
405,0,3.6672,1,0,35101
294,0,3.7518,1,0,35101
354,0,3.6873,1,0,35101
351,0,3.6901,1,0,35101
351,0,3.6925,1,0,35101
357,0,3.6846,1,0,35101
360,0,3.6834,1,0,35101
354,0,3.6817,1,0,35101
354,0,3.6841,1,0,35101
357,0,3.6791,1,0,35101
360,0,3.6774,1,0,35101
498,0,3.609,1,0,35101
498,0,3.621,1,0,35101
495,0,3.6262,1,0,35101
495,0,3.6138,1,0,35101
405,0,3.6596,1,0,35101
429,0,3.6785,1,0,35101
351,0,3.695,1,0,35101
354,0,3.6894,1,0,35101
357,0,3.6881,1,0,35101
348,0,3.6979,1,0,35101
495,0,3.6045,1,0,35101
492,0,3.6184,1,0,35101
450,0,3.6442,1,0,35101
453,0,3.649,1,0,35101
405,0,3.6736,1,0,35101
489,0,3.6377,1,0,35101
375,0,3.6974,1,0,35101
378,0,3.6935,1,0,35101
375,0,3.6789,1,0,35101
375,0,3.6819,1,0,35101
453,0,3.6364,1,0,35101
459,0,3.6619,1,0,35101
465,0,3.6222,1,0,35101
447,0,3.6385,1,0,35101
453,0,3.6453,1,0,35101
459,0,3.6495,1,0,35101
465,0,3.6153,1,0,35101
453,0,3.6388,1,0,35101
447,0,3.6423,1,0,35101
453,0,3.6523,1,0,35101
459,0,3.6255,1,0,35101
465,0,3.6058,1,0,35101
447,0,3.6307,1,0,35101
453,0,3.6066,1,0,35101
459,0,3.6087,1,0,35101
465,0,3.6298,1,0,35101
447,0,3.6445,1,0,35101
444,0,3.6588,1,0,35101
522,0,3.6172,1,0,35101
522,0,3.6092,1,0,35101
519,0,3.6134,1,0,35101
519,0,3.6144,1,0,35101
501,0,3.5814,1,0,35101
426,0,3.6598,1,0,35101
375,0,3.6942,1,0,35101
495,0,3.5994,1,0,35101
501,0,3.6142,1,0,35101
507,0,3.6139,1,0,35101
342,0,3.6831,1,0,35101
372,0,3.7094,1,0,35101
369,0,3.6693,1,0,35101
519,0,3.6073,1,0,35101
516,0,3.6054,1,0,35101
474,0,3.6365,1,0,35101
477,0,3.6355,1,0,35101
501,0,3.6163,1,0,35101
504,0,3.6117,1,0,35101
393,0,3.6992,1,0,35101
255,0,3.6716,1,0,35101
252,0,3.6844,1,0,35101
252,0,3.6645,1,0,35101
330,0,3.5771,1,0,35101
336,0,3.5766,1,0,35101
342,0,3.5637,1,0,35101
324,0,3.5937,1,0,35101
330,0,3.5682,1,0,35101
336,0,3.5926,1,0,35101
342,0,3.5581,1,0,35101
330,0,3.5436,1,0,35101
324,0,3.6095,1,0,35101
330,0,3.54,1,0,35101
336,0,3.51,1,0,35101
342,0,3.5382,1,0,35101
324,0,3.5464,1,0,35101
330,0,3.5131,1,0,35101
336,0,3.5319,1,0,35101
342,0,3.5448,1,0,35101
324,0,3.5625,1,0,35101
321,0,3.5675,1,0,35101
354,0,3.5576,1,0,35101
354,0,3.5748,1,0,35101
351,0,3.5451,1,0,35101
351,0,3.5479,1,0,35101
402,0,3.5532,1,0,35101
450,0,3.5131,1,0,35101
396,0,3.5247,1,0,35101
444,0,3.5118,1,0,35101
396,0,3.5414,1,0,35101
390,0,3.556,1,0,35101
396,0,3.5411,1,0,35101
399,0,3.5295,1,0,35101
399,0,3.5062,1,0,35101
396,0,3.4961,1,0,35101
396,0,3.5088,1,0,35101
378,0,3.4812,1,0,35101
303,0,3.6014,1,0,35101
252,0,3.6903,1,0,35101
372,0,3.5219,1,0,35101
378,0,3.4873,1,0,35101
384,0,3.5139,1,0,35101
219,0,3.7228,1,0,35101
249,0,3.6699,1,0,35101
246,0,3.6871,1,0,35101
351,0,3.5718,1,0,35101
348,0,3.5747,1,0,35101
396,0,3.5029,1,0,35101
393,0,3.5375,1,0,35101
351,0,3.5501,1,0,35101
354,0,3.5657,1,0,35101
378,0,3.5715,1,0,35101
381,0,3.5521,1,0,35101
252,0,3.6549,1,0,35101
249,0,3.6868,1,0,35101
249,0,3.675,1,0,35101
327,0,3.5838,1,0,35101
333,0,3.5471,1,0,35101
339,0,3.5766,1,0,35101
321,0,3.5568,1,0,35101
327,0,3.5795,1,0,35101
333,0,3.5645,1,0,35101
339,0,3.5543,1,0,35101
327,0,3.5902,1,0,35101
321,0,3.5454,1,0,35101
327,0,3.5677,1,0,35101
333,0,3.5228,1,0,35101
339,0,3.5325,1,0,35101
321,0,3.5404,1,0,35101
327,0,3.5583,1,0,35101
333,0,3.5452,1,0,35101
339,0,3.5265,1,0,35101
321,0,3.5297,1,0,35101
318,0,3.55,1,0,35101
351,0,3.5632,1,0,35101
351,0,3.5547,1,0,35101
348,0,3.5629,1,0,35101
348,0,3.5364,1,0,35101
399,0,3.5171,1,0,35101
447,0,3.5299,1,0,35101
393,0,3.5329,1,0,35101
441,0,3.5394,1,0,35101
393,0,3.5708,1,0,35101
387,0,3.5174,1,0,35101
393,0,3.5709,1,0,35101
396,0,3.5128,1,0,35101
396,0,3.525,1,0,35101
393,0,3.4968,1,0,35101
393,0,3.4906,1,0,35101
300,0,3.5943,1,0,35101
249,0,3.6814,1,0,35101
369,0,3.5129,1,0,35101
375,0,3.534,1,0,35101
381,0,3.5257,1,0,35101
216,0,3.7281,1,0,35101
246,0,3.7121,1,0,35101
243,0,3.6758,1,0,35101
348,0,3.6001,1,0,35101
345,0,3.5155,1,0,35101
393,0,3.5038,1,0,35101
390,0,3.5661,1,0,35101
348,0,3.5672,1,0,35101
351,0,3.5682,1,0,35101
129,0,3.971,1,0,35101
126,0,3.9593,1,0,35101
126,0,3.9832,1,0,35101
204,0,3.679,1,0,35101
210,0,3.6851,1,0,35101
216,0,3.6943,1,0,35101
198,0,3.7372,1,0,35101
204,0,3.7259,1,0,35101
210,0,3.7061,1,0,35101
216,0,3.6404,1,0,35101
204,0,3.6801,1,0,35101
198,0,3.7483,1,0,35101
204,0,3.6432,1,0,35101
210,0,3.6706,1,0,35101
216,0,3.6739,1,0,35101
198,0,3.7007,1,0,35101
204,0,3.6968,1,0,35101
210,0,3.6819,1,0,35101
216,0,3.6399,1,0,35101
198,0,3.7007,1,0,35101
195,0,3.686,1,0,35101
228,0,3.72,1,0,35101
228,0,3.7162,1,0,35101
225,0,3.7133,1,0,35101
225,0,3.7111,1,0,35101
276,0,3.6778,1,0,35101
324,0,3.5963,1,0,35101
270,0,3.6263,1,0,35101
318,0,3.6285,1,0,35101
270,0,3.6766,1,0,35101
264,0,3.6861,1,0,35101
270,0,3.6548,1,0,35101
273,0,3.6146,1,0,35101
273,0,3.594,1,0,35101
270,0,3.6613,1,0,35101
270,0,3.6076,1,0,35101
252,0,3.5436,1,0,35101
177,0,3.7669,1,0,35101
126,0,4.0153,1,0,35101
246,0,3.6619,1,0,35101
252,0,3.6155,1,0,35101
258,0,3.6089,1,0,35101
93,0,4.1445,1,0,35101
123,0,4.005,1,0,35101
120,0,3.9582,1,0,35101
225,0,3.731,1,0,35101
222,0,3.7572,1,0,35101
270,0,3.6292,1,0,35101
267,0,3.6786,1,0,35101
225,0,3.7175,1,0,35101
228,0,3.706,1,0,35101
252,0,3.6663,1,0,35101
255,0,3.7015,1,0,35101
126,0,3.8832,1,0,35101
123,0,3.9131,1,0,35101
123,0,3.9196,1,0,35101
201,0,3.6649,1,0,35101
207,0,3.6911,1,0,35101
213,0,3.7015,1,0,35101
195,0,3.687,1,0,35101
201,0,3.7323,1,0,35101
207,0,3.7173,1,0,35101
213,0,3.6212,1,0,35101
201,0,3.6861,1,0,35101
195,0,3.6792,1,0,35101
201,0,3.6346,1,0,35101
207,0,3.6308,1,0,35101
213,0,3.641,1,0,35101
195,0,3.6105,1,0,35101
201,0,3.6526,1,0,35101
207,0,3.6728,1,0,35101
213,0,3.6797,1,0,35101
195,0,3.6334,1,0,35101
192,0,3.6777,1,0,35101
225,0,3.6244,1,0,35101
225,0,3.6664,1,0,35101
222,0,3.6902,1,0,35101
222,0,3.6185,1,0,35101
273,0,3.6032,1,0,35101
321,0,3.5929,1,0,35101
267,0,3.6122,1,0,35101
315,0,3.5708,1,0,35101
267,0,3.6337,1,0,35101
261,0,3.6098,1,0,35101
267,0,3.5931,1,0,35101
270,0,3.6004,1,0,35101
270,0,3.6216,1,0,35101
267,0,3.6249,1,0,35101
267,0,3.5698,1,0,35101
174,0,3.7481,1,0,35101
123,0,3.9549,1,0,35101
243,0,3.6036,1,0,35101
249,0,3.6013,1,0,35101
255,0,3.5542,1,0,35101
90,0,4.061,1,0,35101
120,0,3.9151,1,0,35101
117,0,3.8843,1,0,35101
222,0,3.6267,1,0,35101
219,0,3.6861,1,0,35101
267,0,3.533,1,0,35101
264,0,3.6151,1,0,35101
222,0,3.6211,1,0,35101
225,0,3.6695,1,0,35101
102,0,4.0666,1,0,35101
99,0,4.079,1,0,35101
99,0,4.072,1,0,35101
105,0,4.0559,1,0,35101
108,0,4.0328,1,0,35101
102,0,4.0568,1,0,35101
102,0,4.0464,1,0,35101
105,0,4.0354,1,0,35101
108,0,4.0181,1,0,35101
201,0,3.7081,1,0,35101
201,0,3.6801,1,0,35101
198,0,3.6909,1,0,35101
198,0,3.7091,1,0,35101
267,0,3.6447,1,0,35101
315,0,3.6298,1,0,35101
264,0,3.6691,1,0,35101
312,0,3.5941,1,0,35101
264,0,3.6362,1,0,35101
261,0,3.6649,1,0,35101
264,0,3.6875,1,0,35101
246,0,3.6004,1,0,35101
246,0,3.6442,1,0,35101
243,0,3.6343,1,0,35101
243,0,3.6444,1,0,35101
99,0,4.0953,1,0,35101
102,0,4.0838,1,0,35101
105,0,4.0322,1,0,35101
96,0,4.121,1,0,35101
198,0,3.6871,1,0,35101
195,0,3.7415,1,0,35101
243,0,3.6449,1,0,35101
240,0,3.6751,1,0,35101
198,0,3.7183,1,0,35101
201,0,3.7501,1,0,35101
99,0,3.9976,1,0,35101
96,0,4.0012,1,0,35101
96,0,3.9569,1,0,35101
102,0,3.9782,1,0,35101
105,0,3.926,1,0,35101
99,0,3.9784,1,0,35101
99,0,3.9795,1,0,35101
102,0,3.9533,1,0,35101
105,0,3.9363,1,0,35101
198,0,3.6368,1,0,35101
198,0,3.6803,1,0,35101
195,0,3.669,1,0,35101
195,0,3.6647,1,0,35101
264,0,3.649,1,0,35101
312,0,3.5665,1,0,35101
261,0,3.5992,1,0,35101
309,0,3.5976,1,0,35101
261,0,3.6351,1,0,35101
258,0,3.6271,1,0,35101
261,0,3.6165,1,0,35101
243,0,3.623,1,0,35101
243,0,3.578,1,0,35101
240,0,3.6128,1,0,35101
240,0,3.5886,1,0,35101
96,0,4.0268,1,0,35101
99,0,3.9996,1,0,35101
102,0,3.9753,1,0,35101
93,0,4.0312,1,0,35101
195,0,3.66,1,0,35101
192,0,3.6858,1,0,35101
240,0,3.6082,1,0,35101
237,0,3.5904,1,0,35101
195,0,3.6917,1,0,35101
198,0,3.6894,1,0,35101
228,0,3.7265,1,0,35101
225,0,3.7405,1,0,35101
225,0,3.7373,1,0,35101
231,0,3.729,1,0,35101
234,0,3.7261,1,0,35101
228,0,3.7322,1,0,35101
228,0,3.7203,1,0,35101
231,0,3.7263,1,0,35101
234,0,3.7171,1,0,35101
327,0,3.5717,1,0,35101
327,0,3.6112,1,0,35101
324,0,3.5865,1,0,35101
324,0,3.5659,1,0,35101
393,0,3.56,1,0,35101
441,0,3.5385,1,0,35101
390,0,3.5234,1,0,35101
438,0,3.5069,1,0,35101
390,0,3.5495,1,0,35101
387,0,3.5473,1,0,35101
390,0,3.5607,1,0,35101
372,0,3.5289,1,0,35101
372,0,3.5242,1,0,35101
369,0,3.5088,1,0,35101
369,0,3.513,1,0,35101
225,0,3.7353,1,0,35101
228,0,3.7382,1,0,35101
231,0,3.7226,1,0,35101
222,0,3.7307,1,0,35101
324,0,3.5789,1,0,35101
321,0,3.6012,1,0,35101
369,0,3.5493,1,0,35101
366,0,3.548,1,0,35101
324,0,3.5793,1,0,35101
327,0,3.5837,1,0,35101
225,0,3.6649,1,0,35101
222,0,3.6693,1,0,35101
222,0,3.6548,1,0,35101
228,0,3.6625,1,0,35101
231,0,3.6496,1,0,35101
225,0,3.6405,1,0,35101
225,0,3.6478,1,0,35101
228,0,3.6556,1,0,35101
231,0,3.6395,1,0,35101
324,0,3.5699,1,0,35101
324,0,3.5132,1,0,35101
321,0,3.5569,1,0,35101
321,0,3.5469,1,0,35101
390,0,3.5291,1,0,35101
438,0,3.4689,1,0,35101
387,0,3.5048,1,0,35101
435,0,3.5047,1,0,35101
387,0,3.5414,1,0,35101
384,0,3.4876,1,0,35101
387,0,3.538,1,0,35101
369,0,3.5077,1,0,35101
369,0,3.4764,1,0,35101
366,0,3.5084,1,0,35101
366,0,3.4805,1,0,35101
222,0,3.6727,1,0,35101
225,0,3.668,1,0,35101
228,0,3.6666,1,0,35101
219,0,3.6653,1,0,35101
321,0,3.5691,1,0,35101
318,0,3.5539,1,0,35101
366,0,3.5196,1,0,35101
363,0,3.5385,1,0,35101
321,0,3.533,1,0,35101
324,0,3.5308,1,0,35101
348,0,3.665,1,0,35101
345,0,3.665,1,0,35101
345,0,3.6391,1,0,35101
330,0,3.6795,1,0,35101
336,0,3.6688,1,0,35101
342,0,3.6866,1,0,35101
324,0,3.7061,1,0,35101
330,0,3.6677,1,0,35101
336,0,3.6709,1,0,35101
342,0,3.6564,1,0,35101
330,0,3.6757,1,0,35101
324,0,3.71,1,0,35101
330,0,3.6387,1,0,35101
336,0,3.6559,1,0,35101
342,0,3.6468,1,0,35101
324,0,3.6662,1,0,35101
330,0,3.651,1,0,35101
336,0,3.645,1,0,35101
342,0,3.6514,1,0,35101
324,0,3.6447,1,0,35101
321,0,3.6961,1,0,35101
447,0,3.5766,1,0,35101
447,0,3.573,1,0,35101
444,0,3.605,1,0,35101
444,0,3.5699,1,0,35101
495,0,3.5916,1,0,35101
543,0,3.5365,1,0,35101
489,0,3.5639,1,0,35101
537,0,3.555,1,0,35101
489,0,3.5689,1,0,35101
483,0,3.5501,1,0,35101
489,0,3.5574,1,0,35101
492,0,3.5495,1,0,35101
492,0,3.5513,1,0,35101
489,0,3.5486,1,0,35101
489,0,3.5599,1,0,35101
378,0,3.5848,1,0,35101
396,0,3.607,1,0,35101
345,0,3.6638,1,0,35101
372,0,3.553,1,0,35101
378,0,3.5659,1,0,35101
384,0,3.577,1,0,35101
312,0,3.6755,1,0,35101
342,0,3.6507,1,0,35101
339,0,3.6429,1,0,35101
444,0,3.5988,1,0,35101
441,0,3.5725,1,0,35101
489,0,3.5766,1,0,35101
486,0,3.5354,1,0,35101
444,0,3.5966,1,0,35101
447,0,3.584,1,0,35101
378,0,3.627,1,0,35101
474,0,3.5883,1,0,35101
687,0,3.4219,1,0,35101
684,0,3.3912,1,0,35101
684,0,3.3892,1,0,35101
711,0,3.4204,1,0,35101
717,0,3.3795,1,0,35101
723,0,3.4312,1,0,35101
705,0,3.43,1,0,35101
711,0,3.4071,1,0,35101
717,0,3.4332,1,0,35101
723,0,3.4278,1,0,35101
711,0,3.4122,1,0,35101
705,0,3.3983,1,0,35101
711,0,3.4165,1,0,35101
717,0,3.3774,1,0,35101
723,0,3.4052,1,0,35101
705,0,3.3999,1,0,35101
711,0,3.3673,1,0,35101
717,0,3.3745,1,0,35101
723,0,3.3797,1,0,35101
705,0,3.3943,1,0,35101
702,0,3.3979,1,0,35101
786,0,3.3859,1,0,35101
786,0,3.3719,1,0,35101
783,0,3.3887,1,0,35101
783,0,3.3913,1,0,35101
834,0,3.406,1,0,35101
882,0,3.3811,1,0,35101
828,0,3.4001,1,0,35101
876,0,3.391,1,0,35101
828,0,3.4138,1,0,35101
822,0,3.4023,1,0,35101
828,0,3.409,1,0,35101
831,0,3.3733,1,0,35101
831,0,3.368,1,0,35101
828,0,3.3877,1,0,35101
828,0,3.3807,1,0,35101
759,0,3.3765,1,0,35101
735,0,3.3855,1,0,35101
684,0,3.4204,1,0,35101
753,0,3.3951,1,0,35101
759,0,3.4006,1,0,35101
765,0,3.3883,1,0,35101
651,0,3.4099,1,0,35101
681,0,3.4027,1,0,35101
678,0,3.3828,1,0,35101
783,0,3.3807,1,0,35101
780,0,3.385,1,0,35101
828,0,3.3893,1,0,35101
825,0,3.3769,1,0,35101
783,0,3.4041,1,0,35101
786,0,3.3879,1,0,35101
759,0,3.4326,1,0,35101
813,0,3.3982,1,0,35101
345,0,3.6577,1,0,35101
342,0,3.6505,1,0,35101
342,0,3.6665,1,0,35101
327,0,3.6817,1,0,35101
333,0,3.6666,1,0,35101
339,0,3.6412,1,0,35101
321,0,3.6742,1,0,35101
327,0,3.6838,1,0,35101
333,0,3.6694,1,0,35101
339,0,3.6613,1,0,35101
327,0,3.6648,1,0,35101
321,0,3.6667,1,0,35101
327,0,3.6362,1,0,35101
333,0,3.6426,1,0,35101
339,0,3.6145,1,0,35101
321,0,3.6373,1,0,35101
327,0,3.6117,1,0,35101
333,0,3.6673,1,0,35101
339,0,3.6281,1,0,35101
321,0,3.6241,1,0,35101
318,0,3.67,1,0,35101
444,0,3.5665,1,0,35101
444,0,3.5663,1,0,35101
441,0,3.5602,1,0,35101
441,0,3.5657,1,0,35101
492,0,3.569,1,0,35101
540,0,3.543,1,0,35101
486,0,3.5303,1,0,35101
534,0,3.5356,1,0,35101
486,0,3.5612,1,0,35101
480,0,3.5722,1,0,35101
486,0,3.5559,1,0,35101
489,0,3.5553,1,0,35101
489,0,3.5165,1,0,35101
486,0,3.5323,1,0,35101
486,0,3.5425,1,0,35101
393,0,3.6167,1,0,35101
342,0,3.6624,1,0,35101
369,0,3.5936,1,0,35101
375,0,3.5441,1,0,35101
381,0,3.6013,1,0,35101
309,0,3.6907,1,0,35101
339,0,3.6557,1,0,35101
336,0,3.6458,1,0,35101
441,0,3.5667,1,0,35101
438,0,3.5861,1,0,35101
486,0,3.5633,1,0,35101
483,0,3.5695,1,0,35101
441,0,3.5903,1,0,35101
444,0,3.5813,1,0,35101
684,0,3.4015,1,0,35101
681,0,3.4125,1,0,35101
681,0,3.4123,1,0,35101
708,0,3.4019,1,0,35101
714,0,3.4107,1,0,35101
720,0,3.3901,1,0,35101
702,0,3.4045,1,0,35101
708,0,3.4198,1,0,35101
714,0,3.4064,1,0,35101
720,0,3.4213,1,0,35101
708,0,3.4094,1,0,35101
702,0,3.4198,1,0,35101
708,0,3.3974,1,0,35101
714,0,3.4028,1,0,35101
720,0,3.4013,1,0,35101
702,0,3.4003,1,0,35101
708,0,3.3879,1,0,35101
714,0,3.3807,1,0,35101
720,0,3.3978,1,0,35101
702,0,3.4047,1,0,35101
699,0,3.4145,1,0,35101
783,0,3.3851,1,0,35101
783,0,3.3816,1,0,35101
780,0,3.3851,1,0,35101
780,0,3.3735,1,0,35101
831,0,3.4104,1,0,35101
879,0,3.3896,1,0,35101
825,0,3.4115,1,0,35101
873,0,3.391,1,0,35101
825,0,3.4215,1,0,35101
819,0,3.3944,1,0,35101
825,0,3.4165,1,0,35101
828,0,3.3762,1,0,35101
828,0,3.3582,1,0,35101
825,0,3.3991,1,0,35101
825,0,3.3875,1,0,35101
732,0,3.3766,1,0,35101
681,0,3.3764,1,0,35101
750,0,3.3966,1,0,35101
756,0,3.3796,1,0,35101
762,0,3.4101,1,0,35101
648,0,3.4151,1,0,35101
678,0,3.3903,1,0,35101
675,0,3.4269,1,0,35101
780,0,3.3822,1,0,35101
777,0,3.3972,1,0,35101
825,0,3.3843,1,0,35101
822,0,3.3735,1,0,35101
780,0,3.3764,1,0,35101
783,0,3.4156,1,0,35101
321,0,3.6726,1,0,35101
318,0,3.677,1,0,35101
318,0,3.6691,1,0,35101
324,0,3.6762,1,0,35101
327,0,3.6717,1,0,35101
321,0,3.6747,1,0,35101
321,0,3.6713,1,0,35101
324,0,3.6563,1,0,35101
327,0,3.6662,1,0,35101
420,0,3.5804,1,0,35101
420,0,3.5787,1,0,35101
417,0,3.5868,1,0,35101
417,0,3.5876,1,0,35101
486,0,3.5615,1,0,35101
534,0,3.5331,1,0,35101
483,0,3.5694,1,0,35101
531,0,3.5363,1,0,35101
483,0,3.5838,1,0,35101
480,0,3.5312,1,0,35101
483,0,3.5531,1,0,35101
465,0,3.5572,1,0,35101
465,0,3.5477,1,0,35101
462,0,3.5539,1,0,35101
462,0,3.5309,1,0,35101
396,0,3.6115,1,0,35101
318,0,3.6781,1,0,35101
321,0,3.6781,1,0,35101
324,0,3.678,1,0,35101
315,0,3.6781,1,0,35101
417,0,3.5926,1,0,35101
414,0,3.5972,1,0,35101
462,0,3.5751,1,0,35101
459,0,3.5691,1,0,35101
417,0,3.5879,1,0,35101
420,0,3.5843,1,0,35101
660,0,3.4044,1,0,35101
657,0,3.4015,1,0,35101
657,0,3.3886,1,0,35101
663,0,3.3906,1,0,35101
666,0,3.4143,1,0,35101
660,0,3.4015,1,0,35101
660,0,3.4079,1,0,35101
663,0,3.3887,1,0,35101
666,0,3.3805,1,0,35101
759,0,3.3853,1,0,35101
759,0,3.3956,1,0,35101
756,0,3.3729,1,0,35101
756,0,3.3927,1,0,35101
825,0,3.3941,1,0,35101
873,0,3.3571,1,0,35101
822,0,3.4129,1,0,35101
870,0,3.3771,1,0,35101
822,0,3.4151,1,0,35101
819,0,3.413,1,0,35101
822,0,3.4132,1,0,35101
804,0,3.3861,1,0,35101
804,0,3.3727,1,0,35101
801,0,3.3649,1,0,35101
801,0,3.3477,1,0,35101
657,0,3.3813,1,0,35101
660,0,3.4161,1,0,35101
663,0,3.3795,1,0,35101
654,0,3.3891,1,0,35101
756,0,3.3932,1,0,35101
753,0,3.3807,1,0,35101
801,0,3.3623,1,0,35101
798,0,3.3836,1,0,35101
756,0,3.3996,1,0,35101
759,0,3.3925,1,0,35101
318,0,3.667,1,0,35101
315,0,3.6674,1,0,35101
315,0,3.664,1,0,35101
321,0,3.6642,1,0,35101
324,0,3.6676,1,0,35101
318,0,3.6612,1,0,35101
318,0,3.6632,1,0,35101
321,0,3.6601,1,0,35101
324,0,3.6504,1,0,35101
417,0,3.5627,1,0,35101
417,0,3.5824,1,0,35101
414,0,3.5668,1,0,35101
414,0,3.5681,1,0,35101
483,0,3.5396,1,0,35101
531,0,3.5234,1,0,35101
480,0,3.5522,1,0,35101
528,0,3.5401,1,0,35101
480,0,3.556,1,0,35101
477,0,3.5495,1,0,35101
480,0,3.5317,1,0,35101
462,0,3.549,1,0,35101
462,0,3.5408,1,0,35101
459,0,3.5334,1,0,35101
459,0,3.5337,1,0,35101
393,0,3.6088,1,0,35101
315,0,3.6732,1,0,35101
318,0,3.6714,1,0,35101
321,0,3.6697,1,0,35101
312,0,3.674,1,0,35101
414,0,3.5861,1,0,35101
411,0,3.559,1,0,35101
459,0,3.5522,1,0,35101
456,0,3.5484,1,0,35101
414,0,3.5768,1,0,35101
417,0,3.5765,1,0,35101
657,0,3.406,1,0,35101
654,0,3.3884,1,0,35101
654,0,3.4039,1,0,35101
660,0,3.3984,1,0,35101
663,0,3.3757,1,0,35101
657,0,3.3911,1,0,35101
657,0,3.3949,1,0,35101
660,0,3.4008,1,0,35101
663,0,3.4148,1,0,35101
756,0,3.382,1,0,35101
756,0,3.3729,1,0,35101
753,0,3.3567,1,0,35101
753,0,3.4036,1,0,35101
822,0,3.401,1,0,35101
870,0,3.3837,1,0,35101
819,0,3.3952,1,0,35101
867,0,3.3711,1,0,35101
819,0,3.3885,1,0,35101
816,0,3.4003,1,0,35101
819,0,3.3875,1,0,35101
801,0,3.3995,1,0,35101
801,0,3.3946,1,0,35101
798,0,3.3757,1,0,35101
798,0,3.3646,1,0,35101
654,0,3.4137,1,0,35101
657,0,3.3992,1,0,35101
660,0,3.4049,1,0,35101
651,0,3.4105,1,0,35101
753,0,3.3929,1,0,35101
750,0,3.3982,1,0,35101
798,0,3.3887,1,0,35101
795,0,3.3956,1,0,35101
753,0,3.4122,1,0,35101
756,0,3.3892,1,0,35101
135,0,3.947,1,0,35101
132,0,3.9633,1,0,35101
132,0,3.9473,1,0,35101
210,0,3.7537,1,0,35101
216,0,3.6715,1,0,35101
222,0,3.6606,1,0,35101
204,0,3.6941,1,0,35101
210,0,3.7243,1,0,35101
216,0,3.6647,1,0,35101
222,0,3.6957,1,0,35101
210,0,3.6768,1,0,35101
204,0,3.7505,1,0,35101
210,0,3.6655,1,0,35101
216,0,3.6267,1,0,35101
222,0,3.6273,1,0,35101
204,0,3.6698,1,0,35101
210,0,3.6696,1,0,35101
216,0,3.6966,1,0,35101
222,0,3.6198,1,0,35101
204,0,3.6765,1,0,35101
201,0,3.6323,1,0,35101
234,0,3.6597,1,0,35101
234,0,3.7296,1,0,35101
231,0,3.7029,1,0,35101
231,0,3.6743,1,0,35101
282,0,3.6404,1,0,35101
330,0,3.6127,1,0,35101
276,0,3.6464,1,0,35101
324,0,3.6055,1,0,35101
276,0,3.6526,1,0,35101
270,0,3.6525,1,0,35101
276,0,3.6067,1,0,35101
279,0,3.6347,1,0,35101
279,0,3.5761,1,0,35101
276,0,3.6244,1,0,35101
276,0,3.592,1,0,35101
183,0,3.7768,1,0,35101
132,0,3.9629,1,0,35101
252,0,3.6543,1,0,35101
258,0,3.6396,1,0,35101
264,0,3.5715,1,0,35101
99,0,4.0954,1,0,35101
129,0,3.9394,1,0,35101
126,0,3.9421,1,0,35101
231,0,3.6454,1,0,35101
228,0,3.7341,1,0,35101
276,0,3.6278,1,0,35101
273,0,3.6372,1,0,35101
231,0,3.6387,1,0,35101
234,0,3.6927,1,0,35101
108,0,4.0164,1,0,35101
105,0,4.0421,1,0,35101
105,0,4.0174,1,0,35101
111,0,3.9956,1,0,35101
114,0,3.9724,1,0,35101
108,0,4.0119,1,0,35101
108,0,4.0109,1,0,35101
111,0,3.9813,1,0,35101
114,0,3.9631,1,0,35101
207,0,3.6893,1,0,35101
207,0,3.6915,1,0,35101
204,0,3.7274,1,0,35101
204,0,3.6785,1,0,35101
273,0,3.5869,1,0,35101
321,0,3.5862,1,0,35101
270,0,3.622,1,0,35101
318,0,3.5953,1,0,35101
270,0,3.6506,1,0,35101
267,0,3.6644,1,0,35101
270,0,3.6243,1,0,35101
252,0,3.6211,1,0,35101
252,0,3.6102,1,0,35101
249,0,3.6762,1,0,35101
249,0,3.6388,1,0,35101
105,0,4.0331,1,0,35101
108,0,4.0308,1,0,35101
111,0,3.9956,1,0,35101
102,0,4.0625,1,0,35101
204,0,3.6821,1,0,35101
201,0,3.6681,1,0,35101
249,0,3.6119,1,0,35101
246,0,3.6088,1,0,35101
204,0,3.6651,1,0,35101
207,0,3.7332,1,0,35101
261,0,3.6823,1,0,35101
258,0,3.6885,1,0,35101
258,0,3.6793,1,0,35101
336,0,3.5961,1,0,35101
342,0,3.5807,1,0,35101
348,0,3.5941,1,0,35101
330,0,3.601,1,0,35101
336,0,3.6027,1,0,35101
342,0,3.5675,1,0,35101
348,0,3.5595,1,0,35101
336,0,3.6122,1,0,35101
330,0,3.6032,1,0,35101
336,0,3.5296,1,0,35101
342,0,3.5638,1,0,35101
348,0,3.5374,1,0,35101
330,0,3.5822,1,0,35101
336,0,3.5902,1,0,35101
342,0,3.5724,1,0,35101
348,0,3.5562,1,0,35101
330,0,3.5853,1,0,35101
327,0,3.5519,1,0,35101
360,0,3.5667,1,0,35101
360,0,3.5554,1,0,35101
357,0,3.579,1,0,35101
357,0,3.5722,1,0,35101
408,0,3.5558,1,0,35101
456,0,3.5061,1,0,35101
402,0,3.5283,1,0,35101
450,0,3.526,1,0,35101
402,0,3.584,1,0,35101
396,0,3.5415,1,0,35101
402,0,3.5549,1,0,35101
405,0,3.5146,1,0,35101
405,0,3.5044,1,0,35101
402,0,3.5309,1,0,35101
402,0,3.5236,1,0,35101
309,0,3.6031,1,0,35101
258,0,3.6928,1,0,35101
378,0,3.5684,1,0,35101
384,0,3.5428,1,0,35101
390,0,3.5036,1,0,35101
225,0,3.747,1,0,35101
255,0,3.6982,1,0,35101
252,0,3.6818,1,0,35101
357,0,3.5962,1,0,35101
354,0,3.558,1,0,35101
402,0,3.5147,1,0,35101
399,0,3.5413,1,0,35101
357,0,3.5746,1,0,35101
360,0,3.5635,1,0,35101
234,0,3.6908,1,0,35101
231,0,3.6939,1,0,35101
231,0,3.6909,1,0,35101
237,0,3.6821,1,0,35101
240,0,3.6767,1,0,35101
234,0,3.6667,1,0,35101
234,0,3.687,1,0,35101
237,0,3.6827,1,0,35101
240,0,3.6749,1,0,35101
333,0,3.5548,1,0,35101
333,0,3.5611,1,0,35101
330,0,3.579,1,0,35101
330,0,3.5887,1,0,35101
399,0,3.529,1,0,35101
447,0,3.4817,1,0,35101
396,0,3.5108,1,0,35101
444,0,3.5149,1,0,35101
396,0,3.5384,1,0,35101
393,0,3.5389,1,0,35101
396,0,3.4941,1,0,35101
378,0,3.5677,1,0,35101
378,0,3.5303,1,0,35101
375,0,3.5196,1,0,35101
375,0,3.5229,1,0,35101
231,0,3.7017,1,0,35101
234,0,3.6966,1,0,35101
237,0,3.6847,1,0,35101
228,0,3.7101,1,0,35101
330,0,3.5206,1,0,35101
327,0,3.5768,1,0,35101
375,0,3.524,1,0,35101
372,0,3.5276,1,0,35101
330,0,3.5509,1,0,35101
333,0,3.5586,1,0,35101
261,0,3.6288,1,0,35101
258,0,3.6209,1,0,35101
258,0,3.6389,1,0,35101
282,0,3.6554,1,0,35101
288,0,3.6596,1,0,35101
294,0,3.6119,1,0,35101
276,0,3.62,1,0,35101
282,0,3.621,1,0,35101
288,0,3.613,1,0,35101
294,0,3.6091,1,0,35101
282,0,3.6092,1,0,35101
276,0,3.6259,1,0,35101
282,0,3.5935,1,0,35101
288,0,3.575,1,0,35101
294,0,3.5425,1,0,35101
276,0,3.5707,1,0,35101
282,0,3.5811,1,0,35101
288,0,3.575,1,0,35101
294,0,3.5557,1,0,35101
276,0,3.5541,1,0,35101
273,0,3.6355,1,0,35101
360,0,3.5246,1,0,35101
360,0,3.5243,1,0,35101
357,0,3.5133,1,0,35101
357,0,3.5091,1,0,35101
408,0,3.5174,1,0,35101
456,0,3.486,1,0,35101
402,0,3.5137,1,0,35101
450,0,3.4898,1,0,35101
402,0,3.5245,1,0,35101
396,0,3.5283,1,0,35101
402,0,3.4993,1,0,35101
405,0,3.4933,1,0,35101
405,0,3.4937,1,0,35101
402,0,3.4563,1,0,35101
402,0,3.474,1,0,35101
330,0,3.489,1,0,35101
309,0,3.5529,1,0,35101
258,0,3.647,1,0,35101
324,0,3.5604,1,0,35101
330,0,3.5287,1,0,35101
336,0,3.5413,1,0,35101
225,0,3.6574,1,0,35101
255,0,3.6288,1,0,35101
252,0,3.6204,1,0,35101
357,0,3.5242,1,0,35101
354,0,3.5521,1,0,35101
402,0,3.5159,1,0,35101
399,0,3.4579,1,0,35101
357,0,3.5322,1,0,35101
360,0,3.5543,1,0,35101
330,0,3.6076,1,0,35101
387,0,3.5652,1,0,35101
258,0,3.675,1,0,35101
255,0,3.6755,1,0,35101
255,0,3.6667,1,0,35101
279,0,3.6069,1,0,35101
285,0,3.6328,1,0,35101
291,0,3.6473,1,0,35101
273,0,3.6832,1,0,35101
279,0,3.6524,1,0,35101
285,0,3.6429,1,0,35101
291,0,3.6108,1,0,35101
279,0,3.6565,1,0,35101
273,0,3.6248,1,0,35101
279,0,3.579,1,0,35101
285,0,3.6086,1,0,35101
291,0,3.5932,1,0,35101
273,0,3.6502,1,0,35101
279,0,3.6203,1,0,35101
285,0,3.6042,1,0,35101
291,0,3.6051,1,0,35101
273,0,3.6257,1,0,35101
270,0,3.6287,1,0,35101
357,0,3.5751,1,0,35101
357,0,3.5571,1,0,35101
354,0,3.5389,1,0,35101
354,0,3.5599,1,0,35101
405,0,3.5399,1,0,35101
453,0,3.5266,1,0,35101
399,0,3.5163,1,0,35101
447,0,3.5329,1,0,35101
399,0,3.5693,1,0,35101
393,0,3.5405,1,0,35101
399,0,3.5131,1,0,35101
402,0,3.5089,1,0,35101
402,0,3.4963,1,0,35101
399,0,3.5111,1,0,35101
399,0,3.5207,1,0,35101
306,0,3.597,1,0,35101
255,0,3.679,1,0,35101
321,0,3.5558,1,0,35101
327,0,3.5503,1,0,35101
333,0,3.5443,1,0,35101
222,0,3.7121,1,0,35101
252,0,3.6813,1,0,35101
249,0,3.659,1,0,35101
354,0,3.5527,1,0,35101
351,0,3.551,1,0,35101
399,0,3.5052,1,0,35101
396,0,3.5322,1,0,35101
354,0,3.5657,1,0,35101
357,0,3.58,1,0,35101
234,0,3.6699,1,0,35101
231,0,3.687,1,0,35101
231,0,3.666,1,0,35101
237,0,3.6679,1,0,35101
240,0,3.6665,1,0,35101
234,0,3.6785,1,0,35101
234,0,3.6622,1,0,35101
237,0,3.6514,1,0,35101
240,0,3.657,1,0,35101
333,0,3.5368,1,0,35101
333,0,3.5523,1,0,35101
330,0,3.5822,1,0,35101
330,0,3.5356,1,0,35101
399,0,3.5243,1,0,35101
447,0,3.476,1,0,35101
396,0,3.5164,1,0,35101
444,0,3.4911,1,0,35101
396,0,3.5477,1,0,35101
393,0,3.5521,1,0,35101
396,0,3.5217,1,0,35101
378,0,3.4991,1,0,35101
378,0,3.5038,1,0,35101
375,0,3.521,1,0,35101
375,0,3.5001,1,0,35101
231,0,3.6829,1,0,35101
234,0,3.6725,1,0,35101
237,0,3.6715,1,0,35101
228,0,3.6833,1,0,35101
330,0,3.5533,1,0,35101
327,0,3.5691,1,0,35101
375,0,3.5065,1,0,35101
372,0,3.5065,1,0,35101
330,0,3.5849,1,0,35101
333,0,3.5809,1,0,35101
231,0,3.6394,1,0,35101
228,0,3.6337,1,0,35101
228,0,3.6308,1,0,35101
234,0,3.6371,1,0,35101
237,0,3.6345,1,0,35101
231,0,3.6288,1,0,35101
231,0,3.6239,1,0,35101
234,0,3.6269,1,0,35101
237,0,3.6202,1,0,35101
330,0,3.5178,1,0,35101
330,0,3.5138,1,0,35101
327,0,3.5164,1,0,35101
327,0,3.51,1,0,35101
396,0,3.4889,1,0,35101
444,0,3.4789,1,0,35101
393,0,3.5162,1,0,35101
441,0,3.4564,1,0,35101
393,0,3.4895,1,0,35101
390,0,3.489,1,0,35101
393,0,3.5034,1,0,35101
375,0,3.4574,1,0,35101
375,0,3.4663,1,0,35101
372,0,3.4718,1,0,35101
372,0,3.5131,1,0,35101
228,0,3.6457,1,0,35101
231,0,3.6441,1,0,35101
234,0,3.6413,1,0,35101
225,0,3.6414,1,0,35101
327,0,3.5228,1,0,35101
324,0,3.5362,1,0,35101
372,0,3.4831,1,0,35101
369,0,3.4535,1,0,35101
327,0,3.527,1,0,35101
330,0,3.5268,1,0,35101
321,0,3.6129,1,0,35101
318,0,3.6173,1,0,35101
318,0,3.6058,1,0,35101
345,0,3.6056,1,0,35101
351,0,3.567,1,0,35101
357,0,3.5725,1,0,35101
339,0,3.5858,1,0,35101
345,0,3.5972,1,0,35101
351,0,3.5851,1,0,35101
357,0,3.573,1,0,35101
345,0,3.5919,1,0,35101
339,0,3.5646,1,0,35101
345,0,3.5598,1,0,35101
351,0,3.5403,1,0,35101
357,0,3.5238,1,0,35101
339,0,3.5548,1,0,35101
345,0,3.5614,1,0,35101
351,0,3.5522,1,0,35101
357,0,3.5476,1,0,35101
339,0,3.5553,1,0,35101
336,0,3.5542,1,0,35101
420,0,3.5377,1,0,35101
420,0,3.5201,1,0,35101
417,0,3.5391,1,0,35101
417,0,3.5334,1,0,35101
552,0,3.5363,1,0,35101
597,0,3.5081,1,0,35101
543,0,3.5183,1,0,35101
594,0,3.5029,1,0,35101
543,0,3.5283,1,0,35101
543,0,3.5333,1,0,35101
465,0,3.4879,1,0,35101
465,0,3.4971,1,0,35101
462,0,3.5027,1,0,35101
462,0,3.4864,1,0,35101
393,0,3.4884,1,0,35101
369,0,3.5514,1,0,35101
318,0,3.6406,1,0,35101
387,0,3.5402,1,0,35101
393,0,3.5063,1,0,35101
399,0,3.5162,1,0,35101
285,0,3.6494,1,0,35101
315,0,3.6341,1,0,35101
312,0,3.619,1,0,35101
417,0,3.5174,1,0,35101
414,0,3.528,1,0,35101
462,0,3.524,1,0,35101
459,0,3.4937,1,0,35101
417,0,3.5416,1,0,35101
420,0,3.5314,1,0,35101
393,0,3.5582,1,0,35101
447,0,3.5435,1,0,35101
318,0,3.5487,1,0,35101
315,0,3.5847,1,0,35101
315,0,3.5519,1,0,35101
342,0,3.5446,1,0,35101
348,0,3.5248,1,0,35101
354,0,3.4888,1,0,35101
336,0,3.532,1,0,35101
342,0,3.5195,1,0,35101
348,0,3.4999,1,0,35101
354,0,3.502,1,0,35101
342,0,3.5176,1,0,35101
336,0,3.5301,1,0,35101
342,0,3.4641,1,0,35101
348,0,3.4657,1,0,35101
354,0,3.4755,1,0,35101
336,0,3.4749,1,0,35101
342,0,3.4875,1,0,35101
348,0,3.4906,1,0,35101
354,0,3.4752,1,0,35101
336,0,3.5057,1,0,35101
333,0,3.493,1,0,35101
417,0,3.4867,1,0,35101
417,0,3.4865,1,0,35101
414,0,3.4719,1,0,35101
414,0,3.4983,1,0,35101
543,0,3.4626,1,0,35101
597,0,3.4516,1,0,35101
537,0,3.4627,1,0,35101
591,0,3.4714,1,0,35101
537,0,3.4708,1,0,35101
537,0,3.4715,1,0,35101
462,0,3.4756,1,0,35101
462,0,3.4261,1,0,35101
459,0,3.4596,1,0,35101
459,0,3.4653,1,0,35101
366,0,3.5098,1,0,35101
315,0,3.5868,1,0,35101
384,0,3.4384,1,0,35101
390,0,3.4951,1,0,35101
396,0,3.4668,1,0,35101
282,0,3.5867,1,0,35101
312,0,3.5806,1,0,35101
309,0,3.5728,1,0,35101
414,0,3.4777,1,0,35101
411,0,3.4728,1,0,35101
459,0,3.4719,1,0,35101
456,0,3.4435,1,0,35101
414,0,3.4886,1,0,35101
417,0,3.4785,1,0,35101
297,0,3.6353,1,0,35101
294,0,3.6154,1,0,35101
294,0,3.626,1,0,35101
300,0,3.6314,1,0,35101
303,0,3.6135,1,0,35101
297,0,3.6254,1,0,35101
297,0,3.6242,1,0,35101
300,0,3.6171,1,0,35101
303,0,3.6228,1,0,35101
396,0,3.5504,1,0,35101
396,0,3.5167,1,0,35101
393,0,3.5507,1,0,35101
393,0,3.5264,1,0,35101
546,0,3.5084,1,0,35101
594,0,3.4941,1,0,35101
540,0,3.5071,1,0,35101
588,0,3.4984,1,0,35101
540,0,3.4888,1,0,35101
537,0,3.5162,1,0,35101
441,0,3.482,1,0,35101
441,0,3.5023,1,0,35101
438,0,3.5031,1,0,35101
438,0,3.4967,1,0,35101
372,0,3.5475,1,0,35101
294,0,3.6197,1,0,35101
297,0,3.6328,1,0,35101
300,0,3.6274,1,0,35101
291,0,3.638,1,0,35101
393,0,3.5345,1,0,35101
390,0,3.5159,1,0,35101
438,0,3.4766,1,0,35101
435,0,3.4972,1,0,35101
393,0,3.5495,1,0,35101
396,0,3.5615,1,0,35101
294,0,3.596,1,0,35101
291,0,3.5957,1,0,35101
291,0,3.5862,1,0,35101
297,0,3.5948,1,0,35101
300,0,3.5979,1,0,35101
294,0,3.5776,1,0,35101
294,0,3.5924,1,0,35101
297,0,3.5877,1,0,35101
300,0,3.5865,1,0,35101
393,0,3.4999,1,0,35101
393,0,3.5323,1,0,35101
390,0,3.5217,1,0,35101
390,0,3.5021,1,0,35101
543,0,3.4642,1,0,35101
594,0,3.4726,1,0,35101
540,0,3.502,1,0,35101
588,0,3.4833,1,0,35101
534,0,3.4744,1,0,35101
534,0,3.4877,1,0,35101
438,0,3.4817,1,0,35101
438,0,3.4686,1,0,35101
435,0,3.4806,1,0,35101
435,0,3.4753,1,0,35101
369,0,3.5196,1,0,35101
291,0,3.6043,1,0,35101
294,0,3.6043,1,0,35101
297,0,3.5922,1,0,35101
288,0,3.6037,1,0,35101
390,0,3.5142,1,0,35101
387,0,3.4946,1,0,35101
435,0,3.4929,1,0,35101
432,0,3.4869,1,0,35101
390,0,3.5137,1,0,35101
393,0,3.5064,1,0,35101
378,0,3.5459,1,0,35101
375,0,3.5776,1,0,35101
375,0,3.571,1,0,35101
402,0,3.5521,1,0,35101
408,0,3.5555,1,0,35101
414,0,3.5508,1,0,35101
396,0,3.5341,1,0,35101
402,0,3.5704,1,0,35101
408,0,3.5666,1,0,35101
414,0,3.5414,1,0,35101
402,0,3.5798,1,0,35101
396,0,3.5748,1,0,35101
402,0,3.5174,1,0,35101
408,0,3.5394,1,0,35101
414,0,3.5472,1,0,35101
396,0,3.5198,1,0,35101
402,0,3.5413,1,0,35101
408,0,3.5195,1,0,35101
414,0,3.5095,1,0,35101
396,0,3.5473,1,0,35101
393,0,3.5395,1,0,35101
477,0,3.51,1,0,35101
477,0,3.5017,1,0,35101
474,0,3.5103,1,0,35101
474,0,3.5005,1,0,35101
612,0,3.5089,1,0,35101
657,0,3.4729,1,0,35101
606,0,3.505,1,0,35101
651,0,3.5016,1,0,35101
603,0,3.5054,1,0,35101
600,0,3.5095,1,0,35101
522,0,3.4588,1,0,35101
522,0,3.4947,1,0,35101
519,0,3.4889,1,0,35101
519,0,3.47,1,0,35101
450,0,3.4773,1,0,35101
426,0,3.5139,1,0,35101
375,0,3.5782,1,0,35101
444,0,3.5139,1,0,35101
450,0,3.4773,1,0,35101
456,0,3.4872,1,0,35101
342,0,3.6003,1,0,35101
372,0,3.5724,1,0,35101
369,0,3.5419,1,0,35101
474,0,3.5019,1,0,35101
471,0,3.4933,1,0,35101
519,0,3.4786,1,0,35101
516,0,3.4686,1,0,35101
474,0,3.5334,1,0,35101
477,0,3.5065,1,0,35101
450,0,3.5341,1,0,35101
504,0,3.4997,1,0,35101
375,0,3.5555,1,0,35101
372,0,3.551,1,0,35101
372,0,3.5698,1,0,35101
399,0,3.5171,1,0,35101
405,0,3.5382,1,0,35101
411,0,3.5553,1,0,35101
393,0,3.5525,1,0,35101
399,0,3.536,1,0,35101
405,0,3.5483,1,0,35101
411,0,3.5584,1,0,35101
399,0,3.5319,1,0,35101
393,0,3.5535,1,0,35101
399,0,3.5277,1,0,35101
405,0,3.5338,1,0,35101
411,0,3.5256,1,0,35101
393,0,3.531,1,0,35101
399,0,3.5409,1,0,35101
405,0,3.522,1,0,35101
411,0,3.52,1,0,35101
393,0,3.5263,1,0,35101
390,0,3.5395,1,0,35101
474,0,3.4995,1,0,35101
474,0,3.4938,1,0,35101
471,0,3.497,1,0,35101
471,0,3.4908,1,0,35101
606,0,3.4968,1,0,35101
651,0,3.4639,1,0,35101
597,0,3.498,1,0,35101
645,0,3.4752,1,0,35101
597,0,3.4804,1,0,35101
591,0,3.4983,1,0,35101
519,0,3.4616,1,0,35101
519,0,3.4709,1,0,35101
516,0,3.4916,1,0,35101
516,0,3.4828,1,0,35101
423,0,3.5088,1,0,35101
372,0,3.5682,1,0,35101
441,0,3.4768,1,0,35101
447,0,3.4938,1,0,35101
453,0,3.4999,1,0,35101
339,0,3.5707,1,0,35101
369,0,3.5802,1,0,35101
366,0,3.5505,1,0,35101
471,0,3.5183,1,0,35101
468,0,3.5174,1,0,35101
516,0,3.4714,1,0,35101
513,0,3.4924,1,0,35101
471,0,3.5088,1,0,35101
474,0,3.5035,1,0,35101
354,0,3.6184,1,0,35101
351,0,3.603,1,0,35101
351,0,3.6077,1,0,35101
357,0,3.6094,1,0,35101
360,0,3.6025,1,0,35101
354,0,3.5961,1,0,35101
354,0,3.5998,1,0,35101
357,0,3.6031,1,0,35101
360,0,3.6003,1,0,35101
453,0,3.5452,1,0,35101
453,0,3.5143,1,0,35101
450,0,3.5393,1,0,35101
450,0,3.5485,1,0,35101
600,0,3.4943,1,0,35101
648,0,3.4978,1,0,35101
603,0,3.515,1,0,35101
645,0,3.4881,1,0,35101
597,0,3.5306,1,0,35101
591,0,3.5178,1,0,35101
498,0,3.5065,1,0,35101
498,0,3.5137,1,0,35101
495,0,3.5302,1,0,35101
495,0,3.5132,1,0,35101
429,0,3.5247,1,0,35101
351,0,3.6197,1,0,35101
354,0,3.6025,1,0,35101
357,0,3.6084,1,0,35101
348,0,3.6156,1,0,35101
450,0,3.5312,1,0,35101
447,0,3.5263,1,0,35101
495,0,3.4912,1,0,35101
492,0,3.4957,1,0,35101
450,0,3.5385,1,0,35101
453,0,3.5457,1,0,35101
351,0,3.5949,1,0,35101
348,0,3.5866,1,0,35101
348,0,3.5922,1,0,35101
354,0,3.5949,1,0,35101
357,0,3.5908,1,0,35101
351,0,3.556,1,0,35101
351,0,3.583,1,0,35101
354,0,3.5915,1,0,35101
357,0,3.573,1,0,35101
450,0,3.5128,1,0,35101
450,0,3.4843,1,0,35101
447,0,3.5284,1,0,35101
447,0,3.4881,1,0,35101
597,0,3.4999,1,0,35101
648,0,3.4711,1,0,35101
597,0,3.5239,1,0,35101
651,0,3.4765,1,0,35101
597,0,3.5151,1,0,35101
588,0,3.4998,1,0,35101
495,0,3.4823,1,0,35101
495,0,3.4736,1,0,35101
492,0,3.4846,1,0,35101
492,0,3.4668,1,0,35101
426,0,3.525,1,0,35101
348,0,3.5945,1,0,35101
351,0,3.5854,1,0,35101
354,0,3.5986,1,0,35101
345,0,3.5851,1,0,35101
447,0,3.5193,1,0,35101
444,0,3.5221,1,0,35101
492,0,3.4901,1,0,35101
489,0,3.4887,1,0,35101
447,0,3.5367,1,0,35101
450,0,3.5205,1,0,35101
165,0,3.7927,1,0,35101
162,0,3.8085,1,0,35101
162,0,3.7616,1,0,35101
240,0,3.6059,1,0,35101
246,0,3.6141,1,0,35101
252,0,3.6507,1,0,35101
234,0,3.6528,1,0,35101
240,0,3.6515,1,0,35101
246,0,3.6196,1,0,35101
252,0,3.6111,1,0,35101
240,0,3.6975,1,0,35101
234,0,3.6382,1,0,35101
240,0,3.6101,1,0,35101
246,0,3.5522,1,0,35101
252,0,3.5911,1,0,35101
234,0,3.5638,1,0,35101
240,0,3.5873,1,0,35101
246,0,3.6661,1,0,35101
252,0,3.614,1,0,35101
234,0,3.6221,1,0,35101
231,0,3.5956,1,0,35101
264,0,3.6197,1,0,35101
264,0,3.5999,1,0,35101
261,0,3.6073,1,0,35101
261,0,3.5901,1,0,35101
390,0,3.5921,1,0,35101
435,0,3.5633,1,0,35101
384,0,3.5775,1,0,35101
438,0,3.5299,1,0,35101
387,0,3.5967,1,0,35101
381,0,3.5611,1,0,35101
309,0,3.5138,1,0,35101
309,0,3.5422,1,0,35101
306,0,3.5548,1,0,35101
306,0,3.525,1,0,35101
288,0,3.4992,1,0,35101
213,0,3.6511,1,0,35101
162,0,3.8012,1,0,35101
282,0,3.5672,1,0,35101
288,0,3.5583,1,0,35101
294,0,3.5674,1,0,35101
129,0,3.8718,1,0,35101
159,0,3.782,1,0,35101
156,0,3.769,1,0,35101
261,0,3.6415,1,0,35101
258,0,3.644,1,0,35101
306,0,3.5518,1,0,35101
303,0,3.598,1,0,35101
261,0,3.6091,1,0,35101
264,0,3.6376,1,0,35101
288,0,3.5897,1,0,35101
291,0,3.6551,1,0,35101
180,0,3.7052,1,0,35101
141,0,3.8564,1,0,35101
138,0,3.864,1,0,35101
138,0,3.8525,1,0,35101
144,0,3.8455,1,0,35101
147,0,3.8324,1,0,35101
141,0,3.8465,1,0,35101
141,0,3.8446,1,0,35101
144,0,3.8335,1,0,35101
147,0,3.8202,1,0,35101
240,0,3.6711,1,0,35101
240,0,3.6664,1,0,35101
237,0,3.6331,1,0,35101
237,0,3.6469,1,0,35101
390,0,3.5989,1,0,35101
432,0,3.556,1,0,35101
378,0,3.5839,1,0,35101
432,0,3.5493,1,0,35101
390,0,3.6145,1,0,35101
378,0,3.5641,1,0,35101
285,0,3.5992,1,0,35101
285,0,3.553,1,0,35101
282,0,3.5854,1,0,35101
282,0,3.5766,1,0,35101
192,0,3.6841,1,0,35101
216,0,3.6855,1,0,35101
138,0,3.8741,1,0,35101
141,0,3.8627,1,0,35101
144,0,3.8492,1,0,35101
135,0,3.8822,1,0,35101
237,0,3.6387,1,0,35101
234,0,3.6577,1,0,35101
282,0,3.6022,1,0,35101
279,0,3.605,1,0,35101
237,0,3.6496,1,0,35101
240,0,3.6776,1,0,35101
192,0,3.7761,1,0,35101
276,0,3.6386,1,0,35101
162,0,3.8117,1,0,35101
780,0,3.2777,1,0,35101
777,0,3.2907,1,0,35101
777,0,3.2729,1,0,35101
804,0,3.2562,1,0,35101
810,0,3.2654,1,0,35101
816,0,3.2817,1,0,35101
798,0,3.2662,1,0,35101
804,0,3.2704,1,0,35101
810,0,3.2805,1,0,35101
816,0,3.2916,1,0,35101
804,0,3.2624,1,0,35101
798,0,3.2836,1,0,35101
804,0,3.287,1,0,35101
810,0,3.2832,1,0,35101
816,0,3.276,1,0,35101
798,0,3.2608,1,0,35101
804,0,3.2817,1,0,35101
810,0,3.2597,1,0,35101
816,0,3.2645,1,0,35101
798,0,3.2559,1,0,35101
795,0,3.2543,1,0,35101
879,0,3.2707,1,0,35101
879,0,3.2711,1,0,35101
876,0,3.2585,1,0,35101
876,0,3.2588,1,0,35101
1008,0,3.2943,1,0,35101
1062,0,3.3286,1,0,35101
999,0,3.3086,1,0,35101
1047,0,3.3127,1,0,35101
999,0,3.3154,1,0,35101
999,0,3.3201,1,0,35101
924,0,3.2654,1,0,35101
924,0,3.2734,1,0,35101
921,0,3.2773,1,0,35101
921,0,3.2674,1,0,35101
852,0,3.2507,1,0,35101
828,0,3.2852,1,0,35101
777,0,3.2698,1,0,35101
846,0,3.2797,1,0,35101
852,0,3.2455,1,0,35101
858,0,3.2804,1,0,35101
744,0,3.2792,1,0,35101
774,0,3.2926,1,0,35101
771,0,3.2675,1,0,35101
876,0,3.2857,1,0,35101
873,0,3.2854,1,0,35101
921,0,3.2767,1,0,35101
918,0,3.2764,1,0,35101
876,0,3.2743,1,0,35101
879,0,3.293,1,0,35101
852,0,3.303,1,0,35101
906,0,3.3165,1,0,35101
777,0,3.2732,1,0,35101
774,0,3.2701,1,0,35101
774,0,3.2673,1,0,35101
801,0,3.262,1,0,35101
807,0,3.2583,1,0,35101
813,0,3.2763,1,0,35101
795,0,3.2554,1,0,35101
801,0,3.2597,1,0,35101
807,0,3.2765,1,0,35101
813,0,3.2538,1,0,35101
801,0,3.2646,1,0,35101
795,0,3.2589,1,0,35101
801,0,3.2487,1,0,35101
807,0,3.2807,1,0,35101
813,0,3.2658,1,0,35101
795,0,3.2317,1,0,35101
801,0,3.2572,1,0,35101
807,0,3.2923,1,0,35101
813,0,3.2752,1,0,35101
795,0,3.2414,1,0,35101
792,0,3.2389,1,0,35101
876,0,3.2575,1,0,35101
876,0,3.267,1,0,35101
873,0,3.2787,1,0,35101
873,0,3.2784,1,0,35101
1005,0,3.2852,1,0,35101
1056,0,3.3104,1,0,35101
999,0,3.3062,1,0,35101
1044,0,3.3168,1,0,35101
999,0,3.3178,1,0,35101
990,0,3.315,1,0,35101
921,0,3.2579,1,0,35101
921,0,3.2532,1,0,35101
918,0,3.2675,1,0,35101
918,0,3.2756,1,0,35101
825,0,3.2783,1,0,35101
774,0,3.2681,1,0,35101
843,0,3.2333,1,0,35101
849,0,3.2644,1,0,35101
855,0,3.2491,1,0,35101
741,0,3.2553,1,0,35101
771,0,3.2775,1,0,35101
768,0,3.2683,1,0,35101
873,0,3.2683,1,0,35101
870,0,3.2707,1,0,35101
918,0,3.2565,1,0,35101
915,0,3.2549,1,0,35101
873,0,3.2591,1,0,35101
876,0,3.2617,1,0,35101
756,0,3.2911,1,0,35101
753,0,3.2763,1,0,35101
753,0,3.2823,1,0,35101
759,0,3.2743,1,0,35101
762,0,3.2778,1,0,35101
756,0,3.2899,1,0,35101
756,0,3.2844,1,0,35101
759,0,3.2777,1,0,35101
762,0,3.2807,1,0,35101
855,0,3.2752,1,0,35101
855,0,3.2825,1,0,35101
852,0,3.272,1,0,35101
852,0,3.2727,1,0,35101
999,0,3.3268,1,0,35101
1050,0,3.3135,1,0,35101
999,0,3.3282,1,0,35101
1044,0,3.3094,1,0,35101
999,0,3.3282,1,0,35101
993,0,3.3414,1,0,35101
900,0,3.262,1,0,35101
900,0,3.2677,1,0,35101
897,0,3.2781,1,0,35101
897,0,3.2634,1,0,35101
831,0,3.2983,1,0,35101
753,0,3.2958,1,0,35101
756,0,3.279,1,0,35101
759,0,3.2923,1,0,35101
750,0,3.2837,1,0,35101
852,0,3.2801,1,0,35101
849,0,3.279,1,0,35101
897,0,3.2751,1,0,35101
894,0,3.2693,1,0,35101
852,0,3.2884,1,0,35101
855,0,3.2888,1,0,35101
753,0,3.2805,1,0,35101
750,0,3.2622,1,0,35101
750,0,3.2824,1,0,35101
756,0,3.2782,1,0,35101
759,0,3.2691,1,0,35101
753,0,3.2762,1,0,35101
753,0,3.2764,1,0,35101
756,0,3.2838,1,0,35101
759,0,3.2807,1,0,35101
852,0,3.2508,1,0,35101
852,0,3.2542,1,0,35101
849,0,3.2678,1,0,35101
849,0,3.2466,1,0,35101
999,0,3.3111,1,0,35101
1047,0,3.3103,1,0,35101
999,0,3.3097,1,0,35101
1047,0,3.315,1,0,35101
996,0,3.3138,1,0,35101
993,0,3.3285,1,0,35101
897,0,3.2686,1,0,35101
897,0,3.2642,1,0,35101
894,0,3.2806,1,0,35101
894,0,3.2709,1,0,35101
828,0,3.2727,1,0,35101
750,0,3.2683,1,0,35101
753,0,3.2761,1,0,35101
756,0,3.2781,1,0,35101
747,0,3.2717,1,0,35101
849,0,3.2763,1,0,35101
846,0,3.2684,1,0,35101
894,0,3.2692,1,0,35101
891,0,3.2869,1,0,35101
849,0,3.2853,1,0,35101
852,0,3.2966,1,0,35101
420,0,3.5975,1,0,35101
417,0,3.6081,1,0,35101
417,0,3.6142,1,0,35101
426,0,3.6223,1,0,35101
432,0,3.6155,1,0,35101
438,0,3.5826,1,0,35101
420,0,3.6058,1,0,35101
426,0,3.6341,1,0,35101
432,0,3.5908,1,0,35101
438,0,3.5908,1,0,35101
426,0,3.6276,1,0,35101
420,0,3.6129,1,0,35101
426,0,3.5899,1,0,35101
432,0,3.5889,1,0,35101
438,0,3.598,1,0,35101
420,0,3.5968,1,0,35101
426,0,3.6105,1,0,35101
432,0,3.5819,1,0,35101
438,0,3.5875,1,0,35101
420,0,3.5856,1,0,35101
417,0,3.6175,1,0,35101
519,0,3.5312,1,0,35101
519,0,3.5502,1,0,35101
516,0,3.5562,1,0,35101
516,0,3.5534,1,0,35101
645,0,3.5129,1,0,35101
693,0,3.5014,1,0,35101
636,0,3.534,1,0,35101
687,0,3.5015,1,0,35101
636,0,3.5295,1,0,35101
633,0,3.5237,1,0,35101
564,0,3.528,1,0,35101
564,0,3.5213,1,0,35101
561,0,3.5288,1,0,35101
561,0,3.5263,1,0,35101
468,0,3.5755,1,0,35101
417,0,3.6235,1,0,35101
468,0,3.5331,1,0,35101
474,0,3.5462,1,0,35101
480,0,3.5484,1,0,35101
384,0,3.6365,1,0,35101
414,0,3.6286,1,0,35101
411,0,3.6078,1,0,35101
516,0,3.5453,1,0,35101
513,0,3.5389,1,0,35101
561,0,3.5213,1,0,35101
558,0,3.5305,1,0,35101
516,0,3.5405,1,0,35101
519,0,3.5653,1,0,35101
411,0,3.6057,1,0,35101
408,0,3.5969,1,0,35101
408,0,3.6131,1,0,35101
417,0,3.592,1,0,35101
423,0,3.5862,1,0,35101
429,0,3.5808,1,0,35101
411,0,3.6087,1,0,35101
417,0,3.5995,1,0,35101
423,0,3.5902,1,0,35101
429,0,3.574,1,0,35101
417,0,3.61,1,0,35101
411,0,3.6045,1,0,35101
417,0,3.5934,1,0,35101
423,0,3.5929,1,0,35101
429,0,3.5842,1,0,35101
411,0,3.6054,1,0,35101
417,0,3.5674,1,0,35101
423,0,3.5925,1,0,35101
429,0,3.5799,1,0,35101
411,0,3.6148,1,0,35101
408,0,3.599,1,0,35101
510,0,3.5531,1,0,35101
510,0,3.5588,1,0,35101
507,0,3.555,1,0,35101
507,0,3.5517,1,0,35101
639,0,3.5179,1,0,35101
681,0,3.4972,1,0,35101
630,0,3.5169,1,0,35101
678,0,3.4961,1,0,35101
630,0,3.5193,1,0,35101
618,0,3.5101,1,0,35101
555,0,3.5119,1,0,35101
555,0,3.5301,1,0,35101
552,0,3.5331,1,0,35101
552,0,3.5395,1,0,35101
459,0,3.5713,1,0,35101
408,0,3.636,1,0,35101
459,0,3.5463,1,0,35101
465,0,3.5808,1,0,35101
471,0,3.5527,1,0,35101
375,0,3.64,1,0,35101
405,0,3.6082,1,0,35101
402,0,3.6157,1,0,35101
507,0,3.558,1,0,35101
504,0,3.5529,1,0,35101
552,0,3.5337,1,0,35101
549,0,3.5221,1,0,35101
507,0,3.5605,1,0,35101
510,0,3.5437,1,0,35101
390,0,3.6345,1,0,35101
387,0,3.6438,1,0,35101
387,0,3.6415,1,0,35101
393,0,3.6475,1,0,35101
396,0,3.6372,1,0,35101
390,0,3.6284,1,0,35101
390,0,3.6414,1,0,35101
393,0,3.6336,1,0,35101
396,0,3.6244,1,0,35101
489,0,3.5708,1,0,35101
489,0,3.5823,1,0,35101
486,0,3.5834,1,0,35101
486,0,3.5846,1,0,35101
633,0,3.5362,1,0,35101
681,0,3.5194,1,0,35101
627,0,3.5339,1,0,35101
672,0,3.5092,1,0,35101
630,0,3.5149,1,0,35101
630,0,3.5304,1,0,35101
534,0,3.5566,1,0,35101
534,0,3.5387,1,0,35101
531,0,3.5521,1,0,35101
531,0,3.5544,1,0,35101
465,0,3.5923,1,0,35101
387,0,3.6467,1,0,35101
390,0,3.6393,1,0,35101
393,0,3.6209,1,0,35101
384,0,3.6611,1,0,35101
486,0,3.5639,1,0,35101
483,0,3.5757,1,0,35101
531,0,3.5494,1,0,35101
528,0,3.5665,1,0,35101
486,0,3.5761,1,0,35101
489,0,3.5685,1,0,35101
390,0,3.631,1,0,35101
387,0,3.6334,1,0,35101
387,0,3.6333,1,0,35101
393,0,3.6178,1,0,35101
396,0,3.631,1,0,35101
390,0,3.6118,1,0,35101
390,0,3.6298,1,0,35101
393,0,3.6234,1,0,35101
396,0,3.6222,1,0,35101
489,0,3.5504,1,0,35101
489,0,3.5487,1,0,35101
486,0,3.554,1,0,35101
486,0,3.5531,1,0,35101
627,0,3.51,1,0,35101
678,0,3.4996,1,0,35101
627,0,3.516,1,0,35101
678,0,3.503,1,0,35101
627,0,3.5306,1,0,35101
627,0,3.5094,1,0,35101
534,0,3.5277,1,0,35101
534,0,3.5255,1,0,35101
531,0,3.5311,1,0,35101
531,0,3.5366,1,0,35101
465,0,3.5777,1,0,35101
387,0,3.6387,1,0,35101
390,0,3.6084,1,0,35101
393,0,3.6342,1,0,35101
384,0,3.645,1,0,35101
486,0,3.5733,1,0,35101
483,0,3.5658,1,0,35101
531,0,3.5549,1,0,35101
528,0,3.53,1,0,35101
486,0,3.5632,1,0,35101
489,0,3.5543,1,0,35101
537,0,3.3585,1,0,35101
534,0,3.3321,1,0,35101
534,0,3.33,1,0,35101
561,0,3.3947,1,0,35101
567,0,3.3848,1,0,35101
573,0,3.3854,1,0,35101
555,0,3.3727,1,0,35101
561,0,3.3969,1,0,35101
567,0,3.3631,1,0,35101
573,0,3.3617,1,0,35101
561,0,3.345,1,0,35101
555,0,3.3665,1,0,35101
561,0,3.3296,1,0,35101
567,0,3.3562,1,0,35101
573,0,3.3666,1,0,35101
555,0,3.3531,1,0,35101
561,0,3.3571,1,0,35101
567,0,3.3703,1,0,35101
573,0,3.352,1,0,35101
555,0,3.3564,1,0,35101
552,0,3.3537,1,0,35101
636,0,3.3566,1,0,35101
636,0,3.3464,1,0,35101
633,0,3.3604,1,0,35101
633,0,3.3498,1,0,35101
756,0,3.3995,1,0,35101
813,0,3.391,1,0,35101
759,0,3.4027,1,0,35101
804,0,3.3856,1,0,35101
753,0,3.3817,1,0,35101
747,0,3.3607,1,0,35101
681,0,3.3481,1,0,35101
681,0,3.3493,1,0,35101
678,0,3.341,1,0,35101
678,0,3.331,1,0,35101
585,0,3.3415,1,0,35101
534,0,3.3539,1,0,35101
603,0,3.3545,1,0,35101
609,0,3.3741,1,0,35101
615,0,3.3704,1,0,35101
501,0,3.3629,1,0,35101
531,0,3.3788,1,0,35101
528,0,3.3486,1,0,35101
633,0,3.3668,1,0,35101
630,0,3.3478,1,0,35101
678,0,3.3656,1,0,35101
675,0,3.3586,1,0,35101
633,0,3.3383,1,0,35101
636,0,3.3544,1,0,35101
534,0,3.349,1,0,35101
531,0,3.3264,1,0,35101
531,0,3.3678,1,0,35101
558,0,3.3626,1,0,35101
564,0,3.3526,1,0,35101
570,0,3.3441,1,0,35101
552,0,3.3678,1,0,35101
558,0,3.3256,1,0,35101
564,0,3.359,1,0,35101
570,0,3.368,1,0,35101
558,0,3.3323,1,0,35101
552,0,3.3792,1,0,35101
558,0,3.3126,1,0,35101
564,0,3.3589,1,0,35101
570,0,3.3575,1,0,35101
552,0,3.3374,1,0,35101
558,0,3.3231,1,0,35101
564,0,3.3402,1,0,35101
570,0,3.3556,1,0,35101
552,0,3.321,1,0,35101
549,0,3.3343,1,0,35101
633,0,3.3828,1,0,35101
633,0,3.3574,1,0,35101
630,0,3.3527,1,0,35101
630,0,3.3461,1,0,35101
759,0,3.394,1,0,35101
804,0,3.3698,1,0,35101
753,0,3.3812,1,0,35101
801,0,3.3595,1,0,35101
756,0,3.3894,1,0,35101
744,0,3.3768,1,0,35101
678,0,3.3579,1,0,35101
678,0,3.3329,1,0,35101
675,0,3.332,1,0,35101
675,0,3.3381,1,0,35101
582,0,3.3206,1,0,35101
531,0,3.3431,1,0,35101
600,0,3.3362,1,0,35101
606,0,3.3585,1,0,35101
612,0,3.3566,1,0,35101
498,0,3.3227,1,0,35101
528,0,3.3457,1,0,35101
525,0,3.3365,1,0,35101
630,0,3.3476,1,0,35101
627,0,3.3449,1,0,35101
675,0,3.3655,1,0,35101
672,0,3.3249,1,0,35101
630,0,3.3602,1,0,35101
633,0,3.3419,1,0,35101
513,0,3.3701,1,0,35101
510,0,3.3434,1,0,35101
510,0,3.3701,1,0,35101
516,0,3.3713,1,0,35101
519,0,3.3798,1,0,35101
513,0,3.349,1,0,35101
513,0,3.3643,1,0,35101
516,0,3.3298,1,0,35101
519,0,3.3756,1,0,35101
612,0,3.3736,1,0,35101
612,0,3.3766,1,0,35101
609,0,3.3507,1,0,35101
609,0,3.359,1,0,35101
762,0,3.3813,1,0,35101
801,0,3.3844,1,0,35101
756,0,3.3828,1,0,35101
798,0,3.3819,1,0,35101
753,0,3.3791,1,0,35101
753,0,3.4046,1,0,35101
657,0,3.3602,1,0,35101
657,0,3.3216,1,0,35101
654,0,3.3093,1,0,35101
654,0,3.3382,1,0,35101
588,0,3.3636,1,0,35101
510,0,3.3466,1,0,35101
513,0,3.3722,1,0,35101
516,0,3.3464,1,0,35101
507,0,3.3432,1,0,35101
609,0,3.3729,1,0,35101
606,0,3.3585,1,0,35101
654,0,3.3484,1,0,35101
651,0,3.338,1,0,35101
609,0,3.3944,1,0,35101
612,0,3.3658,1,0,35101
510,0,3.372,1,0,35101
507,0,3.3665,1,0,35101
507,0,3.3551,1,0,35101
513,0,3.3725,1,0,35101
516,0,3.3502,1,0,35101
510,0,3.3598,1,0,35101
510,0,3.367,1,0,35101
513,0,3.358,1,0,35101
516,0,3.366,1,0,35101
609,0,3.3541,1,0,35101
609,0,3.3619,1,0,35101
606,0,3.3663,1,0,35101
606,0,3.3658,1,0,35101
753,0,3.3838,1,0,35101
804,0,3.3798,1,0,35101
753,0,3.3722,1,0,35101
798,0,3.3922,1,0,35101
744,0,3.4102,1,0,35101
744,0,3.3666,1,0,35101
654,0,3.3255,1,0,35101
654,0,3.3298,1,0,35101
651,0,3.3435,1,0,35101
651,0,3.3216,1,0,35101
585,0,3.3469,1,0,35101
507,0,3.3839,1,0,35101
510,0,3.3542,1,0,35101
513,0,3.3805,1,0,35101
504,0,3.3513,1,0,35101
606,0,3.3439,1,0,35101
603,0,3.3414,1,0,35101
651,0,3.3419,1,0,35101
648,0,3.3376,1,0,35101
606,0,3.371,1,0,35101
609,0,3.3626,1,0,35101
558,0,3.4109,1,0,35101
555,0,3.4166,1,0,35101
555,0,3.411,1,0,35101
582,0,3.4381,1,0,35101
588,0,3.4103,1,0,35101
594,0,3.4236,1,0,35101
576,0,3.4071,1,0,35101
582,0,3.4151,1,0,35101
588,0,3.4285,1,0,35101
594,0,3.4109,1,0,35101
582,0,3.416,1,0,35101
576,0,3.4317,1,0,35101
582,0,3.3843,1,0,35101
588,0,3.3727,1,0,35101
594,0,3.3956,1,0,35101
576,0,3.4128,1,0,35101
582,0,3.3966,1,0,35101
588,0,3.3812,1,0,35101
594,0,3.4069,1,0,35101
576,0,3.3828,1,0,35101
573,0,3.4312,1,0,35101
657,0,3.4156,1,0,35101
657,0,3.3989,1,0,35101
654,0,3.3926,1,0,35101
654,0,3.4016,1,0,35101
786,0,3.4191,1,0,35101
825,0,3.4049,1,0,35101
771,0,3.4075,1,0,35101
825,0,3.4034,1,0,35101
777,0,3.4232,1,0,35101
774,0,3.444,1,0,35101
702,0,3.4171,1,0,35101
702,0,3.3825,1,0,35101
699,0,3.3698,1,0,35101
699,0,3.3676,1,0,35101
606,0,3.3809,1,0,35101
555,0,3.4174,1,0,35101
624,0,3.4129,1,0,35101
630,0,3.3973,1,0,35101
636,0,3.3954,1,0,35101
522,0,3.4211,1,0,35101
552,0,3.4149,1,0,35101
549,0,3.4114,1,0,35101
654,0,3.3961,1,0,35101
651,0,3.4139,1,0,35101
699,0,3.3696,1,0,35101
696,0,3.3742,1,0,35101
654,0,3.3896,1,0,35101
657,0,3.3851,1,0,35101
555,0,3.401,1,0,35101
552,0,3.4097,1,0,35101
552,0,3.3875,1,0,35101
579,0,3.3861,1,0,35101
585,0,3.3848,1,0,35101
591,0,3.4206,1,0,35101
573,0,3.3978,1,0,35101
579,0,3.3825,1,0,35101
585,0,3.3819,1,0,35101
591,0,3.4199,1,0,35101
579,0,3.3928,1,0,35101
573,0,3.3926,1,0,35101
579,0,3.3699,1,0,35101
585,0,3.3622,1,0,35101
591,0,3.3801,1,0,35101
573,0,3.3814,1,0,35101
579,0,3.3894,1,0,35101
585,0,3.3921,1,0,35101
591,0,3.4036,1,0,35101
573,0,3.3687,1,0,35101
570,0,3.4017,1,0,35101
654,0,3.3803,1,0,35101
654,0,3.3697,1,0,35101
651,0,3.3749,1,0,35101
651,0,3.3479,1,0,35101
777,0,3.4246,1,0,35101
828,0,3.3925,1,0,35101
777,0,3.4053,1,0,35101
825,0,3.4057,1,0,35101
774,0,3.3943,1,0,35101
765,0,3.4091,1,0,35101
699,0,3.3324,1,0,35101
699,0,3.3551,1,0,35101
696,0,3.3434,1,0,35101
696,0,3.3539,1,0,35101
603,0,3.3666,1,0,35101
552,0,3.3922,1,0,35101
621,0,3.3597,1,0,35101
627,0,3.3825,1,0,35101
633,0,3.3654,1,0,35101
519,0,3.412,1,0,35101
549,0,3.3994,1,0,35101
546,0,3.3697,1,0,35101
651,0,3.3486,1,0,35101
648,0,3.3779,1,0,35101
696,0,3.3715,1,0,35101
693,0,3.3531,1,0,35101
651,0,3.3771,1,0,35101
654,0,3.3735,1,0,35101
534,0,3.4141,1,0,35101
531,0,3.4223,1,0,35101
531,0,3.398,1,0,35101
537,0,3.4019,1,0,35101
540,0,3.4003,1,0,35101
534,0,3.4146,1,0,35101
534,0,3.3898,1,0,35101
537,0,3.3795,1,0,35101
540,0,3.4133,1,0,35101
633,0,3.3966,1,0,35101
633,0,3.3607,1,0,35101
630,0,3.4144,1,0,35101
630,0,3.4012,1,0,35101
777,0,3.4114,1,0,35101
822,0,3.419,1,0,35101
777,0,3.4301,1,0,35101
819,0,3.41,1,0,35101
774,0,3.4177,1,0,35101
765,0,3.3987,1,0,35101
678,0,3.3657,1,0,35101
678,0,3.342,1,0,35101
675,0,3.3607,1,0,35101
675,0,3.3681,1,0,35101
609,0,3.3791,1,0,35101
531,0,3.3944,1,0,35101
534,0,3.4097,1,0,35101
537,0,3.4113,1,0,35101
528,0,3.4252,1,0,35101
630,0,3.369,1,0,35101
627,0,3.3907,1,0,35101
675,0,3.3648,1,0,35101
672,0,3.3725,1,0,35101
630,0,3.3932,1,0,35101
633,0,3.3966,1,0,35101
531,0,3.3889,1,0,35101
528,0,3.3931,1,0,35101
528,0,3.4049,1,0,35101
534,0,3.3958,1,0,35101
537,0,3.4026,1,0,35101
531,0,3.3928,1,0,35101
531,0,3.4043,1,0,35101
534,0,3.3978,1,0,35101
537,0,3.3871,1,0,35101
630,0,3.3854,1,0,35101
630,0,3.3768,1,0,35101
627,0,3.3738,1,0,35101
627,0,3.3669,1,0,35101
774,0,3.4042,1,0,35101
825,0,3.4053,1,0,35101
771,0,3.4095,1,0,35101
825,0,3.4033,1,0,35101
771,0,3.4108,1,0,35101
768,0,3.4134,1,0,35101
675,0,3.361,1,0,35101
675,0,3.3731,1,0,35101
672,0,3.3433,1,0,35101
672,0,3.3598,1,0,35101
606,0,3.3676,1,0,35101
528,0,3.3853,1,0,35101
531,0,3.4002,1,0,35101
534,0,3.3702,1,0,35101
525,0,3.3978,1,0,35101
627,0,3.3834,1,0,35101
624,0,3.3834,1,0,35101
672,0,3.3386,1,0,35101
669,0,3.3632,1,0,35101
627,0,3.3809,1,0,35101
630,0,3.3844,1,0,35101
435,0,3.6262,1,0,35101
432,0,3.6288,1,0,35101
432,0,3.6129,1,0,35101
432,0,3.6255,1,0,35101
438,0,3.6127,1,0,35101
444,0,3.6067,1,0,35101
426,0,3.6117,1,0,35101
432,0,3.6351,1,0,35101
438,0,3.6387,1,0,35101
444,0,3.6064,1,0,35101
432,0,3.6047,1,0,35101
426,0,3.6222,1,0,35101
432,0,3.5919,1,0,35101
438,0,3.5827,1,0,35101
444,0,3.586,1,0,35101
426,0,3.5984,1,0,35101
432,0,3.595,1,0,35101
438,0,3.5776,1,0,35101
444,0,3.5776,1,0,35101
426,0,3.6182,1,0,35101
423,0,3.6117,1,0,35101
534,0,3.5603,1,0,35101
534,0,3.5584,1,0,35101
531,0,3.5497,1,0,35101
531,0,3.5549,1,0,35101
606,0,3.535,1,0,35101
660,0,3.5186,1,0,35101
603,0,3.5304,1,0,35101
651,0,3.5106,1,0,35101
603,0,3.5385,1,0,35101
597,0,3.5297,1,0,35101
579,0,3.5399,1,0,35101
579,0,3.5328,1,0,35101
576,0,3.5386,1,0,35101
576,0,3.5415,1,0,35101
480,0,3.5485,1,0,35101
483,0,3.5859,1,0,35101
432,0,3.6324,1,0,35101
474,0,3.5597,1,0,35101
480,0,3.5588,1,0,35101
486,0,3.573,1,0,35101
399,0,3.6432,1,0,35101
429,0,3.6345,1,0,35101
426,0,3.6298,1,0,35101
531,0,3.5621,1,0,35101
528,0,3.564,1,0,35101
576,0,3.5347,1,0,35101
573,0,3.5376,1,0,35101
531,0,3.5788,1,0,35101
534,0,3.5584,1,0,35101
480,0,3.5947,1,0,35101
561,0,3.5617,1,0,35101
432,0,3.6088,1,0,35101
429,0,3.6304,1,0,35101
429,0,3.621,1,0,35101
429,0,3.6087,1,0,35101
435,0,3.6029,1,0,35101
441,0,3.6071,1,0,35101
423,0,3.6102,1,0,35101
429,0,3.6117,1,0,35101
435,0,3.6034,1,0,35101
441,0,3.6002,1,0,35101
429,0,3.6093,1,0,35101
423,0,3.6033,1,0,35101
429,0,3.5992,1,0,35101
435,0,3.5656,1,0,35101
441,0,3.5651,1,0,35101
423,0,3.5656,1,0,35101
429,0,3.5876,1,0,35101
435,0,3.5933,1,0,35101
441,0,3.5719,1,0,35101
423,0,3.5706,1,0,35101
420,0,3.6004,1,0,35101
531,0,3.552,1,0,35101
531,0,3.5442,1,0,35101
528,0,3.5637,1,0,35101
528,0,3.5368,1,0,35101
606,0,3.5279,1,0,35101
654,0,3.5014,1,0,35101
600,0,3.5157,1,0,35101
651,0,3.5089,1,0,35101
597,0,3.5295,1,0,35101
597,0,3.5171,1,0,35101
576,0,3.5401,1,0,35101
576,0,3.521,1,0,35101
573,0,3.5099,1,0,35101
573,0,3.5215,1,0,35101
480,0,3.5721,1,0,35101
429,0,3.6169,1,0,35101
471,0,3.5555,1,0,35101
477,0,3.5694,1,0,35101
483,0,3.5536,1,0,35101
396,0,3.6315,1,0,35101
426,0,3.6294,1,0,35101
423,0,3.6156,1,0,35101
528,0,3.5456,1,0,35101
525,0,3.5515,1,0,35101
573,0,3.5286,1,0,35101
570,0,3.5213,1,0,35101
528,0,3.5696,1,0,35101
531,0,3.5591,1,0,35101
411,0,3.6399,1,0,35101
408,0,3.6476,1,0,35101
408,0,3.6412,1,0,35101
414,0,3.6355,1,0,35101
417,0,3.6362,1,0,35101
411,0,3.6408,1,0,35101
411,0,3.6402,1,0,35101
414,0,3.628,1,0,35101
417,0,3.6277,1,0,35101
510,0,3.569,1,0,35101
510,0,3.5529,1,0,35101
507,0,3.5745,1,0,35101
507,0,3.5677,1,0,35101
600,0,3.5347,1,0,35101
654,0,3.5203,1,0,35101
594,0,3.5365,1,0,35101
648,0,3.5247,1,0,35101
597,0,3.5282,1,0,35101
597,0,3.5543,1,0,35101
555,0,3.537,1,0,35101
555,0,3.5436,1,0,35101
552,0,3.5444,1,0,35101
552,0,3.527,1,0,35101
486,0,3.5921,1,0,35101
408,0,3.6451,1,0,35101
411,0,3.6415,1,0,35101
414,0,3.6428,1,0,35101
405,0,3.6506,1,0,35101
507,0,3.5657,1,0,35101
504,0,3.5801,1,0,35101
552,0,3.5342,1,0,35101
549,0,3.5493,1,0,35101
507,0,3.5812,1,0,35101
510,0,3.5769,1,0,35101
408,0,3.63,1,0,35101
405,0,3.6342,1,0,35101
405,0,3.6208,1,0,35101
411,0,3.6282,1,0,35101
414,0,3.6228,1,0,35101
408,0,3.6318,1,0,35101
408,0,3.6278,1,0,35101
411,0,3.6227,1,0,35101
414,0,3.6213,1,0,35101
507,0,3.5643,1,0,35101
507,0,3.5507,1,0,35101
504,0,3.5656,1,0,35101
504,0,3.5478,1,0,35101
600,0,3.5158,1,0,35101
645,0,3.5052,1,0,35101
597,0,3.5167,1,0,35101
645,0,3.5183,1,0,35101
591,0,3.5327,1,0,35101
591,0,3.5315,1,0,35101
552,0,3.5276,1,0,35101
552,0,3.5184,1,0,35101
549,0,3.5355,1,0,35101
549,0,3.5433,1,0,35101
483,0,3.5873,1,0,35101
405,0,3.6352,1,0,35101
408,0,3.6286,1,0,35101
411,0,3.6285,1,0,35101
402,0,3.6384,1,0,35101
504,0,3.5503,1,0,35101
501,0,3.5652,1,0,35101
549,0,3.5187,1,0,35101
546,0,3.5351,1,0,35101
504,0,3.5553,1,0,35101
507,0,3.5478,1,0,35101
591,0,3.339,1,0,35101
588,0,3.3479,1,0,35101
588,0,3.3384,1,0,35101
615,0,3.3517,1,0,35101
621,0,3.3509,1,0,35101
627,0,3.3488,1,0,35101
609,0,3.3222,1,0,35101
615,0,3.339,1,0,35101
621,0,3.332,1,0,35101
627,0,3.361,1,0,35101
615,0,3.3315,1,0,35101
609,0,3.3255,1,0,35101
615,0,3.3177,1,0,35101
621,0,3.3065,1,0,35101
627,0,3.3163,1,0,35101
609,0,3.3247,1,0,35101
615,0,3.3225,1,0,35101
621,0,3.3441,1,0,35101
627,0,3.3044,1,0,35101
609,0,3.2851,1,0,35101
606,0,3.3181,1,0,35101
690,0,3.3194,1,0,35101
690,0,3.3164,1,0,35101
687,0,3.3107,1,0,35101
687,0,3.3208,1,0,35101
720,0,3.3403,1,0,35101
768,0,3.3317,1,0,35101
714,0,3.3244,1,0,35101
762,0,3.3116,1,0,35101
714,0,3.332,1,0,35101
708,0,3.3343,1,0,35101
735,0,3.3076,1,0,35101
735,0,3.3213,1,0,35101
732,0,3.2917,1,0,35101
732,0,3.2962,1,0,35101
639,0,3.2938,1,0,35101
588,0,3.3397,1,0,35101
657,0,3.3031,1,0,35101
663,0,3.3249,1,0,35101
669,0,3.3342,1,0,35101
555,0,3.3292,1,0,35101
585,0,3.3393,1,0,35101
582,0,3.3183,1,0,35101
687,0,3.3384,1,0,35101
684,0,3.3028,1,0,35101
732,0,3.3352,1,0,35101
729,0,3.319,1,0,35101
687,0,3.3349,1,0,35101
690,0,3.3263,1,0,35101
588,0,3.3587,1,0,35101
585,0,3.3544,1,0,35101
585,0,3.3353,1,0,35101
612,0,3.3575,1,0,35101
618,0,3.3415,1,0,35101
624,0,3.3481,1,0,35101
606,0,3.3417,1,0,35101
612,0,3.3563,1,0,35101
618,0,3.3594,1,0,35101
624,0,3.3613,1,0,35101
612,0,3.3095,1,0,35101
606,0,3.3409,1,0,35101
612,0,3.3367,1,0,35101
618,0,3.3425,1,0,35101
624,0,3.3158,1,0,35101
606,0,3.3134,1,0,35101
612,0,3.3028,1,0,35101
618,0,3.3152,1,0,35101
624,0,3.3103,1,0,35101
606,0,3.3155,1,0,35101
603,0,3.3371,1,0,35101
687,0,3.3272,1,0,35101
687,0,3.3221,1,0,35101
684,0,3.3367,1,0,35101
684,0,3.354,1,0,35101
717,0,3.3407,1,0,35101
765,0,3.3135,1,0,35101
711,0,3.3412,1,0,35101
759,0,3.3438,1,0,35101
711,0,3.3369,1,0,35101
705,0,3.3279,1,0,35101
732,0,3.3356,1,0,35101
732,0,3.3283,1,0,35101
729,0,3.3064,1,0,35101
729,0,3.3199,1,0,35101
636,0,3.3268,1,0,35101
585,0,3.3195,1,0,35101
654,0,3.3068,1,0,35101
660,0,3.3161,1,0,35101
666,0,3.3216,1,0,35101
552,0,3.343,1,0,35101
582,0,3.3411,1,0,35101
579,0,3.3295,1,0,35101
684,0,3.3388,1,0,35101
681,0,3.3274,1,0,35101
729,0,3.3387,1,0,35101
726,0,3.3083,1,0,35101
684,0,3.3475,1,0,35101
687,0,3.3427,1,0,35101
567,0,3.3539,1,0,35101
564,0,3.3371,1,0,35101
564,0,3.3224,1,0,35101
570,0,3.337,1,0,35101
573,0,3.3482,1,0,35101
567,0,3.3468,1,0,35101
567,0,3.3453,1,0,35101
570,0,3.3349,1,0,35101
573,0,3.362,1,0,35101
666,0,3.3389,1,0,35101
666,0,3.3333,1,0,35101
663,0,3.3154,1,0,35101
663,0,3.3207,1,0,35101
714,0,3.3232,1,0,35101
762,0,3.3378,1,0,35101
711,0,3.3476,1,0,35101
759,0,3.3312,1,0,35101
711,0,3.3281,1,0,35101
708,0,3.3321,1,0,35101
711,0,3.3243,1,0,35101
711,0,3.3248,1,0,35101
708,0,3.3154,1,0,35101
708,0,3.3032,1,0,35101
642,0,3.3255,1,0,35101
564,0,3.3535,1,0,35101
567,0,3.3417,1,0,35101
570,0,3.3493,1,0,35101
561,0,3.3555,1,0,35101
663,0,3.347,1,0,35101
660,0,3.3418,1,0,35101
708,0,3.3303,1,0,35101
705,0,3.3162,1,0,35101
663,0,3.3386,1,0,35101
666,0,3.3332,1,0,35101
564,0,3.3477,1,0,35101
561,0,3.3241,1,0,35101
561,0,3.3258,1,0,35101
567,0,3.3531,1,0,35101
570,0,3.3436,1,0,35101
564,0,3.3432,1,0,35101
564,0,3.3336,1,0,35101
567,0,3.3417,1,0,35101
570,0,3.339,1,0,35101
663,0,3.3195,1,0,35101
663,0,3.3159,1,0,35101
660,0,3.3107,1,0,35101
660,0,3.3092,1,0,35101
711,0,3.337,1,0,35101
759,0,3.2994,1,0,35101
708,0,3.3498,1,0,35101
756,0,3.3287,1,0,35101
708,0,3.3182,1,0,35101
705,0,3.3379,1,0,35101
708,0,3.3094,1,0,35101
708,0,3.3052,1,0,35101
705,0,3.322,1,0,35101
705,0,3.3155,1,0,35101
639,0,3.3224,1,0,35101
561,0,3.3381,1,0,35101
564,0,3.3474,1,0,35101
567,0,3.3464,1,0,35101
558,0,3.338,1,0,35101
660,0,3.333,1,0,35101
657,0,3.3361,1,0,35101
705,0,3.3288,1,0,35101
702,0,3.3089,1,0,35101
660,0,3.3439,1,0,35101
663,0,3.3464,1,0,35101
537,0,3.4424,1,0,35101
534,0,3.4574,1,0,35101
534,0,3.4433,1,0,35101
561,0,3.4612,1,0,35101
567,0,3.4396,1,0,35101
573,0,3.4562,1,0,35101
555,0,3.4332,1,0,35101
561,0,3.4604,1,0,35101
567,0,3.4474,1,0,35101
573,0,3.4271,1,0,35101
561,0,3.4412,1,0,35101
555,0,3.4514,1,0,35101
561,0,3.4239,1,0,35101
567,0,3.4387,1,0,35101
573,0,3.4303,1,0,35101
555,0,3.4328,1,0,35101
561,0,3.4287,1,0,35101
567,0,3.4224,1,0,35101
573,0,3.4272,1,0,35101
555,0,3.4322,1,0,35101
552,0,3.4633,1,0,35101
636,0,3.4125,1,0,35101
636,0,3.4107,1,0,35101
633,0,3.4496,1,0,35101
633,0,3.4341,1,0,35101
666,0,3.465,1,0,35101
714,0,3.3984,1,0,35101
660,0,3.4402,1,0,35101
708,0,3.4372,1,0,35101
660,0,3.4502,1,0,35101
654,0,3.419,1,0,35101
681,0,3.4265,1,0,35101
681,0,3.3903,1,0,35101
678,0,3.4111,1,0,35101
678,0,3.4131,1,0,35101
585,0,3.401,1,0,35101
534,0,3.4506,1,0,35101
603,0,3.431,1,0,35101
609,0,3.4117,1,0,35101
615,0,3.4169,1,0,35101
501,0,3.4763,1,0,35101
531,0,3.4595,1,0,35101
528,0,3.4519,1,0,35101
633,0,3.4343,1,0,35101
630,0,3.4168,1,0,35101
678,0,3.4113,1,0,35101
675,0,3.4176,1,0,35101
633,0,3.4234,1,0,35101
636,0,3.4463,1,0,35101
534,0,3.4496,1,0,35101
531,0,3.4421,1,0,35101
531,0,3.4326,1,0,35101
558,0,3.413,1,0,35101
564,0,3.445,1,0,35101
570,0,3.447,1,0,35101
552,0,3.4648,1,0,35101
558,0,3.4135,1,0,35101
564,0,3.4523,1,0,35101
570,0,3.4502,1,0,35101
558,0,3.4303,1,0,35101
552,0,3.4272,1,0,35101
558,0,3.424,1,0,35101
564,0,3.4371,1,0,35101
570,0,3.4194,1,0,35101
552,0,3.4359,1,0,35101
558,0,3.4214,1,0,35101
564,0,3.422,1,0,35101
570,0,3.4318,1,0,35101
552,0,3.415,1,0,35101
549,0,3.4366,1,0,35101
633,0,3.4059,1,0,35101
633,0,3.4077,1,0,35101
630,0,3.4192,1,0,35101
630,0,3.4128,1,0,35101
663,0,3.4332,1,0,35101
711,0,3.4151,1,0,35101
657,0,3.4321,1,0,35101
705,0,3.4033,1,0,35101
657,0,3.4174,1,0,35101
651,0,3.427,1,0,35101
678,0,3.4209,1,0,35101
678,0,3.4048,1,0,35101
675,0,3.4027,1,0,35101
675,0,3.4189,1,0,35101
582,0,3.3981,1,0,35101
531,0,3.4589,1,0,35101
600,0,3.4216,1,0,35101
606,0,3.4308,1,0,35101
612,0,3.4192,1,0,35101
498,0,3.4667,1,0,35101
528,0,3.4361,1,0,35101
525,0,3.4499,1,0,35101
630,0,3.434,1,0,35101
627,0,3.4241,1,0,35101
675,0,3.4044,1,0,35101
672,0,3.3998,1,0,35101
630,0,3.4252,1,0,35101
633,0,3.4265,1,0,35101
513,0,3.4702,1,0,35101
510,0,3.4641,1,0,35101
510,0,3.4617,1,0,35101
516,0,3.4687,1,0,35101
519,0,3.4718,1,0,35101
513,0,3.4446,1,0,35101
513,0,3.4552,1,0,35101
516,0,3.4487,1,0,35101
519,0,3.4582,1,0,35101
612,0,3.4259,1,0,35101
612,0,3.4284,1,0,35101
609,0,3.4498,1,0,35101
609,0,3.419,1,0,35101
660,0,3.428,1,0,35101
708,0,3.4191,1,0,35101
657,0,3.4138,1,0,35101
705,0,3.4215,1,0,35101
657,0,3.4563,1,0,35101
654,0,3.415,1,0,35101
657,0,3.3951,1,0,35101
657,0,3.4236,1,0,35101
654,0,3.4367,1,0,35101
654,0,3.4201,1,0,35101
588,0,3.4108,1,0,35101
510,0,3.4603,1,0,35101
513,0,3.4276,1,0,35101
516,0,3.4572,1,0,35101
507,0,3.4558,1,0,35101
609,0,3.4218,1,0,35101
606,0,3.4555,1,0,35101
654,0,3.3892,1,0,35101
651,0,3.4415,1,0,35101
609,0,3.4574,1,0,35101
612,0,3.437,1,0,35101
510,0,3.4802,1,0,35101
507,0,3.4777,1,0,35101
507,0,3.4633,1,0,35101
513,0,3.4719,1,0,35101
516,0,3.4742,1,0,35101
510,0,3.4629,1,0,35101
510,0,3.4553,1,0,35101
513,0,3.474,1,0,35101
516,0,3.4501,1,0,35101
609,0,3.4377,1,0,35101
609,0,3.4404,1,0,35101
606,0,3.4141,1,0,35101
606,0,3.4302,1,0,35101
657,0,3.4443,1,0,35101
705,0,3.4232,1,0,35101
654,0,3.4317,1,0,35101
702,0,3.4102,1,0,35101
654,0,3.4405,1,0,35101
651,0,3.4283,1,0,35101
654,0,3.4398,1,0,35101
654,0,3.41,1,0,35101
651,0,3.4278,1,0,35101
651,0,3.4248,1,0,35101
585,0,3.4078,1,0,35101
507,0,3.4762,1,0,35101
510,0,3.4729,1,0,35101
513,0,3.4564,1,0,35101
504,0,3.4522,1,0,35101
606,0,3.4423,1,0,35101
603,0,3.4317,1,0,35101
651,0,3.4132,1,0,35101
648,0,3.4193,1,0,35101
606,0,3.4297,1,0,35101
609,0,3.4513,1,0,35101
609,0,3.5577,1,0,35101
606,0,3.5495,1,0,35101
606,0,3.5452,1,0,35101
522,0,3.5915,1,0,35101
528,0,3.5667,1,0,35101
534,0,3.5867,1,0,35101
516,0,3.5945,1,0,35101
522,0,3.5896,1,0,35101
528,0,3.5809,1,0,35101
534,0,3.5755,1,0,35101
522,0,3.5851,1,0,35101
516,0,3.6131,1,0,35101
522,0,3.5558,1,0,35101
528,0,3.5793,1,0,35101
534,0,3.5874,1,0,35101
516,0,3.585,1,0,35101
522,0,3.5695,1,0,35101
528,0,3.5705,1,0,35101
534,0,3.5828,1,0,35101
516,0,3.5816,1,0,35101
513,0,3.5928,1,0,35101
708,0,3.5086,1,0,35101
708,0,3.4975,1,0,35101
705,0,3.5165,1,0,35101
705,0,3.5182,1,0,35101
846,0,3.4573,1,0,35101
891,0,3.4776,1,0,35101
837,0,3.4773,1,0,35101
891,0,3.4861,1,0,35101
843,0,3.479,1,0,35101
837,0,3.4906,1,0,35101
753,0,3.4885,1,0,35101
753,0,3.5046,1,0,35101
750,0,3.5017,1,0,35101
750,0,3.4815,1,0,35101
657,0,3.5293,1,0,35101
606,0,3.5428,1,0,35101
564,0,3.5513,1,0,35101
570,0,3.5378,1,0,35101
576,0,3.5508,1,0,35101
573,0,3.5464,1,0,35101
603,0,3.5506,1,0,35101
600,0,3.5304,1,0,35101
705,0,3.512,1,0,35101
702,0,3.5286,1,0,35101
750,0,3.4948,1,0,35101
747,0,3.5089,1,0,35101
705,0,3.5294,1,0,35101
708,0,3.5254,1,0,35101
603,0,3.5402,1,0,35101
600,0,3.5502,1,0,35101
600,0,3.5341,1,0,35101
516,0,3.5904,1,0,35101
522,0,3.5739,1,0,35101
528,0,3.5859,1,0,35101
510,0,3.5779,1,0,35101
516,0,3.5826,1,0,35101
522,0,3.6051,1,0,35101
528,0,3.5829,1,0,35101
516,0,3.5864,1,0,35101
510,0,3.598,1,0,35101
516,0,3.569,1,0,35101
522,0,3.568,1,0,35101
528,0,3.5624,1,0,35101
510,0,3.5744,1,0,35101
516,0,3.5975,1,0,35101
522,0,3.5865,1,0,35101
528,0,3.5769,1,0,35101
510,0,3.5883,1,0,35101
507,0,3.5827,1,0,35101
702,0,3.5159,1,0,35101
702,0,3.5079,1,0,35101
699,0,3.5143,1,0,35101
699,0,3.5055,1,0,35101
843,0,3.4748,1,0,35101
885,0,3.4639,1,0,35101
837,0,3.4809,1,0,35101
876,0,3.478,1,0,35101
831,0,3.4783,1,0,35101
825,0,3.4826,1,0,35101
747,0,3.4968,1,0,35101
747,0,3.5039,1,0,35101
744,0,3.5022,1,0,35101
744,0,3.4975,1,0,35101
651,0,3.5241,1,0,35101
600,0,3.5421,1,0,35101
558,0,3.5599,1,0,35101
564,0,3.5554,1,0,35101
570,0,3.5378,1,0,35101
567,0,3.5309,1,0,35101
597,0,3.5407,1,0,35101
594,0,3.5431,1,0,35101
699,0,3.5093,1,0,35101
696,0,3.5024,1,0,35101
744,0,3.5029,1,0,35101
741,0,3.4989,1,0,35101
699,0,3.5223,1,0,35101
702,0,3.5197,1,0,35101
579,0,3.5627,1,0,35101
576,0,3.563,1,0,35101
576,0,3.5498,1,0,35101
582,0,3.5567,1,0,35101
585,0,3.5517,1,0,35101
579,0,3.5604,1,0,35101
579,0,3.543,1,0,35101
582,0,3.5588,1,0,35101
585,0,3.5488,1,0,35101
678,0,3.5302,1,0,35101
678,0,3.5337,1,0,35101
675,0,3.5213,1,0,35101
675,0,3.5358,1,0,35101
840,0,3.4882,1,0,35101
882,0,3.4888,1,0,35101
831,0,3.496,1,0,35101
876,0,3.495,1,0,35101
831,0,3.4896,1,0,35101
828,0,3.4895,1,0,35101
723,0,3.5195,1,0,35101
723,0,3.516,1,0,35101
720,0,3.5212,1,0,35101
720,0,3.5182,1,0,35101
654,0,3.5414,1,0,35101
576,0,3.5597,1,0,35101
579,0,3.5638,1,0,35101
582,0,3.5566,1,0,35101
573,0,3.568,1,0,35101
675,0,3.5197,1,0,35101
672,0,3.533,1,0,35101
720,0,3.5156,1,0,35101
717,0,3.5176,1,0,35101
675,0,3.5377,1,0,35101
678,0,3.5332,1,0,35101
576,0,3.5384,1,0,35101
573,0,3.5463,1,0,35101
573,0,3.5485,1,0,35101
579,0,3.5484,1,0,35101
582,0,3.5332,1,0,35101
576,0,3.5482,1,0,35101
576,0,3.5432,1,0,35101
579,0,3.5393,1,0,35101
582,0,3.5407,1,0,35101
675,0,3.5133,1,0,35101
675,0,3.5227,1,0,35101
672,0,3.5133,1,0,35101
672,0,3.5145,1,0,35101
831,0,3.4793,1,0,35101
882,0,3.4743,1,0,35101
825,0,3.4904,1,0,35101
873,0,3.4789,1,0,35101
825,0,3.4829,1,0,35101
819,0,3.484,1,0,35101
720,0,3.5032,1,0,35101
720,0,3.5055,1,0,35101
717,0,3.5034,1,0,35101
717,0,3.5096,1,0,35101
651,0,3.5255,1,0,35101
573,0,3.5521,1,0,35101
576,0,3.5476,1,0,35101
579,0,3.5476,1,0,35101
570,0,3.5515,1,0,35101
672,0,3.5201,1,0,35101
669,0,3.5265,1,0,35101
717,0,3.5099,1,0,35101
714,0,3.5147,1,0,35101
672,0,3.5257,1,0,35101
675,0,3.5243,1,0,35101
723,0,3.536,1,0,35101
720,0,3.5412,1,0,35101
720,0,3.5404,1,0,35101
615,0,3.5775,1,0,35101
621,0,3.581,1,0,35101
627,0,3.5856,1,0,35101
609,0,3.586,1,0,35101
615,0,3.5768,1,0,35101
621,0,3.5601,1,0,35101
627,0,3.5629,1,0,35101
615,0,3.5735,1,0,35101
609,0,3.5718,1,0,35101
615,0,3.5594,1,0,35101
621,0,3.5681,1,0,35101
627,0,3.5517,1,0,35101
609,0,3.5674,1,0,35101
615,0,3.5638,1,0,35101
621,0,3.5473,1,0,35101
627,0,3.5502,1,0,35101
609,0,3.5751,1,0,35101
606,0,3.5869,1,0,35101
822,0,3.5091,1,0,35101
822,0,3.5152,1,0,35101
819,0,3.5113,1,0,35101
819,0,3.5075,1,0,35101
957,0,3.475,1,0,35101
1002,0,3.4732,1,0,35101
954,0,3.4742,1,0,35101
999,0,3.4682,1,0,35101
951,0,3.4815,1,0,35101
948,0,3.4815,1,0,35101
867,0,3.5112,1,0,35101
867,0,3.4984,1,0,35101
864,0,3.5113,1,0,35101
864,0,3.5075,1,0,35101
771,0,3.5061,1,0,35101
720,0,3.5371,1,0,35101
657,0,3.5547,1,0,35101
663,0,3.548,1,0,35101
669,0,3.529,1,0,35101
687,0,3.533,1,0,35101
717,0,3.5409,1,0,35101
714,0,3.532,1,0,35101
819,0,3.5176,1,0,35101
816,0,3.5226,1,0,35101
864,0,3.5083,1,0,35101
861,0,3.5138,1,0,35101
819,0,3.501,1,0,35101
822,0,3.5144,1,0,35101
723,0,3.5349,1,0,35101
720,0,3.5412,1,0,35101
720,0,3.547,1,0,35101
615,0,3.5691,1,0,35101
621,0,3.5632,1,0,35101
627,0,3.5558,1,0,35101
609,0,3.601,1,0,35101
615,0,3.5709,1,0,35101
621,0,3.5654,1,0,35101
627,0,3.5514,1,0,35101
615,0,3.5731,1,0,35101
609,0,3.5665,1,0,35101
615,0,3.5604,1,0,35101
621,0,3.5554,1,0,35101
627,0,3.5557,1,0,35101
609,0,3.5639,1,0,35101
615,0,3.5587,1,0,35101
621,0,3.5881,1,0,35101
627,0,3.5557,1,0,35101
609,0,3.5603,1,0,35101
606,0,3.5817,1,0,35101
822,0,3.5261,1,0,35101
822,0,3.506,1,0,35101
819,0,3.5182,1,0,35101
819,0,3.5207,1,0,35101
960,0,3.47,1,0,35101
1011,0,3.4842,1,0,35101
951,0,3.4797,1,0,35101
996,0,3.4768,1,0,35101
951,0,3.4803,1,0,35101
948,0,3.4841,1,0,35101
867,0,3.5079,1,0,35101
867,0,3.4956,1,0,35101
864,0,3.506,1,0,35101
864,0,3.5069,1,0,35101
771,0,3.5238,1,0,35101
720,0,3.5437,1,0,35101
657,0,3.5433,1,0,35101
663,0,3.5465,1,0,35101
669,0,3.5456,1,0,35101
687,0,3.525,1,0,35101
717,0,3.5459,1,0,35101
714,0,3.5234,1,0,35101
819,0,3.5086,1,0,35101
816,0,3.5185,1,0,35101
864,0,3.4965,1,0,35101
861,0,3.5124,1,0,35101
819,0,3.5183,1,0,35101
822,0,3.5271,1,0,35101
696,0,3.5207,1,0,35101
693,0,3.5311,1,0,35101
693,0,3.536,1,0,35101
699,0,3.5379,1,0,35101
702,0,3.5387,1,0,35101
696,0,3.5388,1,0,35101
696,0,3.5309,1,0,35101
699,0,3.5376,1,0,35101
702,0,3.5374,1,0,35101
795,0,3.5161,1,0,35101
795,0,3.5099,1,0,35101
792,0,3.5208,1,0,35101
792,0,3.523,1,0,35101
948,0,3.4853,1,0,35101
996,0,3.4759,1,0,35101
945,0,3.4823,1,0,35101
990,0,3.4861,1,0,35101
945,0,3.4926,1,0,35101
948,0,3.4958,1,0,35101
840,0,3.5014,1,0,35101
840,0,3.5046,1,0,35101
837,0,3.498,1,0,35101
837,0,3.5038,1,0,35101
771,0,3.5271,1,0,35101
693,0,3.5436,1,0,35101
696,0,3.5423,1,0,35101
699,0,3.537,1,0,35101
690,0,3.5413,1,0,35101
792,0,3.5246,1,0,35101
789,0,3.5173,1,0,35101
837,0,3.5091,1,0,35101
834,0,3.5218,1,0,35101
792,0,3.5179,1,0,35101
795,0,3.5197,1,0,35101
699,0,3.5354,1,0,35101
696,0,3.5318,1,0,35101
696,0,3.5358,1,0,35101
702,0,3.5302,1,0,35101
705,0,3.5332,1,0,35101
699,0,3.5368,1,0,35101
699,0,3.5278,1,0,35101
702,0,3.5357,1,0,35101
705,0,3.5295,1,0,35101
798,0,3.5031,1,0,35101
798,0,3.5173,1,0,35101
795,0,3.5116,1,0,35101
795,0,3.5109,1,0,35101
954,0,3.4806,1,0,35101
999,0,3.4708,1,0,35101
945,0,3.4807,1,0,35101
999,0,3.4853,1,0,35101
948,0,3.4795,1,0,35101
942,0,3.4838,1,0,35101
843,0,3.5179,1,0,35101
843,0,3.5063,1,0,35101
840,0,3.5012,1,0,35101
840,0,3.5035,1,0,35101
774,0,3.5295,1,0,35101
696,0,3.5391,1,0,35101
699,0,3.5349,1,0,35101
702,0,3.5332,1,0,35101
693,0,3.5443,1,0,35101
795,0,3.5031,1,0,35101
792,0,3.5182,1,0,35101
840,0,3.5141,1,0,35101
837,0,3.5068,1,0,35101
795,0,3.5184,1,0,35101
798,0,3.5245,1,0,35101
357,0,3.5273,1,0,35101
354,0,3.5589,1,0,35101
354,0,3.5565,1,0,35101
381,0,3.5234,1,0,35101
387,0,3.5498,1,0,35101
393,0,3.539,1,0,35101
375,0,3.5332,1,0,35101
381,0,3.5095,1,0,35101
387,0,3.5392,1,0,35101
393,0,3.5318,1,0,35101
381,0,3.5458,1,0,35101
375,0,3.5342,1,0,35101
381,0,3.5008,1,0,35101
387,0,3.5134,1,0,35101
393,0,3.4892,1,0,35101
375,0,3.5238,1,0,35101
381,0,3.5087,1,0,35101
387,0,3.4921,1,0,35101
393,0,3.4741,1,0,35101
375,0,3.529,1,0,35101
372,0,3.5212,1,0,35101
456,0,3.4927,1,0,35101
456,0,3.4883,1,0,35101
453,0,3.485,1,0,35101
453,0,3.4836,1,0,35101
486,0,3.4776,1,0,35101
534,0,3.4436,1,0,35101
480,0,3.4712,1,0,35101
528,0,3.4655,1,0,35101
480,0,3.4941,1,0,35101
474,0,3.4998,1,0,35101
501,0,3.461,1,0,35101
501,0,3.4684,1,0,35101
498,0,3.4468,1,0,35101
498,0,3.4522,1,0,35101
405,0,3.5021,1,0,35101
354,0,3.5461,1,0,35101
423,0,3.4916,1,0,35101
429,0,3.4599,1,0,35101
435,0,3.468,1,0,35101
321,0,3.5622,1,0,35101
351,0,3.5449,1,0,35101
348,0,3.5654,1,0,35101
453,0,3.482,1,0,35101
450,0,3.4635,1,0,35101
498,0,3.451,1,0,35101
495,0,3.4818,1,0,35101
453,0,3.5054,1,0,35101
456,0,3.4928,1,0,35101
354,0,3.5658,1,0,35101
351,0,3.5633,1,0,35101
351,0,3.5425,1,0,35101
378,0,3.5543,1,0,35101
384,0,3.5551,1,0,35101
390,0,3.5187,1,0,35101
372,0,3.5357,1,0,35101
378,0,3.5568,1,0,35101
384,0,3.5317,1,0,35101
390,0,3.5127,1,0,35101
378,0,3.5194,1,0,35101
372,0,3.5673,1,0,35101
378,0,3.534,1,0,35101
384,0,3.5176,1,0,35101
390,0,3.4892,1,0,35101
372,0,3.5416,1,0,35101
378,0,3.5223,1,0,35101
384,0,3.5045,1,0,35101
390,0,3.5183,1,0,35101
372,0,3.528,1,0,35101
369,0,3.5168,1,0,35101
453,0,3.4513,1,0,35101
453,0,3.471,1,0,35101
450,0,3.476,1,0,35101
450,0,3.5016,1,0,35101
483,0,3.5017,1,0,35101
531,0,3.4694,1,0,35101
477,0,3.4555,1,0,35101
525,0,3.4782,1,0,35101
477,0,3.4792,1,0,35101
471,0,3.4654,1,0,35101
498,0,3.4659,1,0,35101
498,0,3.4218,1,0,35101
495,0,3.4504,1,0,35101
495,0,3.4755,1,0,35101
402,0,3.4788,1,0,35101
351,0,3.524,1,0,35101
420,0,3.5253,1,0,35101
426,0,3.4674,1,0,35101
432,0,3.4918,1,0,35101
318,0,3.567,1,0,35101
348,0,3.5168,1,0,35101
345,0,3.5531,1,0,35101
450,0,3.4854,1,0,35101
447,0,3.4926,1,0,35101
495,0,3.4668,1,0,35101
492,0,3.4305,1,0,35101
450,0,3.503,1,0,35101
453,0,3.5053,1,0,35101
333,0,3.5691,1,0,35101
330,0,3.5915,1,0,35101
330,0,3.5635,1,0,35101
336,0,3.5794,1,0,35101
339,0,3.5562,1,0,35101
333,0,3.5654,1,0,35101
333,0,3.5667,1,0,35101
336,0,3.5687,1,0,35101
339,0,3.5549,1,0,35101
432,0,3.4928,1,0,35101
432,0,3.5009,1,0,35101
429,0,3.4945,1,0,35101
429,0,3.4694,1,0,35101
480,0,3.4868,1,0,35101
528,0,3.4763,1,0,35101
477,0,3.4764,1,0,35101
525,0,3.4948,1,0,35101
477,0,3.5204,1,0,35101
474,0,3.4597,1,0,35101
477,0,3.4564,1,0,35101
477,0,3.4885,1,0,35101
474,0,3.4937,1,0,35101
474,0,3.4764,1,0,35101
408,0,3.5197,1,0,35101
330,0,3.5769,1,0,35101
333,0,3.5761,1,0,35101
336,0,3.565,1,0,35101
327,0,3.586,1,0,35101
429,0,3.502,1,0,35101
426,0,3.5032,1,0,35101
474,0,3.4631,1,0,35101
471,0,3.4794,1,0,35101
429,0,3.5152,1,0,35101
432,0,3.5378,1,0,35101
330,0,3.5241,1,0,35101
327,0,3.5645,1,0,35101
327,0,3.5425,1,0,35101
333,0,3.5383,1,0,35101
336,0,3.5597,1,0,35101
330,0,3.544,1,0,35101
330,0,3.5486,1,0,35101
333,0,3.5402,1,0,35101
336,0,3.5425,1,0,35101
429,0,3.5028,1,0,35101
429,0,3.4702,1,0,35101
426,0,3.4826,1,0,35101
426,0,3.4474,1,0,35101
477,0,3.476,1,0,35101
525,0,3.4513,1,0,35101
474,0,3.4908,1,0,35101
522,0,3.4716,1,0,35101
474,0,3.4878,1,0,35101
471,0,3.445,1,0,35101
474,0,3.4434,1,0,35101
474,0,3.448,1,0,35101
471,0,3.4638,1,0,35101
471,0,3.4412,1,0,35101
405,0,3.4871,1,0,35101
327,0,3.5707,1,0,35101
330,0,3.5543,1,0,35101
333,0,3.544,1,0,35101
324,0,3.57,1,0,35101
426,0,3.4954,1,0,35101
423,0,3.4691,1,0,35101
471,0,3.4304,1,0,35101
468,0,3.4606,1,0,35101
426,0,3.4989,1,0,35101
429,0,3.496,1,0,35101
522,0,3.5744,1,0,35101
519,0,3.5688,1,0,35101
519,0,3.5716,1,0,35101
546,0,3.5641,1,0,35101
552,0,3.5502,1,0,35101
558,0,3.566,1,0,35101
540,0,3.5699,1,0,35101
546,0,3.5734,1,0,35101
552,0,3.5515,1,0,35101
558,0,3.5595,1,0,35101
546,0,3.5679,1,0,35101
540,0,3.578,1,0,35101
546,0,3.5575,1,0,35101
552,0,3.5492,1,0,35101
558,0,3.547,1,0,35101
540,0,3.56,1,0,35101
546,0,3.5467,1,0,35101
552,0,3.5395,1,0,35101
558,0,3.5529,1,0,35101
540,0,3.5539,1,0,35101
537,0,3.5682,1,0,35101
666,0,3.5033,1,0,35101
666,0,3.5133,1,0,35101
663,0,3.5095,1,0,35101
663,0,3.4962,1,0,35101
570,0,3.5452,1,0,35101
519,0,3.5804,1,0,35101
588,0,3.5222,1,0,35101
594,0,3.5144,1,0,35101
600,0,3.5064,1,0,35101
486,0,3.5941,1,0,35101
516,0,3.5969,1,0,35101
513,0,3.5684,1,0,35101
663,0,3.5083,1,0,35101
660,0,3.5189,1,0,35101
618,0,3.5381,1,0,35101
621,0,3.5324,1,0,35101
522,0,3.571,1,0,35101
519,0,3.5751,1,0,35101
519,0,3.563,1,0,35101
546,0,3.5564,1,0,35101
552,0,3.5412,1,0,35101
558,0,3.5592,1,0,35101
540,0,3.5658,1,0,35101
546,0,3.5641,1,0,35101
552,0,3.5694,1,0,35101
558,0,3.5417,1,0,35101
546,0,3.558,1,0,35101
540,0,3.5572,1,0,35101
546,0,3.5631,1,0,35101
552,0,3.5394,1,0,35101
558,0,3.5328,1,0,35101
540,0,3.5553,1,0,35101
546,0,3.5417,1,0,35101
552,0,3.5504,1,0,35101
558,0,3.5259,1,0,35101
540,0,3.523,1,0,35101
537,0,3.5467,1,0,35101
666,0,3.4955,1,0,35101
666,0,3.4904,1,0,35101
663,0,3.4944,1,0,35101
663,0,3.4894,1,0,35101
570,0,3.5218,1,0,35101
519,0,3.5714,1,0,35101
588,0,3.5163,1,0,35101
594,0,3.5189,1,0,35101
600,0,3.5053,1,0,35101
486,0,3.5802,1,0,35101
516,0,3.5871,1,0,35101
513,0,3.5823,1,0,35101
663,0,3.4894,1,0,35101
660,0,3.5038,1,0,35101
618,0,3.5245,1,0,35101
621,0,3.5189,1,0,35101
360,0,3.6963,1,0,35101
357,0,3.6976,1,0,35101
357,0,3.6993,1,0,35101
435,0,3.6317,1,0,35101
441,0,3.6248,1,0,35101
447,0,3.6401,1,0,35101
429,0,3.6361,1,0,35101
435,0,3.6486,1,0,35101
441,0,3.6293,1,0,35101
447,0,3.6385,1,0,35101
435,0,3.6353,1,0,35101
429,0,3.6519,1,0,35101
435,0,3.6457,1,0,35101
441,0,3.615,1,0,35101
447,0,3.6344,1,0,35101
429,0,3.6371,1,0,35101
435,0,3.623,1,0,35101
441,0,3.6229,1,0,35101
447,0,3.6235,1,0,35101
429,0,3.6366,1,0,35101
426,0,3.6469,1,0,35101
504,0,3.6034,1,0,35101
504,0,3.5878,1,0,35101
501,0,3.6175,1,0,35101
501,0,3.5881,1,0,35101
408,0,3.6605,1,0,35101
357,0,3.6961,1,0,35101
477,0,3.6043,1,0,35101
483,0,3.6044,1,0,35101
489,0,3.5906,1,0,35101
324,0,3.7089,1,0,35101
354,0,3.7081,1,0,35101
351,0,3.6976,1,0,35101
501,0,3.599,1,0,35101
498,0,3.6174,1,0,35101
456,0,3.6224,1,0,35101
459,0,3.637,1,0,35101
333,0,3.6933,1,0,35101
330,0,3.6922,1,0,35101
330,0,3.6928,1,0,35101
336,0,3.6804,1,0,35101
339,0,3.6864,1,0,35101
333,0,3.6835,1,0,35101
333,0,3.6888,1,0,35101
336,0,3.6901,1,0,35101
339,0,3.6865,1,0,35101
477,0,3.6122,1,0,35101
477,0,3.5862,1,0,35101
474,0,3.6059,1,0,35101
474,0,3.5965,1,0,35101
408,0,3.6615,1,0,35101
330,0,3.6967,1,0,35101
333,0,3.6979,1,0,35101
336,0,3.6852,1,0,35101
327,0,3.6997,1,0,35101
474,0,3.5957,1,0,35101
471,0,3.6109,1,0,35101
429,0,3.6234,1,0,35101
432,0,3.6373,1,0,35101
273,0,3.6034,1,0,35101
174,0,3.7978,1,0,35101
366,0,3.6431,1,0,35101
507,0,3.4536,1,0,35101
147,0,3.8812,1,0,35101
126,0,4.0147,1,0,35101
141,0,4.0322,1,0,35101
141,0,3.8727,1,0,35101
198,0,3.8241,1,0,35101
861,0,3.2779,1,0,35101
387,0,3.5526,1,0,35101
528,0,3.5095,1,0,35101
666,0,3.3125,1,0,35101
264,0,3.7166,1,0,35101
411,0,3.4037,1,0,35101
357,0,3.5755,1,0,35101
378,0,3.4659,1,0,35101
699,0,3.5215,1,0,35101
735,0,3.5123,1,0,35101
177,0,3.8163,1,0,35101
357,0,3.551,1,0,35101
324,0,3.5655,1,0,35101
582,0,3.4848,1,0,35101
549,0,3.4878,1,0,35101
483,0,3.488,1,0,35101
450,0,3.4955,1,0,35101
540,0,3.4893,1,0,35101
507,0,3.4975,1,0,35101
1062,0,3.2639,1,0,35101
1029,0,3.2635,1,0,35101
441,0,3.5446,1,0,35101
408,0,3.578,1,0,35101
657,0,3.4899,1,0,35101
624,0,3.5018,1,0,35101
795,0,3.3294,1,0,35101
762,0,3.3379,1,0,35101
816,0,3.4625,1,0,35101
813,0,3.4729,1,0,35101
819,0,3.4701,1,0,35101
786,0,3.4716,1,0,35101
132,0,3.7463,1,0,35101
141,0,3.7276,1,0,35101
129,0,3.8255,1,0,35101
138,0,3.7626,1,0,35101
129,0,3.7933,1,0,35101
138,0,3.8303,1,0,35101
132,0,3.8088,1,0,35101
141,0,3.8091,1,0,35101
135,0,3.8023,1,0,35101
144,0,3.8075,1,0,35101
138,0,3.7455,1,0,35101
147,0,3.7481,1,0,35101
129,0,3.7538,1,0,35101
138,0,3.8596,1,0,35101
132,0,3.8279,1,0,35101
141,0,3.7302,1,0,35101
135,0,3.7787,1,0,35101
144,0,3.7468,1,0,35101
138,0,3.7555,1,0,35101
147,0,3.7262,1,0,35101
132,0,3.7614,1,0,35101
141,0,3.7378,1,0,35101
129,0,3.8023,1,0,35101
138,0,3.7713,1,0,35101
132,0,3.7557,1,0,35101
141,0,3.7716,1,0,35101
135,0,3.7499,1,0,35101
144,0,3.8122,1,0,35101
138,0,3.7257,1,0,35101
147,0,3.7732,1,0,35101
129,0,3.7759,1,0,35101
138,0,3.7793,1,0,35101
132,0,3.7947,1,0,35101
141,0,3.7946,1,0,35101
135,0,3.719,1,0,35101
144,0,3.8258,1,0,35101
138,0,3.7266,1,0,35101
147,0,3.8065,1,0,35101
129,0,3.7705,1,0,35101
138,0,3.7447,1,0,35101
129,0,3.7555,1,0,35101
138,0,3.7649,1,0,35101
276,0,3.5189,1,0,35101
285,0,3.5602,1,0,35101
276,0,3.5546,1,0,35101
285,0,3.5094,1,0,35101
273,0,3.5031,1,0,35101
282,0,3.5028,1,0,35101
273,0,3.5164,1,0,35101
282,0,3.5183,1,0,35101
207,0,3.5863,1,0,35101
216,0,3.6314,1,0,35101
129,0,3.7795,1,0,35101
138,0,3.7791,1,0,35101
129,0,3.8336,1,0,35101
138,0,3.7361,1,0,35101
132,0,3.7564,1,0,35101
141,0,3.8313,1,0,35101
135,0,3.8023,1,0,35101
144,0,3.7767,1,0,35101
126,0,3.7973,1,0,35101
135,0,3.838,1,0,35101
126,0,3.7994,1,0,35101
135,0,3.8766,1,0,35101
126,0,3.7965,1,0,35101
135,0,3.8237,1,0,35101
273,0,3.5306,1,0,35101
282,0,3.4783,1,0,35101
270,0,3.5591,1,0,35101
279,0,3.5817,1,0,35101
228,0,3.6115,1,0,35101
237,0,3.6263,1,0,35101
231,0,3.6462,1,0,35101
240,0,3.5918,1,0,35101
135,0,3.7922,1,0,35101
144,0,3.7869,1,0,35101
132,0,3.8138,1,0,35101
141,0,3.7857,1,0,35101
132,0,3.7678,1,0,35101
141,0,3.7624,1,0,35101
135,0,3.7475,1,0,35101
144,0,3.7024,1,0,35101
138,0,3.7473,1,0,35101
147,0,3.7468,1,0,35101
141,0,3.7401,1,0,35101
150,0,3.7397,1,0,35101
132,0,3.818,1,0,35101
141,0,3.7399,1,0,35101
135,0,3.8196,1,0,35101
144,0,3.7884,1,0,35101
138,0,3.7557,1,0,35101
147,0,3.7589,1,0,35101
141,0,3.8451,1,0,35101
150,0,3.7338,1,0,35101
135,0,3.7814,1,0,35101
144,0,3.7706,1,0,35101
132,0,3.8513,1,0,35101
141,0,3.7935,1,0,35101
135,0,3.7029,1,0,35101
144,0,3.7078,1,0,35101
138,0,3.7289,1,0,35101
147,0,3.7605,1,0,35101
141,0,3.7322,1,0,35101
150,0,3.6351,1,0,35101
132,0,3.7839,1,0,35101
141,0,3.7905,1,0,35101
135,0,3.755,1,0,35101
144,0,3.7587,1,0,35101
138,0,3.7261,1,0,35101
147,0,3.7793,1,0,35101
141,0,3.7255,1,0,35101
150,0,3.8133,1,0,35101
132,0,3.7843,1,0,35101
141,0,3.7178,1,0,35101
132,0,3.7962,1,0,35101
141,0,3.8211,1,0,35101
279,0,3.5513,1,0,35101
288,0,3.5476,1,0,35101
279,0,3.5461,1,0,35101
288,0,3.5734,1,0,35101
276,0,3.5299,1,0,35101
285,0,3.5404,1,0,35101
276,0,3.5139,1,0,35101
285,0,3.5552,1,0,35101
210,0,3.6271,1,0,35101
219,0,3.6027,1,0,35101
132,0,3.8068,1,0,35101
141,0,3.7344,1,0,35101
132,0,3.7843,1,0,35101
141,0,3.7867,1,0,35101
135,0,3.8157,1,0,35101
144,0,3.7624,1,0,35101
138,0,3.7763,1,0,35101
147,0,3.7977,1,0,35101
129,0,3.7663,1,0,35101
138,0,3.7906,1,0,35101
129,0,3.8168,1,0,35101
138,0,3.7417,1,0,35101
129,0,3.8083,1,0,35101
138,0,3.7881,1,0,35101
276,0,3.5423,1,0,35101
285,0,3.508,1,0,35101
273,0,3.5996,1,0,35101
282,0,3.5226,1,0,35101
231,0,3.6148,1,0,35101
240,0,3.627,1,0,35101
234,0,3.5702,1,0,35101
243,0,3.6069,1,0,35101
105,0,3.8391,1,0,35101
114,0,3.8249,1,0,35101
102,0,3.8503,1,0,35101
111,0,3.8456,1,0,35101
102,0,3.8347,1,0,35101
111,0,3.7814,1,0,35101
105,0,3.8391,1,0,35101
114,0,3.8256,1,0,35101
108,0,3.8269,1,0,35101
117,0,3.7172,1,0,35101
111,0,3.7978,1,0,35101
120,0,3.8465,1,0,35101
102,0,3.8327,1,0,35101
111,0,3.8244,1,0,35101
105,0,3.8454,1,0,35101
114,0,3.7814,1,0,35101
108,0,3.8302,1,0,35101
117,0,3.8655,1,0,35101
111,0,3.7978,1,0,35101
120,0,3.8385,1,0,35101
105,0,3.83,1,0,35101
114,0,3.8109,1,0,35101
102,0,3.8539,1,0,35101
111,0,3.8353,1,0,35101
105,0,3.8225,1,0,35101
114,0,3.8156,1,0,35101
108,0,3.7933,1,0,35101
117,0,3.8214,1,0,35101
111,0,3.7884,1,0,35101
120,0,3.7441,1,0,35101
102,0,3.8051,1,0,35101
111,0,3.8057,1,0,35101
105,0,3.8081,1,0,35101
114,0,3.7947,1,0,35101
108,0,3.7933,1,0,35101
117,0,3.815,1,0,35101
111,0,3.7781,1,0,35101
120,0,3.7984,1,0,35101
102,0,3.8163,1,0,35101
111,0,3.7761,1,0,35101
102,0,3.8503,1,0,35101
111,0,3.8134,1,0,35101
249,0,3.5311,1,0,35101
258,0,3.5552,1,0,35101
249,0,3.5678,1,0,35101
258,0,3.5089,1,0,35101
246,0,3.5681,1,0,35101
255,0,3.5543,1,0,35101
246,0,3.5469,1,0,35101
255,0,3.5159,1,0,35101
180,0,3.6332,1,0,35101
189,0,3.661,1,0,35101
102,0,3.8661,1,0,35101
111,0,3.802,1,0,35101
102,0,3.8401,1,0,35101
111,0,3.8456,1,0,35101
105,0,3.8153,1,0,35101
114,0,3.8605,1,0,35101
108,0,3.8302,1,0,35101
117,0,3.817,1,0,35101
99,0,3.8754,1,0,35101
108,0,3.8692,1,0,35101
99,0,3.8754,1,0,35101
108,0,3.8074,1,0,35101
99,0,3.8754,1,0,35101
108,0,3.8113,1,0,35101
246,0,3.5301,1,0,35101
255,0,3.5437,1,0,35101
243,0,3.5514,1,0,35101
252,0,3.5816,1,0,35101
201,0,3.6246,1,0,35101
210,0,3.6564,1,0,35101
204,0,3.671,1,0,35101
213,0,3.6085,1,0,35101
108,0,3.8752,1,0,35101
117,0,3.851,1,0,35101
105,0,3.87,1,0,35101
114,0,3.8752,1,0,35101
105,0,3.8378,1,0,35101
114,0,3.8171,1,0,35101
108,0,3.8867,1,0,35101
117,0,3.8114,1,0,35101
111,0,3.8041,1,0,35101
120,0,3.8468,1,0,35101
114,0,3.81,1,0,35101
123,0,3.8045,1,0,35101
105,0,3.914,1,0,35101
114,0,3.8317,1,0,35101
108,0,3.8497,1,0,35101
117,0,3.8843,1,0,35101
111,0,3.8326,1,0,35101
120,0,3.8222,1,0,35101
114,0,3.81,1,0,35101
123,0,3.7303,1,0,35101
108,0,3.8023,1,0,35101
117,0,3.8751,1,0,35101
105,0,3.8141,1,0,35101
114,0,3.8979,1,0,35101
108,0,3.8777,1,0,35101
117,0,3.7906,1,0,35101
111,0,3.8289,1,0,35101
120,0,3.7965,1,0,35101
114,0,3.69,1,0,35101
123,0,3.6885,1,0,35101
105,0,3.783,1,0,35101
114,0,3.7705,1,0,35101
108,0,3.7912,1,0,35101
117,0,3.8118,1,0,35101
111,0,3.796,1,0,35101
120,0,3.8594,1,0,35101
114,0,3.8065,1,0,35101
123,0,3.7813,1,0,35101
105,0,3.8615,1,0,35101
114,0,3.8074,1,0,35101
105,0,3.807,1,0,35101
114,0,3.8213,1,0,35101
252,0,3.5513,1,0,35101
261,0,3.5224,1,0,35101
252,0,3.5107,1,0,35101
261,0,3.5665,1,0,35101
249,0,3.5573,1,0,35101
258,0,3.5294,1,0,35101
249,0,3.5518,1,0,35101
258,0,3.5218,1,0,35101
183,0,3.6909,1,0,35101
192,0,3.6647,1,0,35101
105,0,3.7988,1,0,35101
114,0,3.8283,1,0,35101
105,0,3.8415,1,0,35101
114,0,3.8673,1,0,35101
108,0,3.8484,1,0,35101
117,0,3.8354,1,0,35101
111,0,3.7893,1,0,35101
120,0,3.7596,1,0,35101
102,0,3.8713,1,0,35101
111,0,3.8628,1,0,35101
102,0,3.8429,1,0,35101
111,0,3.8445,1,0,35101
102,0,3.8597,1,0,35101
111,0,3.852,1,0,35101
249,0,3.5259,1,0,35101
258,0,3.5082,1,0,35101
246,0,3.5245,1,0,35101
255,0,3.4987,1,0,35101
204,0,3.6462,1,0,35101
213,0,3.6633,1,0,35101
207,0,3.5996,1,0,35101
216,0,3.6325,1,0,35101
28,0,3.655,1,0,35101
28,0,3.655,1,0,35101
28,0,3.655,1,0,35101
28,0,3.655,1,0,35101
28,0,3.655,1,0,35101
28,0,3.655,1,0,35101
28,0,3.655,1,0,35101
28,0,3.655,1,0,35101
28,0,3.655,1,0,35101
28,0,3.655,1,0,35101
28,0,3.655,1,0,35101
28,0,3.655,1,0,35101
28,0,3.655,1,0,35101
28,0,3.655,1,0,35101
28,0,3.655,1,0,35101
28,0,3.655,1,0,35101
28,0,3.655,1,0,35101
28,0,3.655,1,0,35101
28,0,3.655,1,0,35101
28,0,3.655,1,0,35101
28,0,3.655,1,0,35101
28,0,3.655,1,0,35101
28,0,3.655,1,0,35101
28,0,3.655,1,0,35101
28,0,3.655,1,0,35101
28,0,3.655,1,0,35101
28,0,3.655,1,0,35101
28,0,3.655,1,0,35101
28,0,3.655,1,0,35101
28,0,3.655,1,0,35101
28,0,3.655,1,0,35101
28,0,3.655,1,0,35101
28,0,3.655,1,0,35101
28,0,3.655,1,0,35101
28,0,3.655,1,0,35101
28,0,3.655,1,0,35101
28,0,3.655,1,0,35101
28,0,3.655,1,0,35101
28,0,3.655,1,0,35101
28,0,3.655,1,0,35101
28,0,3.655,1,0,35101
28,0,3.655,1,0,35101
28,0,3.655,1,0,35101
28,0,3.655,1,0,35101
28,0,3.655,1,0,35101
28,0,3.655,1,0,35101
28,0,3.655,1,0,35101
28,0,3.655,1,0,35101
28,0,3.655,1,0,35101
28,0,3.655,1,0,35101
28,0,3.655,1,0,35101
28,0,3.655,1,0,35101
28,0,3.655,1,0,35101
28,0,3.655,1,0,35101
28,0,3.655,1,0,35101
28,0,3.655,1,0,35101
28,0,3.655,1,0,35101
28,0,3.655,1,0,35101
28,0,3.655,1,0,35101
28,0,3.655,1,0,35101
28,0,3.655,1,0,35101
28,0,3.655,1,0,35101
28,0,3.655,1,0,35101
28,0,3.655,1,0,35101
28,0,3.655,1,0,35101
28,0,3.655,1,0,35101
28,0,3.655,1,0,35101
28,0,3.655,1,0,35101
28,0,3.655,1,0,35101
28,0,3.655,1,0,35101
28,0,3.655,1,0,35101
28,0,3.655,1,0,35101
28,0,3.655,1,0,35101
28,0,3.655,1,0,35101
28,0,3.655,1,0,35101
28,0,3.655,1,0,35101
28,0,3.655,1,0,35101
28,0,3.655,1,0,35101
28,0,3.655,1,0,35101
28,0,3.655,1,0,35101
28,0,3.655,1,0,35101
28,0,3.655,1,0,35101
28,0,3.655,1,0,35101
28,0,3.655,1,0,35101
28,0,3.655,1,0,35101
28,0,3.655,1,0,35101
28,0,3.655,1,0,35101
28,0,3.655,1,0,35101
28,0,3.655,1,0,35101
28,0,3.655,1,0,35101
28,0,3.655,1,0,35101
28,0,3.655,1,0,35101
28,0,3.655,1,0,35101
28,0,3.655,1,0,35101
28,0,3.655,1,0,35101
28,0,3.655,1,0,35101
28,0,3.655,1,0,35101
28,0,3.655,1,0,35101
28,0,3.655,1,0,35101
28,0,3.655,1,0,35101
28,0,3.655,1,0,35101
28,0,3.655,1,0,35101
28,0,3.655,1,0,35101
28,0,3.655,1,0,35101
28,0,3.655,1,0,35101
28,0,3.655,1,0,35101
28,0,3.655,1,0,35101
28,0,3.655,1,0,35101
28,0,3.655,1,0,35101
28,0,3.655,1,0,35101
28,0,3.655,1,0,35101
28,0,3.655,1,0,35101
28,0,3.655,1,0,35101
28,0,3.655,1,0,35101
28,0,3.655,1,0,35101
28,0,3.655,1,0,35101
28,0,3.655,1,0,35101
28,0,3.655,1,0,35101
28,0,3.655,1,0,35101
28,0,3.655,1,0,35101
28,0,3.655,1,0,35101
28,0,3.655,1,0,35101
28,0,3.655,1,0,35101
28,0,3.655,1,0,35101
28,0,3.655,1,0,35101
28,0,3.655,1,0,35101
28,0,3.655,1,0,35101
28,0,3.655,1,0,35101
28,0,3.655,1,0,35101
28,0,3.655,1,0,35101
28,0,3.655,1,0,35101
28,0,3.655,1,0,35101
28,0,3.655,1,0,35101
28,0,3.655,1,0,35101
28,0,3.655,1,0,35101
28,0,3.655,1,0,35101
28,0,3.655,1,0,35101
28,0,3.655,1,0,35101
28,0,3.655,1,0,35101
28,0,3.655,1,0,35101
28,0,3.655,1,0,35101
28,0,3.655,1,0,35101
28,0,3.655,1,0,35101
28,0,3.655,1,0,35101
28,0,3.655,1,0,35101
28,0,3.655,1,0,35101
28,0,3.655,1,0,35101
28,0,3.655,1,0,35101
28,0,3.655,1,0,35101
28,0,3.655,1,0,35101
28,0,3.655,1,0,35101
28,0,3.655,1,0,35101
28,0,3.655,1,0,35101
28,0,3.655,1,0,35101
28,0,3.655,1,0,35101
28,0,3.655,1,0,35101
28,0,3.655,1,0,35101
28,0,3.655,1,0,35101
28,0,3.655,1,0,35101
28,0,3.655,1,0,35101
28,0,3.655,1,0,35101
28,0,3.655,1,0,35101
28,0,3.655,1,0,35101
28,0,3.655,1,0,35101
28,0,3.655,1,0,35101
28,0,3.655,1,0,35101
28,0,3.655,1,0,35101
28,0,3.655,1,0,35101
28,0,3.655,1,0,35101
28,0,3.655,1,0,35101
28,0,3.655,1,0,35101
28,0,3.655,1,0,35101
28,0,3.655,1,0,35101
28,0,3.655,1,0,35101
28,0,3.655,1,0,35101
28,0,3.655,1,0,35101
28,0,3.655,1,0,35101
28,0,3.655,1,0,35101
28,0,3.655,1,0,35101
28,0,3.655,1,0,35101
28,0,3.655,1,0,35101
28,0,3.655,1,0,35101
28,0,3.655,1,0,35101
28,0,3.655,1,0,35101
28,0,3.655,1,0,35101
28,0,3.655,1,0,35101
28,0,3.655,1,0,35101
28,0,3.655,1,0,35101
28,0,3.655,1,0,35101
28,0,3.655,1,0,35101
28,0,3.655,1,0,35101
28,0,3.655,1,0,35101
28,0,3.655,1,0,35101
28,0,3.655,1,0,35101
28,0,3.655,1,0,35101
28,0,3.655,1,0,35101
28,0,3.655,1,0,35101
28,0,3.655,1,0,35101
28,0,3.655,1,0,35101
28,0,3.655,1,0,35101
28,0,3.655,1,0,35101
28,0,3.655,1,0,35101
28,0,3.655,1,0,35101
28,0,3.655,1,0,35101
28,0,3.655,1,0,35101
28,0,3.655,1,0,35101
28,0,3.655,1,0,35101
28,0,3.655,1,0,35101
28,0,3.655,1,0,35101
28,0,3.655,1,0,35101
28,0,3.655,1,0,35101
28,0,3.655,1,0,35101
28,0,3.655,1,0,35101
28,0,3.655,1,0,35101
28,0,3.655,1,0,35101
28,0,3.655,1,0,35101
28,0,3.655,1,0,35101
28,0,3.655,1,0,35101
28,0,3.655,1,0,35101
28,0,3.655,1,0,35101
28,0,3.655,1,0,35101
28,0,3.655,1,0,35101
28,0,3.655,1,0,35101
28,0,3.655,1,0,35101
28,0,3.655,1,0,35101
28,0,3.655,1,0,35101
28,0,3.655,1,0,35101
28,0,3.655,1,0,35101
28,0,3.655,1,0,35101
28,0,3.655,1,0,35101
28,0,3.655,1,0,35101
28,0,3.655,1,0,35101
28,0,3.655,1,0,35101
28,0,3.655,1,0,35101
28,0,3.655,1,0,35101
28,0,3.655,1,0,35101
28,0,3.655,1,0,35101
28,0,3.655,1,0,35101
28,0,3.655,1,0,35101
28,0,3.655,1,0,35101
28,0,3.655,1,0,35101
28,0,3.655,1,0,35101
28,0,3.655,1,0,35101
28,0,3.655,1,0,35101
28,0,3.655,1,0,35101
28,0,3.655,1,0,35101
28,0,3.655,1,0,35101
28,0,3.655,1,0,35101
28,0,3.655,1,0,35101
28,0,3.655,1,0,35101
28,0,3.655,1,0,35101
28,0,3.655,1,0,35101
28,0,3.655,1,0,35101
28,0,3.655,1,0,35101
28,0,3.655,1,0,35101
28,0,3.655,1,0,35101
28,0,3.655,1,0,35101
28,0,3.655,1,0,35101
28,0,3.655,1,0,35101
28,0,3.655,1,0,35101
28,0,3.655,1,0,35101
28,0,3.655,1,0,35101
28,0,3.655,1,0,35101
28,0,3.655,1,0,35101
28,0,3.655,1,0,35101
28,0,3.655,1,0,35101
28,0,3.655,1,0,35101
28,0,3.655,1,0,35101
28,0,3.655,1,0,35101
28,0,3.655,1,0,35101
28,0,3.655,1,0,35101
28,0,3.655,1,0,35101
28,0,3.655,1,0,35101
28,0,3.655,1,0,35101
28,0,3.655,1,0,35101
28,0,3.655,1,0,35101
28,0,3.655,1,0,35101
28,0,3.655,1,0,35101
28,0,3.655,1,0,35101
28,0,3.655,1,0,35101
28,0,3.655,1,0,35101
28,0,3.655,1,0,35101
28,0,3.655,1,0,35101
28,0,3.655,1,0,35101
28,0,3.655,1,0,35101
28,0,3.655,1,0,35101
28,0,3.655,1,0,35101
28,0,3.655,1,0,35101
28,0,3.655,1,0,35101
28,0,3.655,1,0,35101
28,0,3.655,1,0,35101
28,0,3.655,1,0,35101
28,0,3.655,1,0,35101
28,0,3.655,1,0,35101
28,0,3.655,1,0,35101
28,0,3.655,1,0,35101
28,0,3.655,1,0,35101
28,0,3.655,1,0,35101
28,0,3.655,1,0,35101
28,0,3.655,1,0,35101
28,0,3.655,1,0,35101
28,0,3.655,1,0,35101
28,0,3.655,1,0,35101
28,0,3.655,1,0,35101
28,0,3.655,1,0,35101
28,0,3.655,1,0,35101
28,0,3.655,1,0,35101
28,0,3.655,1,0,35101
28,0,3.655,1,0,35101
28,0,3.655,1,0,35101
28,0,3.655,1,0,35101
28,0,3.655,1,0,35101
28,0,3.655,1,0,35101
28,0,3.655,1,0,35101
28,0,3.655,1,0,35101
28,0,3.655,1,0,35101
28,0,3.655,1,0,35101
28,0,3.655,1,0,35101
28,0,3.655,1,0,35101
28,0,3.655,1,0,35101
28,0,3.655,1,0,35101
28,0,3.655,1,0,35101
28,0,3.655,1,0,35101
28,0,3.655,1,0,35101
28,0,3.655,1,0,35101
28,0,3.655,1,0,35101
28,0,3.655,1,0,35101
28,0,3.655,1,0,35101
28,0,3.655,1,0,35101
28,0,3.655,1,0,35101
28,0,3.655,1,0,35101
28,0,3.655,1,0,35101
28,0,3.655,1,0,35101
28,0,3.655,1,0,35101
28,0,3.655,1,0,35101
28,0,3.655,1,0,35101
28,0,3.655,1,0,35101
28,0,3.655,1,0,35101
28,0,3.655,1,0,35101
28,0,3.655,1,0,35101
28,0,3.655,1,0,35101
28,0,3.655,1,0,35101
28,0,3.655,1,0,35101
28,0,3.655,1,0,35101
28,0,3.655,1,0,35101
28,0,3.655,1,0,35101
28,0,3.655,1,0,35101
28,0,3.655,1,0,35101
28,0,3.655,1,0,35101
28,0,3.655,1,0,35101
28,0,3.655,1,0,35101
28,0,3.655,1,0,35101
28,0,3.655,1,0,35101
28,0,3.655,1,0,35101
28,0,3.655,1,0,35101
28,0,3.655,1,0,35101
28,0,3.655,1,0,35101
28,0,3.655,1,0,35101
28,0,3.655,1,0,35101
28,0,3.655,1,0,35101
28,0,3.655,1,0,35101
28,0,3.655,1,0,35101
28,0,3.655,1,0,35101
28,0,3.655,1,0,35101
28,0,3.655,1,0,35101
28,0,3.655,1,0,35101
28,0,3.655,1,0,35101
28,0,3.655,1,0,35101
28,0,3.655,1,0,35101
28,0,3.655,1,0,35101
28,0,3.655,1,0,35101
28,0,3.655,1,0,35101
28,0,3.655,1,0,35101
28,0,3.655,1,0,35101
28,0,3.655,1,0,35101
28,0,3.655,1,0,35101
28,0,3.655,1,0,35101
28,0,3.655,1,0,35101
28,0,3.655,1,0,35101
28,0,3.655,1,0,35101
28,0,3.655,1,0,35101
28,0,3.655,1,0,35101
28,0,3.655,1,0,35101
28,0,3.655,1,0,35101
28,0,3.655,1,0,35101
28,0,3.655,1,0,35101
28,0,3.655,1,0,35101
28,0,3.655,1,0,35101
28,0,3.655,1,0,35101
28,0,3.655,1,0,35101
28,0,3.655,1,0,35101
28,0,3.655,1,0,35101
28,0,3.655,1,0,35101
28,0,3.655,1,0,35101
28,0,3.655,1,0,35101
28,0,3.655,1,0,35101
28,0,3.655,1,0,35101
28,0,3.655,1,0,35101
28,0,3.655,1,0,35101
28,0,3.655,1,0,35101
28,0,3.655,1,0,35101
28,0,3.655,1,0,35101
28,0,3.655,1,0,35101
28,0,3.655,1,0,35101
28,0,3.655,1,0,35101
28,0,3.655,1,0,35101
28,0,3.655,1,0,35101
28,0,3.655,1,0,35101
28,0,3.655,1,0,35101
28,0,3.655,1,0,35101
28,0,3.655,1,0,35101
28,0,3.655,1,0,35101
28,0,3.655,1,0,35101
28,0,3.655,1,0,35101
28,0,3.655,1,0,35101
28,0,3.655,1,0,35101
28,0,3.655,1,0,35101
28,0,3.655,1,0,35101
28,0,3.655,1,0,35101
28,0,3.655,1,0,35101
28,0,3.655,1,0,35101
28,0,3.655,1,0,35101
28,0,3.655,1,0,35101
28,0,3.655,1,0,35101
28,0,3.655,1,0,35101
28,0,3.655,1,0,35101
28,0,3.655,1,0,35101
28,0,3.655,1,0,35101
28,0,3.655,1,0,35101
28,0,3.655,1,0,35101
28,0,3.655,1,0,35101
28,0,3.655,1,0,35101
28,0,3.655,1,0,35101
28,0,3.655,1,0,35101
28,0,3.655,1,0,35101
28,0,3.655,1,0,35101
28,0,3.655,1,0,35101
28,0,3.655,1,0,35101
28,0,3.655,1,0,35101
28,0,3.655,1,0,35101
28,0,3.655,1,0,35101
28,0,3.655,1,0,35101
28,0,3.655,1,0,35101
28,0,3.655,1,0,35101
28,0,3.655,1,0,35101
28,0,3.655,1,0,35101
28,0,3.655,1,0,35101
28,0,3.655,1,0,35101
28,0,3.655,1,0,35101
28,0,3.655,1,0,35101
28,0,3.655,1,0,35101
28,0,3.655,1,0,35101
28,0,3.655,1,0,35101
28,0,3.655,1,0,35101
28,0,3.655,1,0,35101
28,0,3.655,1,0,35101
28,0,3.655,1,0,35101
28,0,3.655,1,0,35101
28,0,3.655,1,0,35101
28,0,3.655,1,0,35101
28,0,3.655,1,0,35101
28,0,3.655,1,0,35101
28,0,3.655,1,0,35101
28,0,3.655,1,0,35101
28,0,3.655,1,0,35101
28,0,3.655,1,0,35101
28,0,3.655,1,0,35101
28,0,3.655,1,0,35101
28,0,3.655,1,0,35101
28,0,3.655,1,0,35101
28,0,3.655,1,0,35101
28,0,3.655,1,0,35101
28,0,3.655,1,0,35101
28,0,3.655,1,0,35101
28,0,3.655,1,0,35101
28,0,3.655,1,0,35101
28,0,3.655,1,0,35101
28,0,3.655,1,0,35101
28,0,3.655,1,0,35101
28,0,3.655,1,0,35101
28,0,3.655,1,0,35101
28,0,3.655,1,0,35101
28,0,3.655,1,0,35101
28,0,3.655,1,0,35101
28,0,3.655,1,0,35101
28,0,3.655,1,0,35101
28,0,3.655,1,0,35101
28,0,3.655,1,0,35101
28,0,3.655,1,0,35101
28,0,3.655,1,0,35101
28,0,3.655,1,0,35101
28,0,3.655,1,0,35101
28,0,3.655,1,0,35101
28,0,3.655,1,0,35101
28,0,3.655,1,0,35101
28,0,3.655,1,0,35101
28,0,3.655,1,0,35101
28,0,3.655,1,0,35101
28,0,3.655,1,0,35101
28,0,3.655,1,0,35101
28,0,3.655,1,0,35101
28,0,3.655,1,0,35101
28,0,3.655,1,0,35101
28,0,3.655,1,0,35101
28,0,3.655,1,0,35101
28,0,3.655,1,0,35101
28,0,3.655,1,0,35101
28,0,3.655,1,0,35101
28,0,3.655,1,0,35101
28,0,3.655,1,0,35101
28,0,3.655,1,0,35101
28,0,3.655,1,0,35101
28,0,3.655,1,0,35101
28,0,3.655,1,0,35101
28,0,3.655,1,0,35101
28,0,3.655,1,0,35101
28,0,3.655,1,0,35101
28,0,3.655,1,0,35101
28,0,3.655,1,0,35101
28,0,3.655,1,0,35101
28,0,3.655,1,0,35101
28,0,3.655,1,0,35101
28,0,3.655,1,0,35101
28,0,3.655,1,0,35101
28,0,3.655,1,0,35101
28,0,3.655,1,0,35101
28,0,3.655,1,0,35101
28,0,3.655,1,0,35101
28,0,3.655,1,0,35101
28,0,3.655,1,0,35101
28,0,3.655,1,0,35101
28,0,3.655,1,0,35101
28,0,3.655,1,0,35101
28,0,3.655,1,0,35101
28,0,3.655,1,0,35101
28,0,3.655,1,0,35101
28,0,3.655,1,0,35101
28,0,3.655,1,0,35101
28,0,3.655,1,0,35101
28,0,3.655,1,0,35101
28,0,3.655,1,0,35101
28,0,3.655,1,0,35101
28,0,3.655,1,0,35101
28,0,3.655,1,0,35101
28,0,3.655,1,0,35101
28,0,3.655,1,0,35101
28,0,3.655,1,0,35101
28,0,3.655,1,0,35101
28,0,3.655,1,0,35101
28,0,3.655,1,0,35101
28,0,3.655,1,0,35101
28,0,3.655,1,0,35101
28,0,3.655,1,0,35101
28,0,3.655,1,0,35101
28,0,3.655,1,0,35101
28,0,3.655,1,0,35101
28,0,3.655,1,0,35101
28,0,3.655,1,0,35101
28,0,3.655,1,0,35101
28,0,3.655,1,0,35101
28,0,3.655,1,0,35101
28,0,3.655,1,0,35101
28,0,3.655,1,0,35101
28,0,3.655,1,0,35101
28,0,3.655,1,0,35101
28,0,3.655,1,0,35101
28,0,3.655,1,0,35101
28,0,3.655,1,0,35101
28,0,3.655,1,0,35101
28,0,3.655,1,0,35101
28,0,3.655,1,0,35101
28,0,3.655,1,0,35101
28,0,3.655,1,0,35101
28,0,3.655,1,0,35101
28,0,3.655,1,0,35101
28,0,3.655,1,0,35101
28,0,3.655,1,0,35101
28,0,3.655,1,0,35101
28,0,3.655,1,0,35101
28,0,3.655,1,0,35101
28,0,3.655,1,0,35101
28,0,3.655,1,0,35101
28,0,3.655,1,0,35101
28,0,3.655,1,0,35101
28,0,3.655,1,0,35101
28,0,3.655,1,0,35101
28,0,3.655,1,0,35101
28,0,3.655,1,0,35101
28,0,3.655,1,0,35101
28,0,3.655,1,0,35101
28,0,3.655,1,0,35101
28,0,3.655,1,0,35101
28,0,3.655,1,0,35101
28,0,3.655,1,0,35101
28,0,3.655,1,0,35101
28,0,3.655,1,0,35101
28,0,3.655,1,0,35101
28,0,3.655,1,0,35101
28,0,3.655,1,0,35101
28,0,3.655,1,0,35101
28,0,3.655,1,0,35101
28,0,3.655,1,0,35101
28,0,3.655,1,0,35101
28,0,3.655,1,0,35101
28,0,3.655,1,0,35101
28,0,3.655,1,0,35101
28,0,3.655,1,0,35101
28,0,3.655,1,0,35101
28,0,3.655,1,0,35101
28,0,3.655,1,0,35101
28,0,3.655,1,0,35101
28,0,3.655,1,0,35101
28,0,3.655,1,0,35101
28,0,3.655,1,0,35101
28,0,3.655,1,0,35101
28,0,3.655,1,0,35101
28,0,3.655,1,0,35101
28,0,3.655,1,0,35101
28,0,3.655,1,0,35101
28,0,3.655,1,0,35101
28,0,3.655,1,0,35101
28,0,3.655,1,0,35101
28,0,3.655,1,0,35101
28,0,3.655,1,0,35101
28,0,3.655,1,0,35101
28,0,3.655,1,0,35101
28,0,3.655,1,0,35101
28,0,3.655,1,0,35101
28,0,3.655,1,0,35101
28,0,3.655,1,0,35101
28,0,3.655,1,0,35101
28,0,3.655,1,0,35101
28,0,3.655,1,0,35101
28,0,3.655,1,0,35101
28,0,3.655,1,0,35101
28,0,3.655,1,0,35101
28,0,3.655,1,0,35101
28,0,3.655,1,0,35101
28,0,3.655,1,0,35101
28,0,3.655,1,0,35101
28,0,3.655,1,0,35101
28,0,3.655,1,0,35101
28,0,3.655,1,0,35101
28,0,3.655,1,0,35101
28,0,3.655,1,0,35101
28,0,3.655,1,0,35101
28,0,3.655,1,0,35101
28,0,3.655,1,0,35101
28,0,3.655,1,0,35101
28,0,3.655,1,0,35101
28,0,3.655,1,0,35101
28,0,3.655,1,0,35101
28,0,3.655,1,0,35101
28,0,3.655,1,0,35101
28,0,3.655,1,0,35101
28,0,3.655,1,0,35101
28,0,3.655,1,0,35101
28,0,3.655,1,0,35101
28,0,3.655,1,0,35101
28,0,3.655,1,0,35101
28,0,3.655,1,0,35101
28,0,3.655,1,0,35101
28,0,3.655,1,0,35101
28,0,3.655,1,0,35101
28,0,3.655,1,0,35101
28,0,3.655,1,0,35101
28,0,3.655,1,0,35101
28,0,3.655,1,0,35101
28,0,3.655,1,0,35101
28,0,3.655,1,0,35101
28,0,3.655,1,0,35101
28,0,3.655,1,0,35101
28,0,3.655,1,0,35101
28,0,3.655,1,0,35101
28,0,3.655,1,0,35101
28,0,3.655,1,0,35101
28,0,3.655,1,0,35101
28,0,3.655,1,0,35101
28,0,3.655,1,0,35101
28,0,3.655,1,0,35101
28,0,3.655,1,0,35101
28,0,3.655,1,0,35101
28,0,3.655,1,0,35101
28,0,3.655,1,0,35101
28,0,3.655,1,0,35101
28,0,3.655,1,0,35101
28,0,3.655,1,0,35101
28,0,3.655,1,0,35101
28,0,3.655,1,0,35101
28,0,3.655,1,0,35101
28,0,3.655,1,0,35101
28,0,3.655,1,0,35101
28,0,3.655,1,0,35101
28,0,3.655,1,0,35101
28,0,3.655,1,0,35101
28,0,3.655,1,0,35101
28,0,3.655,1,0,35101
28,0,3.655,1,0,35101
28,0,3.655,1,0,35101
28,0,3.655,1,0,35101
28,0,3.655,1,0,35101
28,0,3.655,1,0,35101
28,0,3.655,1,0,35101
28,0,3.655,1,0,35101
28,0,3.655,1,0,35101
28,0,3.655,1,0,35101
28,0,3.655,1,0,35101
28,0,3.655,1,0,35101
28,0,3.655,1,0,35101
28,0,3.655,1,0,35101
28,0,3.655,1,0,35101
28,0,3.655,1,0,35101
28,0,3.655,1,0,35101
28,0,3.655,1,0,35101
28,0,3.655,1,0,35101
28,0,3.655,1,0,35101
28,0,3.655,1,0,35101
28,0,3.655,1,0,35101
28,0,3.655,1,0,35101
28,0,3.655,1,0,35101
28,0,3.655,1,0,35101
28,0,3.655,1,0,35101
28,0,3.655,1,0,35101
28,0,3.655,1,0,35101
28,0,3.655,1,0,35101
28,0,3.655,1,0,35101
28,0,3.655,1,0,35101
28,0,3.655,1,0,35101
28,0,3.655,1,0,35101
28,0,3.655,1,0,35101
28,0,3.655,1,0,35101
28,0,3.655,1,0,35101
28,0,3.655,1,0,35101
28,0,3.655,1,0,35101
28,0,3.655,1,0,35101
28,0,3.655,1,0,35101
28,0,3.655,1,0,35101
28,0,3.655,1,0,35101
28,0,3.655,1,0,35101
28,0,3.655,1,0,35101
28,0,3.655,1,0,35101
28,0,3.655,1,0,35101
28,0,3.655,1,0,35101
28,0,3.655,1,0,35101
28,0,3.655,1,0,35101
28,0,3.655,1,0,35101
28,0,3.655,1,0,35101
28,0,3.655,1,0,35101
28,0,3.655,1,0,35101
28,0,3.655,1,0,35101
28,0,3.655,1,0,35101
28,0,3.655,1,0,35101
28,0,3.655,1,0,35101
28,0,3.655,1,0,35101
28,0,3.655,1,0,35101
28,0,3.655,1,0,35101
28,0,3.655,1,0,35101
28,0,3.655,1,0,35101
28,0,3.655,1,0,35101
28,0,3.655,1,0,35101
28,0,3.655,1,0,35101
28,0,3.655,1,0,35101
28,0,3.655,1,0,35101
28,0,3.655,1,0,35101
28,0,3.655,1,0,35101
28,0,3.655,1,0,35101
28,0,3.655,1,0,35101
28,0,3.655,1,0,35101
28,0,3.655,1,0,35101
28,0,3.655,1,0,35101
28,0,3.655,1,0,35101
28,0,3.655,1,0,35101
28,0,3.655,1,0,35101
28,0,3.655,1,0,35101
28,0,3.655,1,0,35101
28,0,3.655,1,0,35101
28,0,3.655,1,0,35101
28,0,3.655,1,0,35101
28,0,3.655,1,0,35101
28,0,3.655,1,0,35101
28,0,3.655,1,0,35101
28,0,3.655,1,0,35101
28,0,3.655,1,0,35101
28,0,3.655,1,0,35101
28,0,3.655,1,0,35101
28,0,3.655,1,0,35101
28,0,3.655,1,0,35101
28,0,3.655,1,0,35101
28,0,3.655,1,0,35101
28,0,3.655,1,0,35101
28,0,3.655,1,0,35101
28,0,3.655,1,0,35101
28,0,3.655,1,0,35101
28,0,3.655,1,0,35101
28,0,3.655,1,0,35101
28,0,3.655,1,0,35101
28,0,3.655,1,0,35101
28,0,3.655,1,0,35101
28,0,3.655,1,0,35101
28,0,3.655,1,0,35101
28,0,3.655,1,0,35101
28,0,3.655,1,0,35101
28,0,3.655,1,0,35101
28,0,3.655,1,0,35101
28,0,3.655,1,0,35101
28,0,3.655,1,0,35101
28,0,3.655,1,0,35101
28,0,3.655,1,0,35101
28,0,3.655,1,0,35101
28,0,3.655,1,0,35101
28,0,3.655,1,0,35101
28,0,3.655,1,0,35101
28,0,3.655,1,0,35101
28,0,3.655,1,0,35101
28,0,3.655,1,0,35101
28,0,3.655,1,0,35101
28,0,3.655,1,0,35101
28,0,3.655,1,0,35101
28,0,3.655,1,0,35101
28,0,3.655,1,0,35101
28,0,3.655,1,0,35101
28,0,3.655,1,0,35101
28,0,3.655,1,0,35101
28,0,3.655,1,0,35101
28,0,3.655,1,0,35101
28,0,3.655,1,0,35101
28,0,3.655,1,0,35101
28,0,3.655,1,0,35101
28,0,3.655,1,0,35101
28,0,3.655,1,0,35101
28,0,3.655,1,0,35101
28,0,3.655,1,0,35101
28,0,3.655,1,0,35101
28,0,3.655,1,0,35101
28,0,3.655,1,0,35101
28,0,3.655,1,0,35101
28,0,3.655,1,0,35101
28,0,3.655,1,0,35101
28,0,3.655,1,0,35101
28,0,3.655,1,0,35101
28,0,3.655,1,0,35101
28,0,3.655,1,0,35101
28,0,3.655,1,0,35101
28,0,3.655,1,0,35101
28,0,3.655,1,0,35101
28,0,3.655,1,0,35101
28,0,3.655,1,0,35101
28,0,3.655,1,0,35101
28,0,3.655,1,0,35101
28,0,3.655,1,0,35101
28,0,3.655,1,0,35101
28,0,3.655,1,0,35101
28,0,3.655,1,0,35101
28,0,3.655,1,0,35101
28,0,3.655,1,0,35101
28,0,3.655,1,0,35101
28,0,3.655,1,0,35101
28,0,3.655,1,0,35101
28,0,3.655,1,0,35101
28,0,3.655,1,0,35101
28,0,3.655,1,0,35101
28,0,3.655,1,0,35101
28,0,3.655,1,0,35101
28,0,3.655,1,0,35101
28,0,3.655,1,0,35101
28,0,3.655,1,0,35101
28,0,3.655,1,0,35101
28,0,3.655,1,0,35101
28,0,3.655,1,0,35101
28,0,3.655,1,0,35101
28,0,3.655,1,0,35101
28,0,3.655,1,0,35101
28,0,3.655,1,0,35101
28,0,3.655,1,0,35101
28,0,3.655,1,0,35101
28,0,3.655,1,0,35101
28,0,3.655,1,0,35101
28,0,3.655,1,0,35101
28,0,3.655,1,0,35101
28,0,3.655,1,0,35101
28,0,3.655,1,0,35101
28,0,3.655,1,0,35101
28,0,3.655,1,0,35101
28,0,3.655,1,0,35101
28,0,3.655,1,0,35101
28,0,3.655,1,0,35101
28,0,3.655,1,0,35101
28,0,3.655,1,0,35101
28,0,3.655,1,0,35101
28,0,3.655,1,0,35101
28,0,3.655,1,0,35101
28,0,3.655,1,0,35101
28,0,3.655,1,0,35101
28,0,3.655,1,0,35101
28,0,3.655,1,0,35101
28,0,3.655,1,0,35101
28,0,3.655,1,0,35101
28,0,3.655,1,0,35101
28,0,3.655,1,0,35101
28,0,3.655,1,0,35101
28,0,3.655,1,0,35101
28,0,3.655,1,0,35101
28,0,3.655,1,0,35101
28,0,3.655,1,0,35101
28,0,3.655,1,0,35101
28,0,3.655,1,0,35101
28,0,3.655,1,0,35101
28,0,3.655,1,0,35101
28,0,3.655,1,0,35101
28,0,3.655,1,0,35101
28,0,3.655,1,0,35101
28,0,3.655,1,0,35101
28,0,3.655,1,0,35101
28,0,3.655,1,0,35101
28,0,3.655,1,0,35101
28,0,3.655,1,0,35101
28,0,3.655,1,0,35101
28,0,3.655,1,0,35101
28,0,3.655,1,0,35101
28,0,3.655,1,0,35101
28,0,3.655,1,0,35101
28,0,3.655,1,0,35101
28,0,3.655,1,0,35101
28,0,3.655,1,0,35101
28,0,3.655,1,0,35101
28,0,3.655,1,0,35101
28,0,3.655,1,0,35101
28,0,3.655,1,0,35101
28,0,3.655,1,0,35101
28,0,3.655,1,0,35101
28,0,3.655,1,0,35101
28,0,3.655,1,0,35101
28,0,3.655,1,0,35101
28,0,3.655,1,0,35101
28,0,3.655,1,0,35101
28,0,3.655,1,0,35101
28,0,3.655,1,0,35101
28,0,3.655,1,0,35101
28,0,3.655,1,0,35101
28,0,3.655,1,0,35101
28,0,3.655,1,0,35101
28,0,3.655,1,0,35101
28,0,3.655,1,0,35101
28,0,3.655,1,0,35101
28,0,3.655,1,0,35101
28,0,3.655,1,0,35101
28,0,3.655,1,0,35101
28,0,3.655,1,0,35101
28,0,3.655,1,0,35101
28,0,3.655,1,0,35101
28,0,3.655,1,0,35101
28,0,3.655,1,0,35101
28,0,3.655,1,0,35101
28,0,3.655,1,0,35101
28,0,3.655,1,0,35101
28,0,3.655,1,0,35101
28,0,3.655,1,0,35101
28,0,3.655,1,0,35101
28,0,3.655,1,0,35101
28,0,3.655,1,0,35101
28,0,3.655,1,0,35101
28,0,3.655,1,0,35101
28,0,3.655,1,0,35101
28,0,3.655,1,0,35101
28,0,3.655,1,0,35101
28,0,3.655,1,0,35101
28,0,3.655,1,0,35101
28,0,3.655,1,0,35101
28,0,3.655,1,0,35101
28,0,3.655,1,0,35101
28,0,3.655,1,0,35101
28,0,3.655,1,0,35101
28,0,3.655,1,0,35101
28,0,3.655,1,0,35101
28,0,3.655,1,0,35101
28,0,3.655,1,0,35101
28,0,3.655,1,0,35101
28,0,3.655,1,0,35101
28,0,3.655,1,0,35101
28,0,3.655,1,0,35101
28,0,3.655,1,0,35101
28,0,3.655,1,0,35101
28,0,3.655,1,0,35101
28,0,3.655,1,0,35101
28,0,3.655,1,0,35101
28,0,3.655,1,0,35101
28,0,3.655,1,0,35101
28,0,3.655,1,0,35101
28,0,3.655,1,0,35101
28,0,3.655,1,0,35101
28,0,3.655,1,0,35101
28,0,3.655,1,0,35101
28,0,3.655,1,0,35101
28,0,3.655,1,0,35101
28,0,3.655,1,0,35101
28,0,3.655,1,0,35101
28,0,3.655,1,0,35101
28,0,3.655,1,0,35101
28,0,3.655,1,0,35101
28,0,3.655,1,0,35101
28,0,3.655,1,0,35101
28,0,3.655,1,0,35101
28,0,3.655,1,0,35101
28,0,3.655,1,0,35101
28,0,3.655,1,0,35101
28,0,3.655,1,0,35101
28,0,3.655,1,0,35101
28,0,3.655,1,0,35101
28,0,3.655,1,0,35101
28,0,3.655,1,0,35101
28,0,3.655,1,0,35101
28,0,3.655,1,0,35101
28,0,3.655,1,0,35101
28,0,3.655,1,0,35101
28,0,3.655,1,0,35101
28,0,3.655,1,0,35101
28,0,3.655,1,0,35101
28,0,3.655,1,0,35101
28,0,3.655,1,0,35101
28,0,3.655,1,0,35101
28,0,3.655,1,0,35101
28,0,3.655,1,0,35101
28,0,3.655,1,0,35101
28,0,3.655,1,0,35101
28,0,3.655,1,0,35101
28,0,3.655,1,0,35101
28,0,3.655,1,0,35101
28,0,3.655,1,0,35101
28,0,3.655,1,0,35101
28,0,3.655,1,0,35101
28,0,3.655,1,0,35101
28,0,3.655,1,0,35101
28,0,3.655,1,0,35101
28,0,3.655,1,0,35101
28,0,3.655,1,0,35101
28,0,3.655,1,0,35101
28,0,3.655,1,0,35101
28,0,3.655,1,0,35101
28,0,3.655,1,0,35101
28,0,3.655,1,0,35101
28,0,3.655,1,0,35101
28,0,3.655,1,0,35101
28,0,3.655,1,0,35101
28,0,3.655,1,0,35101
28,0,3.655,1,0,35101
28,0,3.655,1,0,35101
28,0,3.655,1,0,35101
28,0,3.655,1,0,35101
28,0,3.655,1,0,35101
28,0,3.655,1,0,35101
28,0,3.655,1,0,35101
28,0,3.655,1,0,35101
28,0,3.655,1,0,35101
28,0,3.655,1,0,35101
28,0,3.655,1,0,35101
28,0,3.655,1,0,35101
28,0,3.655,1,0,35101
28,0,3.655,1,0,35101
28,0,3.655,1,0,35101
28,0,3.655,1,0,35101
28,0,3.655,1,0,35101
28,0,3.655,1,0,35101
28,0,3.655,1,0,35101
28,0,3.655,1,0,35101
28,0,3.655,1,0,35101
28,0,3.655,1,0,35101
28,0,3.655,1,0,35101
28,0,3.655,1,0,35101
28,0,3.655,1,0,35101
28,0,3.655,1,0,35101
28,0,3.655,1,0,35101
28,0,3.655,1,0,35101
28,0,3.655,1,0,35101
28,0,3.655,1,0,35101
28,0,3.655,1,0,35101
28,0,3.655,1,0,35101
28,0,3.655,1,0,35101
28,0,3.655,1,0,35101
28,0,3.655,1,0,35101
28,0,3.655,1,0,35101
28,0,3.655,1,0,35101
28,0,3.655,1,0,35101
28,0,3.655,1,0,35101
28,0,3.655,1,0,35101
28,0,3.655,1,0,35101
28,0,3.655,1,0,35101
28,0,3.655,1,0,35101
28,0,3.655,1,0,35101
28,0,3.655,1,0,35101
28,0,3.655,1,0,35101
28,0,3.655,1,0,35101
28,0,3.655,1,0,35101
28,0,3.655,1,0,35101
28,0,3.655,1,0,35101
28,0,3.655,1,0,35101
28,0,3.655,1,0,35101
28,0,3.655,1,0,35101
28,0,3.655,1,0,35101
28,0,3.655,1,0,35101
28,0,3.655,1,0,35101
28,0,3.655,1,0,35101
28,0,3.655,1,0,35101
28,0,3.655,1,0,35101
28,0,3.655,1,0,35101
28,0,3.655,1,0,35101
28,0,3.655,1,0,35101
28,0,3.655,1,0,35101
28,0,3.655,1,0,35101
28,0,3.655,1,0,35101
28,0,3.655,1,0,35101
28,0,3.655,1,0,35101
28,0,3.655,1,0,35101
28,0,3.655,1,0,35101
28,0,3.655,1,0,35101
28,0,3.655,1,0,35101
28,0,3.655,1,0,35101
28,0,3.655,1,0,35101
28,0,3.655,1,0,35101
28,0,3.655,1,0,35101
28,0,3.655,1,0,35101
28,0,3.655,1,0,35101
28,0,3.655,1,0,35101
28,0,3.655,1,0,35101
28,0,3.655,1,0,35101
28,0,3.655,1,0,35101
28,0,3.655,1,0,35101
28,0,3.655,1,0,35101
28,0,3.655,1,0,35101
28,0,3.655,1,0,35101
28,0,3.655,1,0,35101
28,0,3.655,1,0,35101
28,0,3.655,1,0,35101
28,0,3.655,1,0,35101
28,0,3.655,1,0,35101
28,0,3.655,1,0,35101
28,0,3.655,1,0,35101
28,0,3.655,1,0,35101
28,0,3.655,1,0,35101
28,0,3.655,1,0,35101
28,0,3.655,1,0,35101
28,0,3.655,1,0,35101
28,0,3.655,1,0,35101
28,0,3.655,1,0,35101
28,0,3.655,1,0,35101
28,0,3.655,1,0,35101
28,0,3.655,1,0,35101
28,0,3.655,1,0,35101
28,0,3.655,1,0,35101
28,0,3.655,1,0,35101
28,0,3.655,1,0,35101
28,0,3.655,1,0,35101
28,0,3.655,1,0,35101
28,0,3.655,1,0,35101
28,0,3.655,1,0,35101
28,0,3.655,1,0,35101
28,0,3.655,1,0,35101
28,0,3.655,1,0,35101
28,0,3.655,1,0,35101
28,0,3.655,1,0,35101
28,0,3.655,1,0,35101
28,0,3.655,1,0,35101
28,0,3.655,1,0,35101
28,0,3.655,1,0,35101
28,0,3.655,1,0,35101
28,0,3.655,1,0,35101
28,0,3.655,1,0,35101
28,0,3.655,1,0,35101
28,0,3.655,1,0,35101
28,0,3.655,1,0,35101
28,0,3.655,1,0,35101
28,0,3.655,1,0,35101
28,0,3.655,1,0,35101
28,0,3.655,1,0,35101
28,0,3.655,1,0,35101
28,0,3.655,1,0,35101
28,0,3.655,1,0,35101
28,0,3.655,1,0,35101
28,0,3.655,1,0,35101
28,0,3.655,1,0,35101
28,0,3.655,1,0,35101
28,0,3.655,1,0,35101
28,0,3.655,1,0,35101
28,0,3.655,1,0,35101
28,0,3.655,1,0,35101
28,0,3.655,1,0,35101
28,0,3.655,1,0,35101
28,0,3.655,1,0,35101
28,0,3.655,1,0,35101
28,0,3.655,1,0,35101
28,0,3.655,1,0,35101
28,0,3.655,1,0,35101
28,0,3.655,1,0,35101
28,0,3.655,1,0,35101
28,0,3.655,1,0,35101
28,0,3.655,1,0,35101
28,0,3.655,1,0,35101
28,0,3.655,1,0,35101
28,0,3.655,1,0,35101
28,0,3.655,1,0,35101
28,0,3.655,1,0,35101
28,0,3.655,1,0,35101
28,0,3.655,1,0,35101
28,0,3.655,1,0,35101
28,0,3.655,1,0,35101
28,0,3.655,1,0,35101
28,0,3.655,1,0,35101
28,0,3.655,1,0,35101
28,0,3.655,1,0,35101
28,0,3.655,1,0,35101
28,0,3.655,1,0,35101
28,0,3.655,1,0,35101
28,0,3.655,1,0,35101
28,0,3.655,1,0,35101
28,0,3.655,1,0,35101
28,0,3.655,1,0,35101
28,0,3.655,1,0,35101
28,0,3.655,1,0,35101
28,0,3.655,1,0,35101
28,0,3.655,1,0,35101
28,0,3.655,1,0,35101
28,0,3.655,1,0,35101
28,0,3.655,1,0,35101
28,0,3.655,1,0,35101
28,0,3.655,1,0,35101
28,0,3.655,1,0,35101
28,0,3.655,1,0,35101
28,0,3.655,1,0,35101
28,0,3.655,1,0,35101
28,0,3.655,1,0,35101
28,0,3.655,1,0,35101
28,0,3.655,1,0,35101
28,0,3.655,1,0,35101
28,0,3.655,1,0,35101
28,0,3.655,1,0,35101
28,0,3.655,1,0,35101
28,0,3.655,1,0,35101
28,0,3.655,1,0,35101
28,0,3.655,1,0,35101
28,0,3.655,1,0,35101
28,0,3.655,1,0,35101
28,0,3.655,1,0,35101
28,0,3.655,1,0,35101
28,0,3.655,1,0,35101
28,0,3.655,1,0,35101
28,0,3.655,1,0,35101
28,0,3.655,1,0,35101
28,0,3.655,1,0,35101
28,0,3.655,1,0,35101
28,0,3.655,1,0,35101
28,0,3.655,1,0,35101
28,0,3.655,1,0,35101
28,0,3.655,1,0,35101
28,0,3.655,1,0,35101
28,0,3.655,1,0,35101
28,0,3.655,1,0,35101
28,0,3.655,1,0,35101
28,0,3.655,1,0,35101
28,0,3.655,1,0,35101
28,0,3.655,1,0,35101
28,0,3.655,1,0,35101
28,0,3.655,1,0,35101
28,0,3.655,1,0,35101
28,0,3.655,1,0,35101
28,0,3.655,1,0,35101
28,0,3.655,1,0,35101
28,0,3.655,1,0,35101
28,0,3.655,1,0,35101
28,0,3.655,1,0,35101
28,0,3.655,1,0,35101
28,0,3.655,1,0,35101
28,0,3.655,1,0,35101
28,0,3.655,1,0,35101
28,0,3.655,1,0,35101
28,0,3.655,1,0,35101
28,0,3.655,1,0,35101
28,0,3.655,1,0,35101
28,0,3.655,1,0,35101
28,0,3.655,1,0,35101
28,0,3.655,1,0,35101
28,0,3.655,1,0,35101
28,0,3.655,1,0,35101
28,0,3.655,1,0,35101
28,0,3.655,1,0,35101
28,0,3.655,1,0,35101
28,0,3.655,1,0,35101
28,0,3.655,1,0,35101
28,0,3.655,1,0,35101
28,0,3.655,1,0,35101
28,0,3.655,1,0,35101
28,0,3.655,1,0,35101
28,0,3.655,1,0,35101
28,0,3.655,1,0,35101
28,0,3.655,1,0,35101
28,0,3.655,1,0,35101
28,0,3.655,1,0,35101
28,0,3.655,1,0,35101
28,0,3.655,1,0,35101
28,0,3.655,1,0,35101
28,0,3.655,1,0,35101
28,0,3.655,1,0,35101
28,0,3.655,1,0,35101
28,0,3.655,1,0,35101
28,0,3.655,1,0,35101
28,0,3.655,1,0,35101
28,0,3.655,1,0,35101
28,0,3.655,1,0,35101
28,0,3.655,1,0,35101
28,0,3.655,1,0,35101
28,0,3.655,1,0,35101
28,0,3.655,1,0,35101
28,0,3.655,1,0,35101
28,0,3.655,1,0,35101
28,0,3.655,1,0,35101
28,0,3.655,1,0,35101
28,0,3.655,1,0,35101
28,0,3.655,1,0,35101
28,0,3.655,1,0,35101
28,0,3.655,1,0,35101
28,0,3.655,1,0,35101
28,0,3.655,1,0,35101
28,0,3.655,1,0,35101
28,0,3.655,1,0,35101
28,0,3.655,1,0,35101
28,0,3.655,1,0,35101
28,0,3.655,1,0,35101
28,0,3.655,1,0,35101
28,0,3.655,1,0,35101
28,0,3.655,1,0,35101
28,0,3.655,1,0,35101
28,0,3.655,1,0,35101
28,0,3.655,1,0,35101
28,0,3.655,1,0,35101
28,0,3.655,1,0,35101
28,0,3.655,1,0,35101
28,0,3.655,1,0,35101
28,0,3.655,1,0,35101
28,0,3.655,1,0,35101
28,0,3.655,1,0,35101
28,0,3.655,1,0,35101
28,0,3.655,1,0,35101
28,0,3.655,1,0,35101
28,0,3.655,1,0,35101
28,0,3.655,1,0,35101
28,0,3.655,1,0,35101
28,0,3.655,1,0,35101
28,0,3.655,1,0,35101
28,0,3.655,1,0,35101
28,0,3.655,1,0,35101
28,0,3.655,1,0,35101
28,0,3.655,1,0,35101
28,0,3.655,1,0,35101
28,0,3.655,1,0,35101
28,0,3.655,1,0,35101
28,0,3.655,1,0,35101
28,0,3.655,1,0,35101
28,0,3.655,1,0,35101
28,0,3.655,1,0,35101
28,0,3.655,1,0,35101
28,0,3.655,1,0,35101
28,0,3.655,1,0,35101
28,0,3.655,1,0,35101
28,0,3.655,1,0,35101
28,0,3.655,1,0,35101
28,0,3.655,1,0,35101
28,0,3.655,1,0,35101
28,0,3.655,1,0,35101
28,0,3.655,1,0,35101
28,0,3.655,1,0,35101
28,0,3.655,1,0,35101
28,0,3.655,1,0,35101
28,0,3.655,1,0,35101
28,0,3.655,1,0,35101
28,0,3.655,1,0,35101
28,0,3.655,1,0,35101
28,0,3.655,1,0,35101
28,0,3.655,1,0,35101
28,0,3.655,1,0,35101
28,0,3.655,1,0,35101
28,0,3.655,1,0,35101
28,0,3.655,1,0,35101
28,0,3.655,1,0,35101
28,0,3.655,1,0,35101
28,0,3.655,1,0,35101
28,0,3.655,1,0,35101
28,0,3.655,1,0,35101
28,0,3.655,1,0,35101
28,0,3.655,1,0,35101
28,0,3.655,1,0,35101
28,0,3.655,1,0,35101
28,0,3.655,1,0,35101
28,0,3.655,1,0,35101
28,0,3.655,1,0,35101
28,0,3.655,1,0,35101
28,0,3.655,1,0,35101
28,0,3.655,1,0,35101
28,0,3.655,1,0,35101
28,0,3.655,1,0,35101
28,0,3.655,1,0,35101
28,0,3.655,1,0,35101
28,0,3.655,1,0,35101
28,0,3.655,1,0,35101
28,0,3.655,1,0,35101
28,0,3.655,1,0,35101
28,0,3.655,1,0,35101
28,0,3.655,1,0,35101
28,0,3.655,1,0,35101
28,0,3.655,1,0,35101
28,0,3.655,1,0,35101
28,0,3.655,1,0,35101
28,0,3.655,1,0,35101
28,0,3.655,1,0,35101
28,0,3.655,1,0,35101
28,0,3.655,1,0,35101
28,0,3.655,1,0,35101
28,0,3.655,1,0,35101
28,0,3.655,1,0,35101
28,0,3.655,1,0,35101
28,0,3.655,1,0,35101
28,0,3.655,1,0,35101
28,0,3.655,1,0,35101
28,0,3.655,1,0,35101
28,0,3.655,1,0,35101
28,0,3.655,1,0,35101
28,0,3.655,1,0,35101
28,0,3.655,1,0,35101
28,0,3.655,1,0,35101
28,0,3.655,1,0,35101
28,0,3.655,1,0,35101
28,0,3.655,1,0,35101
28,0,3.655,1,0,35101
28,0,3.655,1,0,35101
28,0,3.655,1,0,35101
28,0,3.655,1,0,35101
28,0,3.655,1,0,35101
28,0,3.655,1,0,35101
28,0,3.655,1,0,35101
28,0,3.655,1,0,35101
28,0,3.655,1,0,35101
28,0,3.655,1,0,35101
28,0,3.655,1,0,35101
28,0,3.655,1,0,35101
28,0,3.655,1,0,35101
28,0,3.655,1,0,35101
28,0,3.655,1,0,35101
28,0,3.655,1,0,35101
28,0,3.655,1,0,35101
28,0,3.655,1,0,35101
28,0,3.655,1,0,35101
28,0,3.655,1,0,35101
28,0,3.655,1,0,35101
28,0,3.655,1,0,35101
28,0,3.655,1,0,35101
28,0,3.655,1,0,35101
28,0,3.655,1,0,35101
28,0,3.655,1,0,35101
28,0,3.655,1,0,35101
28,0,3.655,1,0,35101
28,0,3.655,1,0,35101
28,0,3.655,1,0,35101
28,0,3.655,1,0,35101
28,0,3.655,1,0,35101
28,0,3.655,1,0,35101
28,0,3.655,1,0,35101
28,0,3.655,1,0,35101
28,0,3.655,1,0,35101
28,0,3.655,1,0,35101
28,0,3.655,1,0,35101
28,0,3.655,1,0,35101
28,0,3.655,1,0,35101
28,0,3.655,1,0,35101
28,0,3.655,1,0,35101
28,0,3.655,1,0,35101
28,0,3.655,1,0,35101
28,0,3.655,1,0,35101
28,0,3.655,1,0,35101
28,0,3.655,1,0,35101
28,0,3.655,1,0,35101
28,0,3.655,1,0,35101
28,0,3.655,1,0,35101
28,0,3.655,1,0,35101
28,0,3.655,1,0,35101
28,0,3.655,1,0,35101
28,0,3.655,1,0,35101
28,0,3.655,1,0,35101
28,0,3.655,1,0,35101
28,0,3.655,1,0,35101
28,0,3.655,1,0,35101
28,0,3.655,1,0,35101
28,0,3.655,1,0,35101
28,0,3.655,1,0,35101
28,0,3.655,1,0,35101
28,0,3.655,1,0,35101
28,0,3.655,1,0,35101
28,0,3.655,1,0,35101
28,0,3.655,1,0,35101
28,0,3.655,1,0,35101
28,0,3.655,1,0,35101
28,0,3.655,1,0,35101
28,0,3.655,1,0,35101
28,0,3.655,1,0,35101
28,0,3.655,1,0,35101
28,0,3.655,1,0,35101
28,0,3.655,1,0,35101
28,0,3.655,1,0,35101
28,0,3.655,1,0,35101
28,0,3.655,1,0,35101
28,0,3.655,1,0,35101
28,0,3.655,1,0,35101
28,0,3.655,1,0,35101
28,0,3.655,1,0,35101
28,0,3.655,1,0,35101
28,0,3.655,1,0,35101
28,0,3.655,1,0,35101
28,0,3.655,1,0,35101
28,0,3.655,1,0,35101
28,0,3.655,1,0,35101
28,0,3.655,1,0,35101
28,0,3.655,1,0,35101
28,0,3.655,1,0,35101
28,0,3.655,1,0,35101
28,0,3.655,1,0,35101
28,0,3.655,1,0,35101
28,0,3.655,1,0,35101
28,0,3.655,1,0,35101
28,0,3.655,1,0,35101
28,0,3.655,1,0,35101
28,0,3.655,1,0,35101
28,0,3.655,1,0,35101
28,0,3.655,1,0,35101
28,0,3.655,1,0,35101
28,0,3.655,1,0,35101
28,0,3.655,1,0,35101
28,0,3.655,1,0,35101
28,0,3.655,1,0,35101
28,0,3.655,1,0,35101
28,0,3.655,1,0,35101
28,0,3.655,1,0,35101
28,0,3.655,1,0,35101
28,0,3.655,1,0,35101
28,0,3.655,1,0,35101
28,0,3.655,1,0,35101
28,0,3.655,1,0,35101
28,0,3.655,1,0,35101
28,0,3.655,1,0,35101
28,0,3.655,1,0,35101
28,0,3.655,1,0,35101
28,0,3.655,1,0,35101
28,0,3.655,1,0,35101
28,0,3.655,1,0,35101
28,0,3.655,1,0,35101
28,0,3.655,1,0,35101
28,0,3.655,1,0,35101
28,0,3.655,1,0,35101
28,0,3.655,1,0,35101
28,0,3.655,1,0,35101
28,0,3.655,1,0,35101
28,0,3.655,1,0,35101
28,0,3.655,1,0,35101
28,0,3.655,1,0,35101
28,0,3.655,1,0,35101
28,0,3.655,1,0,35101
28,0,3.655,1,0,35101
28,0,3.655,1,0,35101
28,0,3.655,1,0,35101
28,0,3.655,1,0,35101
28,0,3.655,1,0,35101
28,0,3.655,1,0,35101
28,0,3.655,1,0,35101
28,0,3.655,1,0,35101
28,0,3.655,1,0,35101
28,0,3.655,1,0,35101
28,0,3.655,1,0,35101
28,0,3.655,1,0,35101
28,0,3.655,1,0,35101
28,0,3.655,1,0,35101
28,0,3.655,1,0,35101
28,0,3.655,1,0,35101
28,0,3.655,1,0,35101
28,0,3.655,1,0,35101
28,0,3.655,1,0,35101
28,0,3.655,1,0,35101
28,0,3.655,1,0,35101
28,0,3.655,1,0,35101
28,0,3.655,1,0,35101
28,0,3.655,1,0,35101
28,0,3.655,1,0,35101
28,0,3.655,1,0,35101
28,0,3.655,1,0,35101
28,0,3.655,1,0,35101
28,0,3.655,1,0,35101
28,0,3.655,1,0,35101
28,0,3.655,1,0,35101
28,0,3.655,1,0,35101
28,0,3.655,1,0,35101
28,0,3.655,1,0,35101
28,0,3.655,1,0,35101
28,0,3.655,1,0,35101
28,0,3.655,1,0,35101
28,0,3.655,1,0,35101
28,0,3.655,1,0,35101
28,0,3.655,1,0,35101
28,0,3.655,1,0,35101
28,0,3.655,1,0,35101
28,0,3.655,1,0,35101
28,0,3.655,1,0,35101
28,0,3.655,1,0,35101
28,0,3.655,1,0,35101
28,0,3.655,1,0,35101
28,0,3.655,1,0,35101
28,0,3.655,1,0,35101
28,0,3.655,1,0,35101
28,0,3.655,1,0,35101
28,0,3.655,1,0,35101
28,0,3.655,1,0,35101
28,0,3.655,1,0,35101
28,0,3.655,1,0,35101
28,0,3.655,1,0,35101
28,0,3.655,1,0,35101
28,0,3.655,1,0,35101
28,0,3.655,1,0,35101
28,0,3.655,1,0,35101
28,0,3.655,1,0,35101
28,0,3.655,1,0,35101
28,0,3.655,1,0,35101
28,0,3.655,1,0,35101
28,0,3.655,1,0,35101
28,0,3.655,1,0,35101
28,0,3.655,1,0,35101
28,0,3.655,1,0,35101
28,0,3.655,1,0,35101
28,0,3.655,1,0,35101
28,0,3.655,1,0,35101
28,0,3.655,1,0,35101
28,0,3.655,1,0,35101
28,0,3.655,1,0,35101
28,0,3.655,1,0,35101
28,0,3.655,1,0,35101
28,0,3.655,1,0,35101
28,0,3.655,1,0,35101
28,0,3.655,1,0,35101
28,0,3.655,1,0,35101
28,0,3.655,1,0,35101
28,0,3.655,1,0,35101
28,0,3.655,1,0,35101
28,0,3.655,1,0,35101
28,0,3.655,1,0,35101
28,0,3.655,1,0,35101
28,0,3.655,1,0,35101
28,0,3.655,1,0,35101
28,0,3.655,1,0,35101
28,0,3.655,1,0,35101
28,0,3.655,1,0,35101
28,0,3.655,1,0,35101
28,0,3.655,1,0,35101
28,0,3.655,1,0,35101
28,0,3.655,1,0,35101
28,0,3.655,1,0,35101
28,0,3.655,1,0,35101
28,0,3.655,1,0,35101
28,0,3.655,1,0,35101
28,0,3.655,1,0,35101
28,0,3.655,1,0,35101
28,0,3.655,1,0,35101
28,0,3.655,1,0,35101
28,0,3.655,1,0,35101
28,0,3.655,1,0,35101
28,0,3.655,1,0,35101
28,0,3.655,1,0,35101
28,0,3.655,1,0,35101
28,0,3.655,1,0,35101
28,0,3.655,1,0,35101
28,0,3.655,1,0,35101
28,0,3.655,1,0,35101
28,0,3.655,1,0,35101
28,0,3.655,1,0,35101
28,0,3.655,1,0,35101
28,0,3.655,1,0,35101
28,0,3.655,1,0,35101
28,0,3.655,1,0,35101
28,0,3.655,1,0,35101
28,0,3.655,1,0,35101
28,0,3.655,1,0,35101
28,0,3.655,1,0,35101
28,0,3.655,1,0,35101
28,0,3.655,1,0,35101
28,0,3.655,1,0,35101
28,0,3.655,1,0,35101
28,0,3.655,1,0,35101
28,0,3.655,1,0,35101
28,0,3.655,1,0,35101
28,0,3.655,1,0,35101
28,0,3.655,1,0,35101
28,0,3.655,1,0,35101
28,0,3.655,1,0,35101
28,0,3.655,1,0,35101
28,0,3.655,1,0,35101
28,0,3.655,1,0,35101
28,0,3.655,1,0,35101
28,0,3.655,1,0,35101
28,0,3.655,1,0,35101
28,0,3.655,1,0,35101
28,0,3.655,1,0,35101
28,0,3.655,1,0,35101
28,0,3.655,1,0,35101
28,0,3.655,1,0,35101
28,0,3.655,1,0,35101
28,0,3.655,1,0,35101
28,0,3.655,1,0,35101
28,0,3.655,1,0,35101
28,0,3.655,1,0,35101
28,0,3.655,1,0,35101
28,0,3.655,1,0,35101
28,0,3.655,1,0,35101
28,0,3.655,1,0,35101
28,0,3.655,1,0,35101
28,0,3.655,1,0,35101
28,0,3.655,1,0,35101
28,0,3.655,1,0,35101
28,0,3.655,1,0,35101
28,0,3.655,1,0,35101
28,0,3.655,1,0,35101
28,0,3.655,1,0,35101
28,0,3.655,1,0,35101
28,0,3.655,1,0,35101
28,0,3.655,1,0,35101
28,0,3.655,1,0,35101
28,0,3.655,1,0,35101
28,0,3.655,1,0,35101
28,0,3.655,1,0,35101
28,0,3.655,1,0,35101
28,0,3.655,1,0,35101
28,0,3.655,1,0,35101
28,0,3.655,1,0,35101
28,0,3.655,1,0,35101
28,0,3.655,1,0,35101
28,0,3.655,1,0,35101
28,0,3.655,1,0,35101
28,0,3.655,1,0,35101
28,0,3.655,1,0,35101
28,0,3.655,1,0,35101
28,0,3.655,1,0,35101
28,0,3.655,1,0,35101
28,0,3.655,1,0,35101
28,0,3.655,1,0,35101
28,0,3.655,1,0,35101
28,0,3.655,1,0,35101
28,0,3.655,1,0,35101
28,0,3.655,1,0,35101
28,0,3.655,1,0,35101
28,0,3.655,1,0,35101
28,0,3.655,1,0,35101
28,0,3.655,1,0,35101
28,0,3.655,1,0,35101
28,0,3.655,1,0,35101
28,0,3.655,1,0,35101
28,0,3.655,1,0,35101
28,0,3.655,1,0,35101
28,0,3.655,1,0,35101
28,0,3.655,1,0,35101
28,0,3.655,1,0,35101
28,0,3.655,1,0,35101
28,0,3.655,1,0,35101
28,0,3.655,1,0,35101
28,0,3.655,1,0,35101
28,0,3.655,1,0,35101
28,0,3.655,1,0,35101
28,0,3.655,1,0,35101
28,0,3.655,1,0,35101
28,0,3.655,1,0,35101
28,0,3.655,1,0,35101
28,0,3.655,1,0,35101
28,0,3.655,1,0,35101
28,0,3.655,1,0,35101
28,0,3.655,1,0,35101
28,0,3.655,1,0,35101
28,0,3.655,1,0,35101
28,0,3.655,1,0,35101
28,0,3.655,1,0,35101
28,0,3.655,1,0,35101
28,0,3.655,1,0,35101
28,0,3.655,1,0,35101
28,0,3.655,1,0,35101
28,0,3.655,1,0,35101
28,0,3.655,1,0,35101
28,0,3.655,1,0,35101
28,0,3.655,1,0,35101
28,0,3.655,1,0,35101
28,0,3.655,1,0,35101
28,0,3.655,1,0,35101
28,0,3.655,1,0,35101
28,0,3.655,1,0,35101
28,0,3.655,1,0,35101
28,0,3.655,1,0,35101
28,0,3.655,1,0,35101
28,0,3.655,1,0,35101
28,0,3.655,1,0,35101
28,0,3.655,1,0,35101
28,0,3.655,1,0,35101
28,0,3.655,1,0,35101
28,0,3.655,1,0,35101
28,0,3.655,1,0,35101
28,0,3.655,1,0,35101
28,0,3.655,1,0,35101
28,0,3.655,1,0,35101
28,0,3.655,1,0,35101
28,0,3.655,1,0,35101
28,0,3.655,1,0,35101
28,0,3.655,1,0,35101
28,0,3.655,1,0,35101
28,0,3.655,1,0,35101
28,0,3.655,1,0,35101
28,0,3.655,1,0,35101
28,0,3.655,1,0,35101
28,0,3.655,1,0,35101
28,0,3.655,1,0,35101
28,0,3.655,1,0,35101
28,0,3.655,1,0,35101
28,0,3.655,1,0,35101
28,0,3.655,1,0,35101
28,0,3.655,1,0,35101
28,0,3.655,1,0,35101
28,0,3.655,1,0,35101
28,0,3.655,1,0,35101
28,0,3.655,1,0,35101
28,0,3.655,1,0,35101
28,0,3.655,1,0,35101
28,0,3.655,1,0,35101
28,0,3.655,1,0,35101
28,0,3.655,1,0,35101
28,0,3.655,1,0,35101
28,0,3.655,1,0,35101
28,0,3.655,1,0,35101
28,0,3.655,1,0,35101
28,0,3.655,1,0,35101
28,0,3.655,1,0,35101
28,0,3.655,1,0,35101
28,0,3.655,1,0,35101
28,0,3.655,1,0,35101
28,0,3.655,1,0,35101
28,0,3.655,1,0,35101
28,0,3.655,1,0,35101
28,0,3.655,1,0,35101
28,0,3.655,1,0,35101
28,0,3.655,1,0,35101
28,0,3.655,1,0,35101
28,0,3.655,1,0,35101
28,0,3.655,1,0,35101
28,0,3.655,1,0,35101
28,0,3.655,1,0,35101
28,0,3.655,1,0,35101
28,0,3.655,1,0,35101
28,0,3.655,1,0,35101
28,0,3.655,1,0,35101
28,0,3.655,1,0,35101
28,0,3.655,1,0,35101
28,0,3.655,1,0,35101
28,0,3.655,1,0,35101
28,0,3.655,1,0,35101
28,0,3.655,1,0,35101
28,0,3.655,1,0,35101
28,0,3.655,1,0,35101
28,0,3.655,1,0,35101
28,0,3.655,1,0,35101
28,0,3.655,1,0,35101
28,0,3.655,1,0,35101
28,0,3.655,1,0,35101
28,0,3.655,1,0,35101
28,0,3.655,1,0,35101
28,0,3.655,1,0,35101
28,0,3.655,1,0,35101
28,0,3.655,1,0,35101
28,0,3.655,1,0,35101
28,0,3.655,1,0,35101
28,0,3.655,1,0,35101
28,0,3.655,1,0,35101
28,0,3.655,1,0,35101
28,0,3.655,1,0,35101
28,0,3.655,1,0,35101
28,0,3.655,1,0,35101
28,0,3.655,1,0,35101
28,0,3.655,1,0,35101
28,0,3.655,1,0,35101
28,0,3.655,1,0,35101
28,0,3.655,1,0,35101
28,0,3.655,1,0,35101
28,0,3.655,1,0,35101
28,0,3.655,1,0,35101
28,0,3.655,1,0,35101
28,0,3.655,1,0,35101
28,0,3.655,1,0,35101
28,0,3.655,1,0,35101
28,0,3.655,1,0,35101
28,0,3.655,1,0,35101
28,0,3.655,1,0,35101
28,0,3.655,1,0,35101
28,0,3.655,1,0,35101
28,0,3.655,1,0,35101
28,0,3.655,1,0,35101
28,0,3.655,1,0,35101
28,0,3.655,1,0,35101
28,0,3.655,1,0,35101
28,0,3.655,1,0,35101
28,0,3.655,1,0,35101
28,0,3.655,1,0,35101
28,0,3.655,1,0,35101
28,0,3.655,1,0,35101
28,0,3.655,1,0,35101
28,0,3.655,1,0,35101
28,0,3.655,1,0,35101
28,0,3.655,1,0,35101
28,0,3.655,1,0,35101
28,0,3.655,1,0,35101
28,0,3.655,1,0,35101
28,0,3.655,1,0,35101
28,0,3.655,1,0,35101
28,0,3.655,1,0,35101
28,0,3.655,1,0,35101
28,0,3.655,1,0,35101
28,0,3.655,1,0,35101
28,0,3.655,1,0,35101
28,0,3.655,1,0,35101
28,0,3.655,1,0,35101
28,0,3.655,1,0,35101
28,0,3.655,1,0,35101
28,0,3.655,1,0,35101
28,0,3.655,1,0,35101
28,0,3.655,1,0,35101
28,0,3.655,1,0,35101
28,0,3.655,1,0,35101
28,0,3.655,1,0,35101
28,0,3.655,1,0,35101
28,0,3.655,1,0,35101
28,0,3.655,1,0,35101
28,0,3.655,1,0,35101
28,0,3.655,1,0,35101
28,0,3.655,1,0,35101
28,0,3.655,1,0,35101
28,0,3.655,1,0,35101
28,0,3.655,1,0,35101
28,0,3.655,1,0,35101
28,0,3.655,1,0,35101
28,0,3.655,1,0,35101
28,0,3.655,1,0,35101
28,0,3.655,1,0,35101
28,0,3.655,1,0,35101
28,0,3.655,1,0,35101
28,0,3.655,1,0,35101
28,0,3.655,1,0,35101
28,0,3.655,1,0,35101
28,0,3.655,1,0,35101
28,0,3.655,1,0,35101
28,0,3.655,1,0,35101
28,0,3.655,1,0,35101
28,0,3.655,1,0,35101
28,0,3.655,1,0,35101
28,0,3.655,1,0,35101
28,0,3.655,1,0,35101
28,0,3.655,1,0,35101
28,0,3.655,1,0,35101
28,0,3.655,1,0,35101
28,0,3.655,1,0,35101
28,0,3.655,1,0,35101
28,0,3.655,1,0,35101
28,0,3.655,1,0,35101
28,0,3.655,1,0,35101
28,0,3.655,1,0,35101
28,0,3.655,1,0,35101
28,0,3.655,1,0,35101
28,0,3.655,1,0,35101
28,0,3.655,1,0,35101
28,0,3.655,1,0,35101
28,0,3.655,1,0,35101
28,0,3.655,1,0,35101
28,0,3.655,1,0,35101
28,0,3.655,1,0,35101
28,0,3.655,1,0,35101
28,0,3.655,1,0,35101
28,0,3.655,1,0,35101
28,0,3.655,1,0,35101
28,0,3.655,1,0,35101
28,0,3.655,1,0,35101
28,0,3.655,1,0,35101
28,0,3.655,1,0,35101
28,0,3.655,1,0,35101
28,0,3.655,1,0,35101
28,0,3.655,1,0,35101
28,0,3.655,1,0,35101
28,0,3.655,1,0,35101
28,0,3.655,1,0,35101
28,0,3.655,1,0,35101
28,0,3.655,1,0,35101
28,0,3.655,1,0,35101
28,0,3.655,1,0,35101
28,0,3.655,1,0,35101
28,0,3.655,1,0,35101
28,0,3.655,1,0,35101
28,0,3.655,1,0,35101
28,0,3.655,1,0,35101
28,0,3.655,1,0,35101
28,0,3.655,1,0,35101
28,0,3.655,1,0,35101
28,0,3.655,1,0,35101
28,0,3.655,1,0,35101
28,0,3.655,1,0,35101
28,0,3.655,1,0,35101
28,0,3.655,1,0,35101
28,0,3.655,1,0,35101
28,0,3.655,1,0,35101
28,0,3.655,1,0,35101
28,0,3.655,1,0,35101
28,0,3.655,1,0,35101
28,0,3.655,1,0,35101
28,0,3.655,1,0,35101
28,0,3.655,1,0,35101
28,0,3.655,1,0,35101
28,0,3.655,1,0,35101
28,0,3.655,1,0,35101
28,0,3.655,1,0,35101
28,0,3.655,1,0,35101
28,0,3.655,1,0,35101
28,0,3.655,1,0,35101
28,0,3.655,1,0,35101
28,0,3.655,1,0,35101
28,0,3.655,1,0,35101
28,0,3.655,1,0,35101
28,0,3.655,1,0,35101
28,0,3.655,1,0,35101
28,0,3.655,1,0,35101
28,0,3.655,1,0,35101
28,0,3.655,1,0,35101
28,0,3.655,1,0,35101
28,0,3.655,1,0,35101
28,0,3.655,1,0,35101
28,0,3.655,1,0,35101
28,0,3.655,1,0,35101
28,0,3.655,1,0,35101
28,0,3.655,1,0,35101
28,0,3.655,1,0,35101
28,0,3.655,1,0,35101
28,0,3.655,1,0,35101
28,0,3.655,1,0,35101
28,0,3.655,1,0,35101
28,0,3.655,1,0,35101
28,0,3.655,1,0,35101
28,0,3.655,1,0,35101
28,0,3.655,1,0,35101
28,0,3.655,1,0,35101
28,0,3.655,1,0,35101
28,0,3.655,1,0,35101
28,0,3.655,1,0,35101
28,0,3.655,1,0,35101
28,0,3.655,1,0,35101
28,0,3.655,1,0,35101
28,0,3.655,1,0,35101
28,0,3.655,1,0,35101
28,0,3.655,1,0,35101
28,0,3.655,1,0,35101
28,0,3.655,1,0,35101
28,0,3.655,1,0,35101
28,0,3.655,1,0,35101
28,0,3.655,1,0,35101
28,0,3.655,1,0,35101
28,0,3.655,1,0,35101
28,0,3.655,1,0,35101
28,0,3.655,1,0,35101
28,0,3.655,1,0,35101
28,0,3.655,1,0,35101
28,0,3.655,1,0,35101
28,0,3.655,1,0,35101
28,0,3.655,1,0,35101
28,0,3.655,1,0,35101
28,0,3.655,1,0,35101
28,0,3.655,1,0,35101
28,0,3.655,1,0,35101
28,0,3.655,1,0,35101
28,0,3.655,1,0,35101
28,0,3.655,1,0,35101
28,0,3.655,1,0,35101
28,0,3.655,1,0,35101
28,0,3.655,1,0,35101
28,0,3.655,1,0,35101
28,0,3.655,1,0,35101
28,0,3.655,1,0,35101
28,0,3.655,1,0,35101
28,0,3.655,1,0,35101
28,0,3.655,1,0,35101
28,0,3.655,1,0,35101
28,0,3.655,1,0,35101
28,0,3.655,1,0,35101
28,0,3.655,1,0,35101
28,0,3.655,1,0,35101
28,0,3.655,1,0,35101
28,0,3.655,1,0,35101
28,0,3.655,1,0,35101
28,0,3.655,1,0,35101
28,0,3.655,1,0,35101
28,0,3.655,1,0,35101
28,0,3.655,1,0,35101
28,0,3.655,1,0,35101
28,0,3.655,1,0,35101
28,0,3.655,1,0,35101
28,0,3.655,1,0,35101
28,0,3.655,1,0,35101
28,0,3.655,1,0,35101
28,0,3.655,1,0,35101
28,0,3.655,1,0,35101
28,0,3.655,1,0,35101
28,0,3.655,1,0,35101
28,0,3.655,1,0,35101
28,0,3.655,1,0,35101
28,0,3.655,1,0,35101
28,0,3.655,1,0,35101
28,0,3.655,1,0,35101
28,0,3.655,1,0,35101
28,0,3.655,1,0,35101
28,0,3.655,1,0,35101
28,0,3.655,1,0,35101
28,0,3.655,1,0,35101
28,0,3.655,1,0,35101
28,0,3.655,1,0,35101
28,0,3.655,1,0,35101
28,0,3.655,1,0,35101
28,0,3.655,1,0,35101
28,0,3.655,1,0,35101
28,0,3.655,1,0,35101
28,0,3.655,1,0,35101
28,0,3.655,1,0,35101
28,0,3.655,1,0,35101
28,0,3.655,1,0,35101
28,0,3.655,1,0,35101
28,0,3.655,1,0,35101
28,0,3.655,1,0,35101
28,0,3.655,1,0,35101
28,0,3.655,1,0,35101
28,0,3.655,1,0,35101
28,0,3.655,1,0,35101
28,0,3.655,1,0,35101
28,0,3.655,1,0,35101
28,0,3.655,1,0,35101
28,0,3.655,1,0,35101
28,0,3.655,1,0,35101
28,0,3.655,1,0,35101
28,0,3.655,1,0,35101
28,0,3.655,1,0,35101
28,0,3.655,1,0,35101
28,0,3.655,1,0,35101
28,0,3.655,1,0,35101
28,0,3.655,1,0,35101
28,0,3.655,1,0,35101
28,0,3.655,1,0,35101
28,0,3.655,1,0,35101
28,0,3.655,1,0,35101
28,0,3.655,1,0,35101
28,0,3.655,1,0,35101
28,0,3.655,1,0,35101
28,0,3.655,1,0,35101
28,0,3.655,1,0,35101
28,0,3.655,1,0,35101
28,0,3.655,1,0,35101
28,0,3.655,1,0,35101
28,0,3.655,1,0,35101
28,0,3.655,1,0,35101
28,0,3.655,1,0,35101
28,0,3.655,1,0,35101
28,0,3.655,1,0,35101
28,0,3.655,1,0,35101
28,0,3.655,1,0,35101
28,0,3.655,1,0,35101
28,0,3.655,1,0,35101
28,0,3.655,1,0,35101
28,0,3.655,1,0,35101
28,0,3.655,1,0,35101
28,0,3.655,1,0,35101
28,0,3.655,1,0,35101
28,0,3.655,1,0,35101
28,0,3.655,1,0,35101
28,0,3.655,1,0,35101
28,0,3.655,1,0,35101
28,0,3.655,1,0,35101
28,0,3.655,1,0,35101
28,0,3.655,1,0,35101
28,0,3.655,1,0,35101
28,0,3.655,1,0,35101
28,0,3.655,1,0,35101
28,0,3.655,1,0,35101
28,0,3.655,1,0,35101
28,0,3.655,1,0,35101
28,0,3.655,1,0,35101
28,0,3.655,1,0,35101
28,0,3.655,1,0,35101
28,0,3.655,1,0,35101
28,0,3.655,1,0,35101
28,0,3.655,1,0,35101
28,0,3.655,1,0,35101
28,0,3.655,1,0,35101
28,0,3.655,1,0,35101
28,0,3.655,1,0,35101
28,0,3.655,1,0,35101
28,0,3.655,1,0,35101
28,0,3.655,1,0,35101
28,0,3.655,1,0,35101
28,0,3.655,1,0,35101
28,0,3.655,1,0,35101
28,0,3.655,1,0,35101
28,0,3.655,1,0,35101
28,0,3.655,1,0,35101
28,0,3.655,1,0,35101
28,0,3.655,1,0,35101
28,0,3.655,1,0,35101
28,0,3.655,1,0,35101
28,0,3.655,1,0,35101
28,0,3.655,1,0,35101
28,0,3.655,1,0,35101
28,0,3.655,1,0,35101
28,0,3.655,1,0,35101
28,0,3.655,1,0,35101
28,0,3.655,1,0,35101
28,0,3.655,1,0,35101
28,0,3.655,1,0,35101
28,0,3.655,1,0,35101
28,0,3.655,1,0,35101
28,0,3.655,1,0,35101
28,0,3.655,1,0,35101
28,0,3.655,1,0,35101
28,0,3.655,1,0,35101
28,0,3.655,1,0,35101
28,0,3.655,1,0,35101
28,0,3.655,1,0,35101
28,0,3.655,1,0,35101
28,0,3.655,1,0,35101
28,0,3.655,1,0,35101
28,0,3.655,1,0,35101
28,0,3.655,1,0,35101
28,0,3.655,1,0,35101
28,0,3.655,1,0,35101
28,0,3.655,1,0,35101
28,0,3.655,1,0,35101
28,0,3.655,1,0,35101
28,0,3.655,1,0,35101
28,0,3.655,1,0,35101
28,0,3.655,1,0,35101
28,0,3.655,1,0,35101
28,0,3.655,1,0,35101
28,0,3.655,1,0,35101
28,0,3.655,1,0,35101
28,0,3.655,1,0,35101
28,0,3.655,1,0,35101
28,0,3.655,1,0,35101
28,0,3.655,1,0,35101
28,0,3.655,1,0,35101
28,0,3.655,1,0,35101
28,0,3.655,1,0,35101
28,0,3.655,1,0,35101
28,0,3.655,1,0,35101
28,0,3.655,1,0,35101
28,0,3.655,1,0,35101
28,0,3.655,1,0,35101
28,0,3.655,1,0,35101
28,0,3.655,1,0,35101
28,0,3.655,1,0,35101
28,0,3.655,1,0,35101
28,0,3.655,1,0,35101
28,0,3.655,1,0,35101
28,0,3.655,1,0,35101
28,0,3.655,1,0,35101
28,0,3.655,1,0,35101
28,0,3.655,1,0,35101
28,0,3.655,1,0,35101
28,0,3.655,1,0,35101
28,0,3.655,1,0,35101
28,0,3.655,1,0,35101
28,0,3.655,1,0,35101
28,0,3.655,1,0,35101
28,0,3.655,1,0,35101
28,0,3.655,1,0,35101
28,0,3.655,1,0,35101
28,0,3.655,1,0,35101
28,0,3.655,1,0,35101
28,0,3.655,1,0,35101
28,0,3.655,1,0,35101
28,0,3.655,1,0,35101
28,0,3.655,1,0,35101
28,0,3.655,1,0,35101
28,0,3.655,1,0,35101
28,0,3.655,1,0,35101
28,0,3.655,1,0,35101
28,0,3.655,1,0,35101
28,0,3.655,1,0,35101
28,0,3.655,1,0,35101
28,0,3.655,1,0,35101
28,0,3.655,1,0,35101
28,0,3.655,1,0,35101
28,0,3.655,1,0,35101
28,0,3.655,1,0,35101
28,0,3.655,1,0,35101
28,0,3.655,1,0,35101
28,0,3.655,1,0,35101
28,0,3.655,1,0,35101
28,0,3.655,1,0,35101
28,0,3.655,1,0,35101
28,0,3.655,1,0,35101
28,0,3.655,1,0,35101
28,0,3.655,1,0,35101
28,0,3.655,1,0,35101
28,0,3.655,1,0,35101
28,0,3.655,1,0,35101
28,0,3.655,1,0,35101
28,0,3.655,1,0,35101
28,0,3.655,1,0,35101
28,0,3.655,1,0,35101
28,0,3.655,1,0,35101
28,0,3.655,1,0,35101
28,0,3.655,1,0,35101
28,0,3.655,1,0,35101
28,0,3.655,1,0,35101
28,0,3.655,1,0,35101
28,0,3.655,1,0,35101
28,0,3.655,1,0,35101
28,0,3.655,1,0,35101
28,0,3.655,1,0,35101
28,0,3.655,1,0,35101
28,0,3.655,1,0,35101
28,0,3.655,1,0,35101
28,0,3.655,1,0,35101
28,0,3.655,1,0,35101
28,0,3.655,1,0,35101
28,0,3.655,1,0,35101
28,0,3.655,1,0,35101
28,0,3.655,1,0,35101
28,0,3.655,1,0,35101
28,0,3.655,1,0,35101
28,0,3.655,1,0,35101
28,0,3.655,1,0,35101
28,0,3.655,1,0,35101
28,0,3.655,1,0,35101
28,0,3.655,1,0,35101
28,0,3.655,1,0,35101
28,0,3.655,1,0,35101
28,0,3.655,1,0,35101
28,0,3.655,1,0,35101
28,0,3.655,1,0,35101
28,0,3.655,1,0,35101
28,0,3.655,1,0,35101
28,0,3.655,1,0,35101
28,0,3.655,1,0,35101
28,0,3.655,1,0,35101
28,0,3.655,1,0,35101
28,0,3.655,1,0,35101
28,0,3.655,1,0,35101
28,0,3.655,1,0,35101
28,0,3.655,1,0,35101
28,0,3.655,1,0,35101
28,0,3.655,1,0,35101
28,0,3.655,1,0,35101
28,0,3.655,1,0,35101
28,0,3.655,1,0,35101
28,0,3.655,1,0,35101
28,0,3.655,1,0,35101
28,0,3.655,1,0,35101
28,0,3.655,1,0,35101
28,0,3.655,1,0,35101
28,0,3.655,1,0,35101
28,0,3.655,1,0,35101
28,0,3.655,1,0,35101
28,0,3.655,1,0,35101
28,0,3.655,1,0,35101
28,0,3.655,1,0,35101
28,0,3.655,1,0,35101
28,0,3.655,1,0,35101
28,0,3.655,1,0,35101
28,0,3.655,1,0,35101
28,0,3.655,1,0,35101
28,0,3.655,1,0,35101
28,0,3.655,1,0,35101
28,0,3.655,1,0,35101
28,0,3.655,1,0,35101
28,0,3.655,1,0,35101
28,0,3.655,1,0,35101
28,0,3.655,1,0,35101
28,0,3.655,1,0,35101
28,0,3.655,1,0,35101
28,0,3.655,1,0,35101
28,0,3.655,1,0,35101
28,0,3.655,1,0,35101
28,0,3.655,1,0,35101
28,0,3.655,1,0,35101
28,0,3.655,1,0,35101
28,0,3.655,1,0,35101
28,0,3.655,1,0,35101
28,0,3.655,1,0,35101
28,0,3.655,1,0,35101
28,0,3.655,1,0,35101
28,0,3.655,1,0,35101
28,0,3.655,1,0,35101
28,0,3.655,1,0,35101
28,0,3.655,1,0,35101
28,0,3.655,1,0,35101
28,0,3.655,1,0,35101
28,0,3.655,1,0,35101
28,0,3.655,1,0,35101
28,0,3.655,1,0,35101
28,0,3.655,1,0,35101
28,0,3.655,1,0,35101
28,0,3.655,1,0,35101
28,0,3.655,1,0,35101
28,0,3.655,1,0,35101
28,0,3.655,1,0,35101
28,0,3.655,1,0,35101
28,0,3.655,1,0,35101
28,0,3.655,1,0,35101
28,0,3.655,1,0,35101
28,0,3.655,1,0,35101
28,0,3.655,1,0,35101
28,0,3.655,1,0,35101
28,0,3.655,1,0,35101
28,0,3.655,1,0,35101
28,0,3.655,1,0,35101
28,0,3.655,1,0,35101
28,0,3.655,1,0,35101
28,0,3.655,1,0,35101
28,0,3.655,1,0,35101
28,0,3.655,1,0,35101
28,0,3.655,1,0,35101
28,0,3.655,1,0,35101
28,0,3.655,1,0,35101
28,0,3.655,1,0,35101
28,0,3.655,1,0,35101
28,0,3.655,1,0,35101
28,0,3.655,1,0,35101
28,0,3.655,1,0,35101
28,0,3.655,1,0,35101
28,0,3.655,1,0,35101
28,0,3.655,1,0,35101
28,0,3.655,1,0,35101
28,0,3.655,1,0,35101
28,0,3.655,1,0,35101
28,0,3.655,1,0,35101
28,0,3.655,1,0,35101
28,0,3.655,1,0,35101
28,0,3.655,1,0,35101
28,0,3.655,1,0,35101
28,0,3.655,1,0,35101
28,0,3.655,1,0,35101
28,0,3.655,1,0,35101
28,0,3.655,1,0,35101
28,0,3.655,1,0,35101
28,0,3.655,1,0,35101
28,0,3.655,1,0,35101
28,0,3.655,1,0,35101
28,0,3.655,1,0,35101
28,0,3.655,1,0,35101
28,0,3.655,1,0,35101
28,0,3.655,1,0,35101
28,0,3.655,1,0,35101
28,0,3.655,1,0,35101
28,0,3.655,1,0,35101
28,0,3.655,1,0,35101
28,0,3.655,1,0,35101
28,0,3.655,1,0,35101
28,0,3.655,1,0,35101
28,0,3.655,1,0,35101
28,0,3.655,1,0,35101
28,0,3.655,1,0,35101
28,0,3.655,1,0,35101
28,0,3.655,1,0,35101
28,0,3.655,1,0,35101
28,0,3.655,1,0,35101
28,0,3.655,1,0,35101
28,0,3.655,1,0,35101
28,0,3.655,1,0,35101
28,0,3.655,1,0,35101
28,0,3.655,1,0,35101
28,0,3.655,1,0,35101
28,0,3.655,1,0,35101
28,0,3.655,1,0,35101
28,0,3.655,1,0,35101
28,0,3.655,1,0,35101
28,0,3.655,1,0,35101
28,0,3.655,1,0,35101
28,0,3.655,1,0,35101
28,0,3.655,1,0,35101
28,0,3.655,1,0,35101
28,0,3.655,1,0,35101
28,0,3.655,1,0,35101
28,0,3.655,1,0,35101
28,0,3.655,1,0,35101
28,0,3.655,1,0,35101
28,0,3.655,1,0,35101
28,0,3.655,1,0,35101
28,0,3.655,1,0,35101
28,0,3.655,1,0,35101
28,0,3.655,1,0,35101
28,0,3.655,1,0,35101
28,0,3.655,1,0,35101
28,0,3.655,1,0,35101
28,0,3.655,1,0,35101
28,0,3.655,1,0,35101
28,0,3.655,1,0,35101
28,0,3.655,1,0,35101
28,0,3.655,1,0,35101
28,0,3.655,1,0,35101
28,0,3.655,1,0,35101
28,0,3.655,1,0,35101
28,0,3.655,1,0,35101
28,0,3.655,1,0,35101
28,0,3.655,1,0,35101
28,0,3.655,1,0,35101
28,0,3.655,1,0,35101
28,0,3.655,1,0,35101
28,0,3.655,1,0,35101
28,0,3.655,1,0,35101
28,0,3.655,1,0,35101
28,0,3.655,1,0,35101
28,0,3.655,1,0,35101
28,0,3.655,1,0,35101
28,0,3.655,1,0,35101
28,0,3.655,1,0,35101
28,0,3.655,1,0,35101
28,0,3.655,1,0,35101
28,0,3.655,1,0,35101
28,0,3.655,1,0,35101
28,0,3.655,1,0,35101
28,0,3.655,1,0,35101
28,0,3.655,1,0,35101
28,0,3.655,1,0,35101
28,0,3.655,1,0,35101
28,0,3.655,1,0,35101
28,0,3.655,1,0,35101
28,0,3.655,1,0,35101
28,0,3.655,1,0,35101
28,0,3.655,1,0,35101
28,0,3.655,1,0,35101
28,0,3.655,1,0,35101
28,0,3.655,1,0,35101
28,0,3.655,1,0,35101
28,0,3.655,1,0,35101
28,0,3.655,1,0,35101
28,0,3.655,1,0,35101
28,0,3.655,1,0,35101
28,0,3.655,1,0,35101
28,0,3.655,1,0,35101
28,0,3.655,1,0,35101
28,0,3.655,1,0,35101
28,0,3.655,1,0,35101
28,0,3.655,1,0,35101
28,0,3.655,1,0,35101
28,0,3.655,1,0,35101
28,0,3.655,1,0,35101
28,0,3.655,1,0,35101
28,0,3.655,1,0,35101
28,0,3.655,1,0,35101
28,0,3.655,1,0,35101
28,0,3.655,1,0,35101
28,0,3.655,1,0,35101
28,0,3.655,1,0,35101
28,0,3.655,1,0,35101
28,0,3.655,1,0,35101
28,0,3.655,1,0,35101
28,0,3.655,1,0,35101
28,0,3.655,1,0,35101
28,0,3.655,1,0,35101
28,0,3.655,1,0,35101
28,0,3.655,1,0,35101
28,0,3.655,1,0,35101
28,0,3.655,1,0,35101
28,0,3.655,1,0,35101
28,0,3.655,1,0,35101
28,0,3.655,1,0,35101
28,0,3.655,1,0,35101
28,0,3.655,1,0,35101
28,0,3.655,1,0,35101
28,0,3.655,1,0,35101
28,0,3.655,1,0,35101
28,0,3.655,1,0,35101
28,0,3.655,1,0,35101
28,0,3.655,1,0,35101
28,0,3.655,1,0,35101
28,0,3.655,1,0,35101
28,0,3.655,1,0,35101
28,0,3.655,1,0,35101
28,0,3.655,1,0,35101
28,0,3.655,1,0,35101
28,0,3.655,1,0,35101
28,0,3.655,1,0,35101
28,0,3.655,1,0,35101
28,0,3.655,1,0,35101
28,0,3.655,1,0,35101
28,0,3.655,1,0,35101
28,0,3.655,1,0,35101
28,0,3.655,1,0,35101
28,0,3.655,1,0,35101
28,0,3.655,1,0,35101
28,0,3.655,1,0,35101
28,0,3.655,1,0,35101
28,0,3.655,1,0,35101
28,0,3.655,1,0,35101
28,0,3.655,1,0,35101
28,0,3.655,1,0,35101
28,0,3.655,1,0,35101
28,0,3.655,1,0,35101
28,0,3.655,1,0,35101
28,0,3.655,1,0,35101
28,0,3.655,1,0,35101
28,0,3.655,1,0,35101
28,0,3.655,1,0,35101
28,0,3.655,1,0,35101
28,0,3.655,1,0,35101
28,0,3.655,1,0,35101
28,0,3.655,1,0,35101
28,0,3.655,1,0,35101
28,0,3.655,1,0,35101
28,0,3.655,1,0,35101
28,0,3.655,1,0,35101
28,0,3.655,1,0,35101
28,0,3.655,1,0,35101
28,0,3.655,1,0,35101
28,0,3.655,1,0,35101
28,0,3.655,1,0,35101
28,0,3.655,1,0,35101
28,0,3.655,1,0,35101
28,0,3.655,1,0,35101
28,0,3.655,1,0,35101
28,0,3.655,1,0,35101
28,0,3.655,1,0,35101
28,0,3.655,1,0,35101
28,0,3.655,1,0,35101
28,0,3.655,1,0,35101
28,0,3.655,1,0,35101
28,0,3.655,1,0,35101
28,0,3.655,1,0,35101
28,0,3.655,1,0,35101
28,0,3.655,1,0,35101
28,0,3.655,1,0,35101
28,0,3.655,1,0,35101
28,0,3.655,1,0,35101
28,0,3.655,1,0,35101
28,0,3.655,1,0,35101
28,0,3.655,1,0,35101
28,0,3.655,1,0,35101
28,0,3.655,1,0,35101
28,0,3.655,1,0,35101
28,0,3.655,1,0,35101
28,0,3.655,1,0,35101
28,0,3.655,1,0,35101
28,0,3.655,1,0,35101
28,0,3.655,1,0,35101
28,0,3.655,1,0,35101
28,0,3.655,1,0,35101
28,0,3.655,1,0,35101
28,0,3.655,1,0,35101
28,0,3.655,1,0,35101
28,0,3.655,1,0,35101
28,0,3.655,1,0,35101
28,0,3.655,1,0,35101
28,0,3.655,1,0,35101
28,0,3.655,1,0,35101
28,0,3.655,1,0,35101
28,0,3.655,1,0,35101
28,0,3.655,1,0,35101
28,0,3.655,1,0,35101
28,0,3.655,1,0,35101
28,0,3.655,1,0,35101
28,0,3.655,1,0,35101
28,0,3.655,1,0,35101
28,0,3.655,1,0,35101
28,0,3.655,1,0,35101
28,0,3.655,1,0,35101
28,0,3.655,1,0,35101
28,0,3.655,1,0,35101
28,0,3.655,1,0,35101
28,0,3.655,1,0,35101
28,0,3.655,1,0,35101
28,0,3.655,1,0,35101
28,0,3.655,1,0,35101
28,0,3.655,1,0,35101
28,0,3.655,1,0,35101
28,0,3.655,1,0,35101
28,0,3.655,1,0,35101
28,0,3.655,1,0,35101
28,0,3.655,1,0,35101
28,0,3.655,1,0,35101
28,0,3.655,1,0,35101
28,0,3.655,1,0,35101
28,0,3.655,1,0,35101
28,0,3.655,1,0,35101
28,0,3.655,1,0,35101
28,0,3.655,1,0,35101
28,0,3.655,1,0,35101
28,0,3.655,1,0,35101
28,0,3.655,1,0,35101
28,0,3.655,1,0,35101
28,0,3.655,1,0,35101
28,0,3.655,1,0,35101
28,0,3.655,1,0,35101
28,0,3.655,1,0,35101
28,0,3.655,1,0,35101
28,0,3.655,1,0,35101
28,0,3.655,1,0,35101
28,0,3.655,1,0,35101
28,0,3.655,1,0,35101
28,0,3.655,1,0,35101
28,0,3.655,1,0,35101
28,0,3.655,1,0,35101
28,0,3.655,1,0,35101
28,0,3.655,1,0,35101
28,0,3.655,1,0,35101
28,0,3.655,1,0,35101
28,0,3.655,1,0,35101
28,0,3.655,1,0,35101
28,0,3.655,1,0,35101
28,0,3.655,1,0,35101
28,0,3.655,1,0,35101
28,0,3.655,1,0,35101
28,0,3.655,1,0,35101
28,0,3.655,1,0,35101
28,0,3.655,1,0,35101
28,0,3.655,1,0,35101
28,0,3.655,1,0,35101
28,0,3.655,1,0,35101
28,0,3.655,1,0,35101
28,0,3.655,1,0,35101
28,0,3.655,1,0,35101
28,0,3.655,1,0,35101
28,0,3.655,1,0,35101
28,0,3.655,1,0,35101
28,0,3.655,1,0,35101
28,0,3.655,1,0,35101
28,0,3.655,1,0,35101
28,0,3.655,1,0,35101
28,0,3.655,1,0,35101
28,0,3.655,1,0,35101
28,0,3.655,1,0,35101
28,0,3.655,1,0,35101
28,0,3.655,1,0,35101
28,0,3.655,1,0,35101
28,0,3.655,1,0,35101
28,0,3.655,1,0,35101
28,0,3.655,1,0,35101
28,0,3.655,1,0,35101
28,0,3.655,1,0,35101
28,0,3.655,1,0,35101
28,0,3.655,1,0,35101
28,0,3.655,1,0,35101
28,0,3.655,1,0,35101
28,0,3.655,1,0,35101
28,0,3.655,1,0,35101
28,0,3.655,1,0,35101
28,0,3.655,1,0,35101
28,0,3.655,1,0,35101
28,0,3.655,1,0,35101
28,0,3.655,1,0,35101
28,0,3.655,1,0,35101
28,0,3.655,1,0,35101
28,0,3.655,1,0,35101
28,0,3.655,1,0,35101
28,0,3.655,1,0,35101
28,0,3.655,1,0,35101
28,0,3.655,1,0,35101
28,0,3.655,1,0,35101
28,0,3.655,1,0,35101
28,0,3.655,1,0,35101
28,0,3.655,1,0,35101
28,0,3.655,1,0,35101
28,0,3.655,1,0,35101
28,0,3.655,1,0,35101
28,0,3.655,1,0,35101
28,0,3.655,1,0,35101
28,0,3.655,1,0,35101
28,0,3.655,1,0,35101
28,0,3.655,1,0,35101
28,0,3.655,1,0,35101
28,0,3.655,1,0,35101
28,0,3.655,1,0,35101
28,0,3.655,1,0,35101
28,0,3.655,1,0,35101
28,0,3.655,1,0,35101
28,0,3.655,1,0,35101
28,0,3.655,1,0,35101
28,0,3.655,1,0,35101
28,0,3.655,1,0,35101
28,0,3.655,1,0,35101
28,0,3.655,1,0,35101
28,0,3.655,1,0,35101
28,0,3.655,1,0,35101
28,0,3.655,1,0,35101
28,0,3.655,1,0,35101
28,0,3.655,1,0,35101
28,0,3.655,1,0,35101
28,0,3.655,1,0,35101
28,0,3.655,1,0,35101
28,0,3.655,1,0,35101
28,0,3.655,1,0,35101
28,0,3.655,1,0,35101
28,0,3.655,1,0,35101
28,0,3.655,1,0,35101
28,0,3.655,1,0,35101
28,0,3.655,1,0,35101
28,0,3.655,1,0,35101
28,0,3.655,1,0,35101
28,0,3.655,1,0,35101
28,0,3.655,1,0,35101
28,0,3.655,1,0,35101
28,0,3.655,1,0,35101
28,0,3.655,1,0,35101
28,0,3.655,1,0,35101
28,0,3.655,1,0,35101
28,0,3.655,1,0,35101
28,0,3.655,1,0,35101
28,0,3.655,1,0,35101
28,0,3.655,1,0,35101
28,0,3.655,1,0,35101
28,0,3.655,1,0,35101
28,0,3.655,1,0,35101
28,0,3.655,1,0,35101
28,0,3.655,1,0,35101
28,0,3.655,1,0,35101
28,0,3.655,1,0,35101
28,0,3.655,1,0,35101
28,0,3.655,1,0,35101
28,0,3.655,1,0,35101
28,0,3.655,1,0,35101
28,0,3.655,1,0,35101
28,0,3.655,1,0,35101
28,0,3.655,1,0,35101
28,0,3.655,1,0,35101
28,0,3.655,1,0,35101
28,0,3.655,1,0,35101
28,0,3.655,1,0,35101
28,0,3.655,1,0,35101
28,0,3.655,1,0,35101
28,0,3.655,1,0,35101
28,0,3.655,1,0,35101
28,0,3.655,1,0,35101
28,0,3.655,1,0,35101
28,0,3.655,1,0,35101
28,0,3.655,1,0,35101
28,0,3.655,1,0,35101
28,0,3.655,1,0,35101
28,0,3.655,1,0,35101
28,0,3.655,1,0,35101
28,0,3.655,1,0,35101
28,0,3.655,1,0,35101
28,0,3.655,1,0,35101
28,0,3.655,1,0,35101
28,0,3.655,1,0,35101
28,0,3.655,1,0,35101
28,0,3.655,1,0,35101
28,0,3.655,1,0,35101
28,0,3.655,1,0,35101
28,0,3.655,1,0,35101
28,0,3.655,1,0,35101
28,0,3.655,1,0,35101
28,0,3.655,1,0,35101
28,0,3.655,1,0,35101
28,0,3.655,1,0,35101
28,0,3.655,1,0,35101
28,0,3.655,1,0,35101
28,0,3.655,1,0,35101
28,0,3.655,1,0,35101
28,0,3.655,1,0,35101
28,0,3.655,1,0,35101
28,0,3.655,1,0,35101
28,0,3.655,1,0,35101
28,0,3.655,1,0,35101
28,0,3.655,1,0,35101
28,0,3.655,1,0,35101
28,0,3.655,1,0,35101
28,0,3.655,1,0,35101
28,0,3.655,1,0,35101
28,0,3.655,1,0,35101
28,0,3.655,1,0,35101
28,0,3.655,1,0,35101
28,0,3.655,1,0,35101
28,0,3.655,1,0,35101
28,0,3.655,1,0,35101
28,0,3.655,1,0,35101
28,0,3.655,1,0,35101
28,0,3.655,1,0,35101
28,0,3.655,1,0,35101
28,0,3.655,1,0,35101
28,0,3.655,1,0,35101
28,0,3.655,1,0,35101
28,0,3.655,1,0,35101
28,0,3.655,1,0,35101
28,0,3.655,1,0,35101
28,0,3.655,1,0,35101
28,0,3.655,1,0,35101
28,0,3.655,1,0,35101
28,0,3.655,1,0,35101
28,0,3.655,1,0,35101
28,0,3.655,1,0,35101
28,0,3.655,1,0,35101
28,0,3.655,1,0,35101
28,0,3.655,1,0,35101
28,0,3.655,1,0,35101
28,0,3.655,1,0,35101
28,0,3.655,1,0,35101
28,0,3.655,1,0,35101
28,0,3.655,1,0,35101
28,0,3.655,1,0,35101
28,0,3.655,1,0,35101
28,0,3.655,1,0,35101
28,0,3.655,1,0,35101
28,0,3.655,1,0,35101
28,0,3.655,1,0,35101
28,0,3.655,1,0,35101
28,0,3.655,1,0,35101
28,0,3.655,1,0,35101
28,0,3.655,1,0,35101
28,0,3.655,1,0,35101
28,0,3.655,1,0,35101
28,0,3.655,1,0,35101
28,0,3.655,1,0,35101
28,0,3.655,1,0,35101
28,0,3.655,1,0,35101
28,0,3.655,1,0,35101
28,0,3.655,1,0,35101
28,0,3.655,1,0,35101
28,0,3.655,1,0,35101
28,0,3.655,1,0,35101
28,0,3.655,1,0,35101
28,0,3.655,1,0,35101
28,0,3.655,1,0,35101
28,0,3.655,1,0,35101
28,0,3.655,1,0,35101
28,0,3.655,1,0,35101
28,0,3.655,1,0,35101
28,0,3.655,1,0,35101
28,0,3.655,1,0,35101
28,0,3.655,1,0,35101
28,0,3.655,1,0,35101
28,0,3.655,1,0,35101
28,0,3.655,1,0,35101
28,0,3.655,1,0,35101
28,0,3.655,1,0,35101
28,0,3.655,1,0,35101
28,0,3.655,1,0,35101
28,0,3.655,1,0,35101
28,0,3.655,1,0,35101
28,0,3.655,1,0,35101
28,0,3.655,1,0,35101
28,0,3.655,1,0,35101
28,0,3.655,1,0,35101
28,0,3.655,1,0,35101
28,0,3.655,1,0,35101
28,0,3.655,1,0,35101
28,0,3.655,1,0,35101
28,0,3.655,1,0,35101
28,0,3.655,1,0,35101
28,0,3.655,1,0,35101
28,0,3.655,1,0,35101
28,0,3.655,1,0,35101
28,0,3.655,1,0,35101
28,0,3.655,1,0,35101
28,0,3.655,1,0,35101
28,0,3.655,1,0,35101
28,0,3.655,1,0,35101
28,0,3.655,1,0,35101
28,0,3.655,1,0,35101
28,0,3.655,1,0,35101
28,0,3.655,1,0,35101
28,0,3.655,1,0,35101
28,0,3.655,1,0,35101
28,0,3.655,1,0,35101
28,0,3.655,1,0,35101
28,0,3.655,1,0,35101
28,0,3.655,1,0,35101
28,0,3.655,1,0,35101
28,0,3.655,1,0,35101
28,0,3.655,1,0,35101
28,0,3.655,1,0,35101
28,0,3.655,1,0,35101
28,0,3.655,1,0,35101
28,0,3.655,1,0,35101
28,0,3.655,1,0,35101
28,0,3.655,1,0,35101
28,0,3.655,1,0,35101
28,0,3.655,1,0,35101
28,0,3.655,1,0,35101
28,0,3.655,1,0,35101
28,0,3.655,1,0,35101
28,0,3.655,1,0,35101
28,0,3.655,1,0,35101
28,0,3.655,1,0,35101
28,0,3.655,1,0,35101
28,0,3.655,1,0,35101
28,0,3.655,1,0,35101
28,0,3.655,1,0,35101
28,0,3.655,1,0,35101
28,0,3.655,1,0,35101
28,0,3.655,1,0,35101
28,0,3.655,1,0,35101
28,0,3.655,1,0,35101
28,0,3.655,1,0,35101
28,0,3.655,1,0,35101
28,0,3.655,1,0,35101
28,0,3.655,1,0,35101
28,0,3.655,1,0,35101
28,0,3.655,1,0,35101
28,0,3.655,1,0,35101
28,0,3.655,1,0,35101
28,0,3.655,1,0,35101
28,0,3.655,1,0,35101
28,0,3.655,1,0,35101
28,0,3.655,1,0,35101
28,0,3.655,1,0,35101
28,0,3.655,1,0,35101
28,0,3.655,1,0,35101
28,0,3.655,1,0,35101
28,0,3.655,1,0,35101
28,0,3.655,1,0,35101
28,0,3.655,1,0,35101
28,0,3.655,1,0,35101
28,0,3.655,1,0,35101
28,0,3.655,1,0,35101
28,0,3.655,1,0,35101
28,0,3.655,1,0,35101
28,0,3.655,1,0,35101
28,0,3.655,1,0,35101
28,0,3.655,1,0,35101
28,0,3.655,1,0,35101
28,0,3.655,1,0,35101
28,0,3.655,1,0,35101
28,0,3.655,1,0,35101
28,0,3.655,1,0,35101
28,0,3.655,1,0,35101
28,0,3.655,1,0,35101
28,0,3.655,1,0,35101
28,0,3.655,1,0,35101
28,0,3.655,1,0,35101
28,0,3.655,1,0,35101
28,0,3.655,1,0,35101
28,0,3.655,1,0,35101
28,0,3.655,1,0,35101
28,0,3.655,1,0,35101
28,0,3.655,1,0,35101
28,0,3.655,1,0,35101
28,0,3.655,1,0,35101
28,0,3.655,1,0,35101
28,0,3.655,1,0,35101
28,0,3.655,1,0,35101
28,0,3.655,1,0,35101
28,0,3.655,1,0,35101
28,0,3.655,1,0,35101
28,0,3.655,1,0,35101
28,0,3.655,1,0,35101
28,0,3.655,1,0,35101
28,0,3.655,1,0,35101
28,0,3.655,1,0,35101
28,0,3.655,1,0,35101
28,0,3.655,1,0,35101
28,0,3.655,1,0,35101
28,0,3.655,1,0,35101
28,0,3.655,1,0,35101
28,0,3.655,1,0,35101
28,0,3.655,1,0,35101
28,0,3.655,1,0,35101
28,0,3.655,1,0,35101
28,0,3.655,1,0,35101
28,0,3.655,1,0,35101
28,0,3.655,1,0,35101
28,0,3.655,1,0,35101
28,0,3.655,1,0,35101
28,0,3.655,1,0,35101
28,0,3.655,1,0,35101
28,0,3.655,1,0,35101
28,0,3.655,1,0,35101
28,0,3.655,1,0,35101
28,0,3.655,1,0,35101
28,0,3.655,1,0,35101
28,0,3.655,1,0,35101
28,0,3.655,1,0,35101
28,0,3.655,1,0,35101
28,0,3.655,1,0,35101
28,0,3.655,1,0,35101
28,0,3.655,1,0,35101
28,0,3.655,1,0,35101
28,0,3.655,1,0,35101
28,0,3.655,1,0,35101
28,0,3.655,1,0,35101
28,0,3.655,1,0,35101
28,0,3.655,1,0,35101
28,0,3.655,1,0,35101
28,0,3.655,1,0,35101
28,0,3.655,1,0,35101
28,0,3.655,1,0,35101
28,0,3.655,1,0,35101
28,0,3.655,1,0,35101
28,0,3.655,1,0,35101
28,0,3.655,1,0,35101
28,0,3.655,1,0,35101
28,0,3.655,1,0,35101
28,0,3.655,1,0,35101
28,0,3.655,1,0,35101
28,0,3.655,1,0,35101
28,0,3.655,1,0,35101
28,0,3.655,1,0,35101
28,0,3.655,1,0,35101
28,0,3.655,1,0,35101
28,0,3.655,1,0,35101
28,0,3.655,1,0,35101
28,0,3.655,1,0,35101
28,0,3.655,1,0,35101
28,0,3.655,1,0,35101
28,0,3.655,1,0,35101
28,0,3.655,1,0,35101
28,0,3.655,1,0,35101
28,0,3.655,1,0,35101
28,0,3.655,1,0,35101
28,0,3.655,1,0,35101
28,0,3.655,1,0,35101
28,0,3.655,1,0,35101
28,0,3.655,1,0,35101
28,0,3.655,1,0,35101
28,0,3.655,1,0,35101
28,0,3.655,1,0,35101
28,0,3.655,1,0,35101
28,0,3.655,1,0,35101
28,0,3.655,1,0,35101
28,0,3.655,1,0,35101
28,0,3.655,1,0,35101
28,0,3.655,1,0,35101
28,0,3.655,1,0,35101
28,0,3.655,1,0,35101
28,0,3.655,1,0,35101
28,0,3.655,1,0,35101
28,0,3.655,1,0,35101
28,0,3.655,1,0,35101
28,0,3.655,1,0,35101
28,0,3.655,1,0,35101
28,0,3.655,1,0,35101
28,0,3.655,1,0,35101
28,0,3.655,1,0,35101
28,0,3.655,1,0,35101
28,0,3.655,1,0,35101
28,0,3.655,1,0,35101
28,0,3.655,1,0,35101
28,0,3.655,1,0,35101
28,0,3.655,1,0,35101
28,0,3.655,1,0,35101
28,0,3.655,1,0,35101
28,0,3.655,1,0,35101
28,0,3.655,1,0,35101
28,0,3.655,1,0,35101
28,0,3.655,1,0,35101
28,0,3.655,1,0,35101
28,0,3.655,1,0,35101
28,0,3.655,1,0,35101
28,0,3.655,1,0,35101
28,0,3.655,1,0,35101
28,0,3.655,1,0,35101
28,0,3.655,1,0,35101
28,0,3.655,1,0,35101
28,0,3.655,1,0,35101
28,0,3.655,1,0,35101
28,0,3.655,1,0,35101
28,0,3.655,1,0,35101
28,0,3.655,1,0,35101
28,0,3.655,1,0,35101
28,0,3.655,1,0,35101
28,0,3.655,1,0,35101
28,0,3.655,1,0,35101
28,0,3.655,1,0,35101
28,0,3.655,1,0,35101
28,0,3.655,1,0,35101
28,0,3.655,1,0,35101
28,0,3.655,1,0,35101
28,0,3.655,1,0,35101
28,0,3.655,1,0,35101
28,0,3.655,1,0,35101
28,0,3.655,1,0,35101
28,0,3.655,1,0,35101
28,0,3.655,1,0,35101
28,0,3.655,1,0,35101
28,0,3.655,1,0,35101
28,0,3.655,1,0,35101
28,0,3.655,1,0,35101
28,0,3.655,1,0,35101
28,0,3.655,1,0,35101
28,0,3.655,1,0,35101
28,0,3.655,1,0,35101
28,0,3.655,1,0,35101
28,0,3.655,1,0,35101
28,0,3.655,1,0,35101
28,0,3.655,1,0,35101
28,0,3.655,1,0,35101
28,0,3.655,1,0,35101
28,0,3.655,1,0,35101
28,0,3.655,1,0,35101
28,0,3.655,1,0,35101
28,0,3.655,1,0,35101
28,0,3.655,1,0,35101
28,0,3.655,1,0,35101
28,0,3.655,1,0,35101
28,0,3.655,1,0,35101
28,0,3.655,1,0,35101
28,0,3.655,1,0,35101
28,0,3.655,1,0,35101
28,0,3.655,1,0,35101
28,0,3.655,1,0,35101
28,0,3.655,1,0,35101
28,0,3.655,1,0,35101
28,0,3.655,1,0,35101
28,0,3.655,1,0,35101
28,0,3.655,1,0,35101
28,0,3.655,1,0,35101
28,0,3.655,1,0,35101
28,0,3.655,1,0,35101
28,0,3.655,1,0,35101
28,0,3.655,1,0,35101
28,0,3.655,1,0,35101
28,0,3.655,1,0,35101
28,0,3.655,1,0,35101
28,0,3.655,1,0,35101
28,0,3.655,1,0,35101
28,0,3.655,1,0,35101
28,0,3.655,1,0,35101
28,0,3.655,1,0,35101
28,0,3.655,1,0,35101
28,0,3.655,1,0,35101
28,0,3.655,1,0,35101
28,0,3.655,1,0,35101
28,0,3.655,1,0,35101
28,0,3.655,1,0,35101
28,0,3.655,1,0,35101
28,0,3.655,1,0,35101
28,0,3.655,1,0,35101
28,0,3.655,1,0,35101
28,0,3.655,1,0,35101
28,0,3.655,1,0,35101
28,0,3.655,1,0,35101
28,0,3.655,1,0,35101
28,0,3.655,1,0,35101
28,0,3.655,1,0,35101
28,0,3.655,1,0,35101
28,0,3.655,1,0,35101
28,0,3.655,1,0,35101
28,0,3.655,1,0,35101
28,0,3.655,1,0,35101
28,0,3.655,1,0,35101
28,0,3.655,1,0,35101
28,0,3.655,1,0,35101
28,0,3.655,1,0,35101
28,0,3.655,1,0,35101
28,0,3.655,1,0,35101
28,0,3.655,1,0,35101
28,0,3.655,1,0,35101
28,0,3.655,1,0,35101
28,0,3.655,1,0,35101
28,0,3.655,1,0,35101
28,0,3.655,1,0,35101
28,0,3.655,1,0,35101
28,0,3.655,1,0,35101
28,0,3.655,1,0,35101
28,0,3.655,1,0,35101
28,0,3.655,1,0,35101
28,0,3.655,1,0,35101
28,0,3.655,1,0,35101
28,0,3.655,1,0,35101
28,0,3.655,1,0,35101
28,0,3.655,1,0,35101
28,0,3.655,1,0,35101
28,0,3.655,1,0,35101
28,0,3.655,1,0,35101
28,0,3.655,1,0,35101
28,0,3.655,1,0,35101
28,0,3.655,1,0,35101
28,0,3.655,1,0,35101
28,0,3.655,1,0,35101
28,0,3.655,1,0,35101
28,0,3.655,1,0,35101
28,0,3.655,1,0,35101
28,0,3.655,1,0,35101
28,0,3.655,1,0,35101
28,0,3.655,1,0,35101
28,0,3.655,1,0,35101
28,0,3.655,1,0,35101
28,0,3.655,1,0,35101
28,0,3.655,1,0,35101
28,0,3.655,1,0,35101
28,0,3.655,1,0,35101
28,0,3.655,1,0,35101
28,0,3.655,1,0,35101
28,0,3.655,1,0,35101
28,0,3.655,1,0,35101
28,0,3.655,1,0,35101
28,0,3.655,1,0,35101
28,0,3.655,1,0,35101
28,0,3.655,1,0,35101
28,0,3.655,1,0,35101
28,0,3.655,1,0,35101
28,0,3.655,1,0,35101
28,0,3.655,1,0,35101
28,0,3.655,1,0,35101
28,0,3.655,1,0,35101
28,0,3.655,1,0,35101
28,0,3.655,1,0,35101
28,0,3.655,1,0,35101
28,0,3.655,1,0,35101
28,0,3.655,1,0,35101
28,0,3.655,1,0,35101
28,0,3.655,1,0,35101
28,0,3.655,1,0,35101
28,0,3.655,1,0,35101
28,0,3.655,1,0,35101
28,0,3.655,1,0,35101
28,0,3.655,1,0,35101
28,0,3.655,1,0,35101
28,0,3.655,1,0,35101
28,0,3.655,1,0,35101
28,0,3.655,1,0,35101
28,0,3.655,1,0,35101
28,0,3.655,1,0,35101
28,0,3.655,1,0,35101
28,0,3.655,1,0,35101
28,0,3.655,1,0,35101
28,0,3.655,1,0,35101
28,0,3.655,1,0,35101
28,0,3.655,1,0,35101
28,0,3.655,1,0,35101
28,0,3.655,1,0,35101
28,0,3.655,1,0,35101
28,0,3.655,1,0,35101
28,0,3.655,1,0,35101
28,0,3.655,1,0,35101
28,0,3.655,1,0,35101
28,0,3.655,1,0,35101
28,0,3.655,1,0,35101
28,0,3.655,1,0,35101
28,0,3.655,1,0,35101
28,0,3.655,1,0,35101
28,0,3.655,1,0,35101
28,0,3.655,1,0,35101
28,0,3.655,1,0,35101
28,0,3.655,1,0,35101
28,0,3.655,1,0,35101
28,0,3.655,1,0,35101
28,0,3.655,1,0,35101
28,0,3.655,1,0,35101
28,0,3.655,1,0,35101
28,0,3.655,1,0,35101
28,0,3.655,1,0,35101
28,0,3.655,1,0,35101
28,0,3.655,1,0,35101
28,0,3.655,1,0,35101
28,0,3.655,1,0,35101
28,0,3.655,1,0,35101
28,0,3.655,1,0,35101
28,0,3.655,1,0,35101
28,0,3.655,1,0,35101
28,0,3.655,1,0,35101
28,0,3.655,1,0,35101
28,0,3.655,1,0,35101
28,0,3.655,1,0,35101
28,0,3.655,1,0,35101
28,0,3.655,1,0,35101
28,0,3.655,1,0,35101
28,0,3.655,1,0,35101
28,0,3.655,1,0,35101
28,0,3.655,1,0,35101
28,0,3.655,1,0,35101
28,0,3.655,1,0,35101
28,0,3.655,1,0,35101
28,0,3.655,1,0,35101
28,0,3.655,1,0,35101
28,0,3.655,1,0,35101
28,0,3.655,1,0,35101
28,0,3.655,1,0,35101
28,0,3.655,1,0,35101
28,0,3.655,1,0,35101
28,0,3.655,1,0,35101
28,0,3.655,1,0,35101
28,0,3.655,1,0,35101
28,0,3.655,1,0,35101
28,0,3.655,1,0,35101
28,0,3.655,1,0,35101
28,0,3.655,1,0,35101
28,0,3.655,1,0,35101
28,0,3.655,1,0,35101
28,0,3.655,1,0,35101
28,0,3.655,1,0,35101
28,0,3.655,1,0,35101
28,0,3.655,1,0,35101
28,0,3.655,1,0,35101
28,0,3.655,1,0,35101
28,0,3.655,1,0,35101
28,0,3.655,1,0,35101
28,0,3.655,1,0,35101
28,0,3.655,1,0,35101
28,0,3.655,1,0,35101
28,0,3.655,1,0,35101
28,0,3.655,1,0,35101
28,0,3.655,1,0,35101
28,0,3.655,1,0,35101
28,0,3.655,1,0,35101
28,0,3.655,1,0,35101
28,0,3.655,1,0,35101
28,0,3.655,1,0,35101
28,0,3.655,1,0,35101
28,0,3.655,1,0,35101
28,0,3.655,1,0,35101
28,0,3.655,1,0,35101
28,0,3.655,1,0,35101
28,0,3.655,1,0,35101
28,0,3.655,1,0,35101
28,0,3.655,1,0,35101
28,0,3.655,1,0,35101
28,0,3.655,1,0,35101
28,0,3.655,1,0,35101
28,0,3.655,1,0,35101
28,0,3.655,1,0,35101
28,0,3.655,1,0,35101
28,0,3.655,1,0,35101
28,0,3.655,1,0,35101
28,0,3.655,1,0,35101
28,0,3.655,1,0,35101
28,0,3.655,1,0,35101
28,0,3.655,1,0,35101
28,0,3.655,1,0,35101
28,0,3.655,1,0,35101
28,0,3.655,1,0,35101
28,0,3.655,1,0,35101
28,0,3.655,1,0,35101
28,0,3.655,1,0,35101
28,0,3.655,1,0,35101
28,0,3.655,1,0,35101
28,0,3.655,1,0,35101
28,0,3.655,1,0,35101
28,0,3.655,1,0,35101
28,0,3.655,1,0,35101
28,0,3.655,1,0,35101
28,0,3.655,1,0,35101
28,0,3.655,1,0,35101
28,0,3.655,1,0,35101
28,0,3.655,1,0,35101
28,0,3.655,1,0,35101
28,0,3.655,1,0,35101
28,0,3.655,1,0,35101
28,0,3.655,1,0,35101
28,0,3.655,1,0,35101
28,0,3.655,1,0,35101
28,0,3.655,1,0,35101
28,0,3.655,1,0,35101
28,0,3.655,1,0,35101
28,0,3.655,1,0,35101
28,0,3.655,1,0,35101
28,0,3.655,1,0,35101
28,0,3.655,1,0,35101
28,0,3.655,1,0,35101
28,0,3.655,1,0,35101
28,0,3.655,1,0,35101
28,0,3.655,1,0,35101
28,0,3.655,1,0,35101
28,0,3.655,1,0,35101
28,0,3.655,1,0,35101
28,0,3.655,1,0,35101
28,0,3.655,1,0,35101
28,0,3.655,1,0,35101
28,0,3.655,1,0,35101
28,0,3.655,1,0,35101
28,0,3.655,1,0,35101
28,0,3.655,1,0,35101
28,0,3.655,1,0,35101
28,0,3.655,1,0,35101
28,0,3.655,1,0,35101
28,0,3.655,1,0,35101
28,0,3.655,1,0,35101
28,0,3.655,1,0,35101
28,0,3.655,1,0,35101
28,0,3.655,1,0,35101
28,0,3.655,1,0,35101
28,0,3.655,1,0,35101
28,0,3.655,1,0,35101
28,0,3.655,1,0,35101
28,0,3.655,1,0,35101
28,0,3.655,1,0,35101
28,0,3.655,1,0,35101
28,0,3.655,1,0,35101
28,0,3.655,1,0,35101
28,0,3.655,1,0,35101
28,0,3.655,1,0,35101
28,0,3.655,1,0,35101
28,0,3.655,1,0,35101
28,0,3.655,1,0,35101
28,0,3.655,1,0,35101
28,0,3.655,1,0,35101
28,0,3.655,1,0,35101
28,0,3.655,1,0,35101
28,0,3.655,1,0,35101
28,0,3.655,1,0,35101
28,0,3.655,1,0,35101
28,0,3.655,1,0,35101
28,0,3.655,1,0,35101
28,0,3.655,1,0,35101
28,0,3.655,1,0,35101
28,0,3.655,1,0,35101
28,0,3.655,1,0,35101
28,0,3.655,1,0,35101
28,0,3.655,1,0,35101
28,0,3.655,1,0,35101
28,0,3.655,1,0,35101
28,0,3.655,1,0,35101
28,0,3.655,1,0,35101
28,0,3.655,1,0,35101
28,0,3.655,1,0,35101
28,0,3.655,1,0,35101
28,0,3.655,1,0,35101
28,0,3.655,1,0,35101
28,0,3.655,1,0,35101
28,0,3.655,1,0,35101
28,0,3.655,1,0,35101
28,0,3.655,1,0,35101
28,0,3.655,1,0,35101
28,0,3.655,1,0,35101
28,0,3.655,1,0,35101
28,0,3.655,1,0,35101
28,0,3.655,1,0,35101
28,0,3.655,1,0,35101
28,0,3.655,1,0,35101
28,0,3.655,1,0,35101
28,0,3.655,1,0,35101
28,0,3.655,1,0,35101
28,0,3.655,1,0,35101
28,0,3.655,1,0,35101
28,0,3.655,1,0,35101
28,0,3.655,1,0,35101
28,0,3.655,1,0,35101
28,0,3.655,1,0,35101
28,0,3.655,1,0,35101
28,0,3.655,1,0,35101
28,0,3.655,1,0,35101
28,0,3.655,1,0,35101
28,0,3.655,1,0,35101
28,0,3.655,1,0,35101
28,0,3.655,1,0,35101
28,0,3.655,1,0,35101
28,0,3.655,1,0,35101
28,0,3.655,1,0,35101
28,0,3.655,1,0,35101
28,0,3.655,1,0,35101
28,0,3.655,1,0,35101
28,0,3.655,1,0,35101
28,0,3.655,1,0,35101
28,0,3.655,1,0,35101
28,0,3.655,1,0,35101
28,0,3.655,1,0,35101
28,0,3.655,1,0,35101
28,0,3.655,1,0,35101
28,0,3.655,1,0,35101
28,0,3.655,1,0,35101
28,0,3.655,1,0,35101
28,0,3.655,1,0,35101
28,0,3.655,1,0,35101
28,0,3.655,1,0,35101
28,0,3.655,1,0,35101
28,0,3.655,1,0,35101
28,0,3.655,1,0,35101
28,0,3.655,1,0,35101
28,0,3.655,1,0,35101
28,0,3.655,1,0,35101
28,0,3.655,1,0,35101
28,0,3.655,1,0,35101
28,0,3.655,1,0,35101
28,0,3.655,1,0,35101
28,0,3.655,1,0,35101
28,0,3.655,1,0,35101
28,0,3.655,1,0,35101
28,0,3.655,1,0,35101
28,0,3.655,1,0,35101
28,0,3.655,1,0,35101
28,0,3.655,1,0,35101
28,0,3.655,1,0,35101
28,0,3.655,1,0,35101
28,0,3.655,1,0,35101
28,0,3.655,1,0,35101
28,0,3.655,1,0,35101
28,0,3.655,1,0,35101
28,0,3.655,1,0,35101
28,0,3.655,1,0,35101
28,0,3.655,1,0,35101
28,0,3.655,1,0,35101
28,0,3.655,1,0,35101
28,0,3.655,1,0,35101
28,0,3.655,1,0,35101
28,0,3.655,1,0,35101
28,0,3.655,1,0,35101
28,0,3.655,1,0,35101
28,0,3.655,1,0,35101
28,0,3.655,1,0,35101
28,0,3.655,1,0,35101
28,0,3.655,1,0,35101
28,0,3.655,1,0,35101
28,0,3.655,1,0,35101
28,0,3.655,1,0,35101
28,0,3.655,1,0,35101
28,0,3.655,1,0,35101
28,0,3.655,1,0,35101
28,0,3.655,1,0,35101
28,0,3.655,1,0,35101
28,0,3.655,1,0,35101
28,0,3.655,1,0,35101
28,0,3.655,1,0,35101
28,0,3.655,1,0,35101
28,0,3.655,1,0,35101
28,0,3.655,1,0,35101
28,0,3.655,1,0,35101
28,0,3.655,1,0,35101
28,0,3.655,1,0,35101
28,0,3.655,1,0,35101
28,0,3.655,1,0,35101
28,0,3.655,1,0,35101
28,0,3.655,1,0,35101
28,0,3.655,1,0,35101
28,0,3.655,1,0,35101
28,0,3.655,1,0,35101
28,0,3.655,1,0,35101
28,0,3.655,1,0,35101
28,0,3.655,1,0,35101
28,0,3.655,1,0,35101
28,0,3.655,1,0,35101
28,0,3.655,1,0,35101
28,0,3.655,1,0,35101
28,0,3.655,1,0,35101
28,0,3.655,1,0,35101
28,0,3.655,1,0,35101
28,0,3.655,1,0,35101
28,0,3.655,1,0,35101
28,0,3.655,1,0,35101
28,0,3.655,1,0,35101
28,0,3.655,1,0,35101
28,0,3.655,1,0,35101
28,0,3.655,1,0,35101
28,0,3.655,1,0,35101
28,0,3.655,1,0,35101
28,0,3.655,1,0,35101
28,0,3.655,1,0,35101
28,0,3.655,1,0,35101
28,0,3.655,1,0,35101
28,0,3.655,1,0,35101
28,0,3.655,1,0,35101
28,0,3.655,1,0,35101
28,0,3.655,1,0,35101
28,0,3.655,1,0,35101
28,0,3.655,1,0,35101
28,0,3.655,1,0,35101
28,0,3.655,1,0,35101
28,0,3.655,1,0,35101
28,0,3.655,1,0,35101
28,0,3.655,1,0,35101
28,0,3.655,1,0,35101
28,0,3.655,1,0,35101
28,0,3.655,1,0,35101
28,0,3.655,1,0,35101
28,0,3.655,1,0,35101
28,0,3.655,1,0,35101
28,0,3.655,1,0,35101
28,0,3.655,1,0,35101
28,0,3.655,1,0,35101
28,0,3.655,1,0,35101
28,0,3.655,1,0,35101
28,0,3.655,1,0,35101
28,0,3.655,1,0,35101
28,0,3.655,1,0,35101
28,0,3.655,1,0,35101
28,0,3.655,1,0,35101
28,0,3.655,1,0,35101
28,0,3.655,1,0,35101
28,0,3.655,1,0,35101
28,0,3.655,1,0,35101
28,0,3.655,1,0,35101
28,0,3.655,1,0,35101
28,0,3.655,1,0,35101
28,0,3.655,1,0,35101
28,0,3.655,1,0,35101
28,0,3.655,1,0,35101
28,0,3.655,1,0,35101
28,0,3.655,1,0,35101
28,0,3.655,1,0,35101
28,0,3.655,1,0,35101
28,0,3.655,1,0,35101
28,0,3.655,1,0,35101
28,0,3.655,1,0,35101
28,0,3.655,1,0,35101
28,0,3.655,1,0,35101
28,0,3.655,1,0,35101
28,0,3.655,1,0,35101
28,0,3.655,1,0,35101
28,0,3.655,1,0,35101
28,0,3.655,1,0,35101
28,0,3.655,1,0,35101
28,0,3.655,1,0,35101
28,0,3.655,1,0,35101
28,0,3.655,1,0,35101
28,0,3.655,1,0,35101
28,0,3.655,1,0,35101
28,0,3.655,1,0,35101
28,0,3.655,1,0,35101
28,0,3.655,1,0,35101
28,0,3.655,1,0,35101
28,0,3.655,1,0,35101
28,0,3.655,1,0,35101
28,0,3.655,1,0,35101
28,0,3.655,1,0,35101
28,0,3.655,1,0,35101
28,0,3.655,1,0,35101
28,0,3.655,1,0,35101
28,0,3.655,1,0,35101
28,0,3.655,1,0,35101
28,0,3.655,1,0,35101
28,0,3.655,1,0,35101
28,0,3.655,1,0,35101
28,0,3.655,1,0,35101
28,0,3.655,1,0,35101
28,0,3.655,1,0,35101
28,0,3.655,1,0,35101
28,0,3.655,1,0,35101
28,0,3.655,1,0,35101
28,0,3.655,1,0,35101
28,0,3.655,1,0,35101
28,0,3.655,1,0,35101
28,0,3.655,1,0,35101
28,0,3.655,1,0,35101
28,0,3.655,1,0,35101
28,0,3.655,1,0,35101
28,0,3.655,1,0,35101
28,0,3.655,1,0,35101
28,0,3.655,1,0,35101
28,0,3.655,1,0,35101
28,0,3.655,1,0,35101
28,0,3.655,1,0,35101
28,0,3.655,1,0,35101
28,0,3.655,1,0,35101
28,0,3.655,1,0,35101
28,0,3.655,1,0,35101
28,0,3.655,1,0,35101
28,0,3.655,1,0,35101
28,0,3.655,1,0,35101
28,0,3.655,1,0,35101
28,0,3.655,1,0,35101
28,0,3.655,1,0,35101
28,0,3.655,1,0,35101
28,0,3.655,1,0,35101
28,0,3.655,1,0,35101
28,0,3.655,1,0,35101
28,0,3.655,1,0,35101
28,0,3.655,1,0,35101
28,0,3.655,1,0,35101
28,0,3.655,1,0,35101
28,0,3.655,1,0,35101
28,0,3.655,1,0,35101
28,0,3.655,1,0,35101
28,0,3.655,1,0,35101
28,0,3.655,1,0,35101
28,0,3.655,1,0,35101
28,0,3.655,1,0,35101
28,0,3.655,1,0,35101
28,0,3.655,1,0,35101
28,0,3.655,1,0,35101
28,0,3.655,1,0,35101
28,0,3.655,1,0,35101
28,0,3.655,1,0,35101
28,0,3.655,1,0,35101
28,0,3.655,1,0,35101
28,0,3.655,1,0,35101
28,0,3.655,1,0,35101
28,0,3.655,1,0,35101
28,0,3.655,1,0,35101
28,0,3.655,1,0,35101
28,0,3.655,1,0,35101
28,0,3.655,1,0,35101
28,0,3.655,1,0,35101
28,0,3.655,1,0,35101
28,0,3.655,1,0,35101
28,0,3.655,1,0,35101
28,0,3.655,1,0,35101
28,0,3.655,1,0,35101
28,0,3.655,1,0,35101
28,0,3.655,1,0,35101
28,0,3.655,1,0,35101
28,0,3.655,1,0,35101
28,0,3.655,1,0,35101
28,0,3.655,1,0,35101
28,0,3.655,1,0,35101
28,0,3.655,1,0,35101
28,0,3.655,1,0,35101
28,0,3.655,1,0,35101
28,0,3.655,1,0,35101
28,0,3.655,1,0,35101
28,0,3.655,1,0,35101
28,0,3.655,1,0,35101
28,0,3.655,1,0,35101
28,0,3.655,1,0,35101
28,0,3.655,1,0,35101
28,0,3.655,1,0,35101
28,0,3.655,1,0,35101
28,0,3.655,1,0,35101
28,0,3.655,1,0,35101
28,0,3.655,1,0,35101
28,0,3.655,1,0,35101
28,0,3.655,1,0,35101
28,0,3.655,1,0,35101
28,0,3.655,1,0,35101
28,0,3.655,1,0,35101
28,0,3.655,1,0,35101
28,0,3.655,1,0,35101
28,0,3.655,1,0,35101
28,0,3.655,1,0,35101
28,0,3.655,1,0,35101
28,0,3.655,1,0,35101
28,0,3.655,1,0,35101
28,0,3.655,1,0,35101
28,0,3.655,1,0,35101
28,0,3.655,1,0,35101
28,0,3.655,1,0,35101
28,0,3.655,1,0,35101
28,0,3.655,1,0,35101
28,0,3.655,1,0,35101
28,0,3.655,1,0,35101
28,0,3.655,1,0,35101
28,0,3.655,1,0,35101
28,0,3.655,1,0,35101
28,0,3.655,1,0,35101
28,0,3.655,1,0,35101
28,0,3.655,1,0,35101
28,0,3.655,1,0,35101
28,0,3.655,1,0,35101
28,0,3.655,1,0,35101
28,0,3.655,1,0,35101
28,0,3.655,1,0,35101
28,0,3.655,1,0,35101
28,0,3.655,1,0,35101
28,0,3.655,1,0,35101
28,0,3.655,1,0,35101
28,0,3.655,1,0,35101
28,0,3.655,1,0,35101
28,0,3.655,1,0,35101
28,0,3.655,1,0,35101
28,0,3.655,1,0,35101
28,0,3.655,1,0,35101
28,0,3.655,1,0,35101
28,0,3.655,1,0,35101
28,0,3.655,1,0,35101
28,0,3.655,1,0,35101
28,0,3.655,1,0,35101
28,0,3.655,1,0,35101
28,0,3.655,1,0,35101
28,0,3.655,1,0,35101
28,0,3.655,1,0,35101
28,0,3.655,1,0,35101
28,0,3.655,1,0,35101
28,0,3.655,1,0,35101
28,0,3.655,1,0,35101
28,0,3.655,1,0,35101
28,0,3.655,1,0,35101
28,0,3.655,1,0,35101
28,0,3.655,1,0,35101
28,0,3.655,1,0,35101
28,0,3.655,1,0,35101
28,0,3.655,1,0,35101
28,0,3.655,1,0,35101
28,0,3.655,1,0,35101
28,0,3.655,1,0,35101
28,0,3.655,1,0,35101
28,0,3.655,1,0,35101
28,0,3.655,1,0,35101
28,0,3.655,1,0,35101
28,0,3.655,1,0,35101
28,0,3.655,1,0,35101
28,0,3.655,1,0,35101
28,0,3.655,1,0,35101
28,0,3.655,1,0,35101
28,0,3.655,1,0,35101
28,0,3.655,1,0,35101
28,0,3.655,1,0,35101
28,0,3.655,1,0,35101
28,0,3.655,1,0,35101
28,0,3.655,1,0,35101
28,0,3.655,1,0,35101
28,0,3.655,1,0,35101
28,0,3.655,1,0,35101
28,0,3.655,1,0,35101
28,0,3.655,1,0,35101
28,0,3.655,1,0,35101
28,0,3.655,1,0,35101
28,0,3.655,1,0,35101
28,0,3.655,1,0,35101
28,0,3.655,1,0,35101
28,0,3.655,1,0,35101
28,0,3.655,1,0,35101
28,0,3.655,1,0,35101
28,0,3.655,1,0,35101
28,0,3.655,1,0,35101
28,0,3.655,1,0,35101
28,0,3.655,1,0,35101
28,0,3.655,1,0,35101
28,0,3.655,1,0,35101
28,0,3.655,1,0,35101
28,0,3.655,1,0,35101
28,0,3.655,1,0,35101
28,0,3.655,1,0,35101
28,0,3.655,1,0,35101
28,0,3.655,1,0,35101
28,0,3.655,1,0,35101
28,0,3.655,1,0,35101
28,0,3.655,1,0,35101
28,0,3.655,1,0,35101
28,0,3.655,1,0,35101
28,0,3.655,1,0,35101
28,0,3.655,1,0,35101
28,0,3.655,1,0,35101
28,0,3.655,1,0,35101
28,0,3.655,1,0,35101
28,0,3.655,1,0,35101
28,0,3.655,1,0,35101
28,0,3.655,1,0,35101
28,0,3.655,1,0,35101
28,0,3.655,1,0,35101
28,0,3.655,1,0,35101
28,0,3.655,1,0,35101
28,0,3.655,1,0,35101
28,0,3.655,1,0,35101
28,0,3.655,1,0,35101
28,0,3.655,1,0,35101
28,0,3.655,1,0,35101
28,0,3.655,1,0,35101
28,0,3.655,1,0,35101
28,0,3.655,1,0,35101
28,0,3.655,1,0,35101
28,0,3.655,1,0,35101
28,0,3.655,1,0,35101
28,0,3.655,1,0,35101
28,0,3.655,1,0,35101
28,0,3.655,1,0,35101
28,0,3.655,1,0,35101
28,0,3.655,1,0,35101
28,0,3.655,1,0,35101
28,0,3.655,1,0,35101
28,0,3.655,1,0,35101
28,0,3.655,1,0,35101
28,0,3.655,1,0,35101
28,0,3.655,1,0,35101
28,0,3.655,1,0,35101
28,0,3.655,1,0,35101
28,0,3.655,1,0,35101
28,0,3.655,1,0,35101
28,0,3.655,1,0,35101
28,0,3.655,1,0,35101
28,0,3.655,1,0,35101
28,0,3.655,1,0,35101
28,0,3.655,1,0,35101
28,0,3.655,1,0,35101
28,0,3.655,1,0,35101
28,0,3.655,1,0,35101
28,0,3.655,1,0,35101
28,0,3.655,1,0,35101
28,0,3.655,1,0,35101
28,0,3.655,1,0,35101
28,0,3.655,1,0,35101
28,0,3.655,1,0,35101
28,0,3.655,1,0,35101
28,0,3.655,1,0,35101
28,0,3.655,1,0,35101
28,0,3.655,1,0,35101
28,0,3.655,1,0,35101
28,0,3.655,1,0,35101
28,0,3.655,1,0,35101
28,0,3.655,1,0,35101
28,0,3.655,1,0,35101
28,0,3.655,1,0,35101
28,0,3.655,1,0,35101
28,0,3.655,1,0,35101
28,0,3.655,1,0,35101
28,0,3.655,1,0,35101
28,0,3.655,1,0,35101
28,0,3.655,1,0,35101
28,0,3.655,1,0,35101
28,0,3.655,1,0,35101
28,0,3.655,1,0,35101
28,0,3.655,1,0,35101
28,0,3.655,1,0,35101
28,0,3.655,1,0,35101
28,0,3.655,1,0,35101
28,0,3.655,1,0,35101
28,0,3.655,1,0,35101
28,0,3.655,1,0,35101
28,0,3.655,1,0,35101
28,0,3.655,1,0,35101
28,0,3.655,1,0,35101
28,0,3.655,1,0,35101
28,0,3.655,1,0,35101
28,0,3.655,1,0,35101
28,0,3.655,1,0,35101
28,0,3.655,1,0,35101
28,0,3.655,1,0,35101
28,0,3.655,1,0,35101
28,0,3.655,1,0,35101
28,0,3.655,1,0,35101
28,0,3.655,1,0,35101
28,0,3.655,1,0,35101
28,0,3.655,1,0,35101
28,0,3.655,1,0,35101
28,0,3.655,1,0,35101
28,0,3.655,1,0,35101
28,0,3.655,1,0,35101
28,0,3.655,1,0,35101
28,0,3.655,1,0,35101
28,0,3.655,1,0,35101
28,0,3.655,1,0,35101
28,0,3.655,1,0,35101
28,0,3.655,1,0,35101
28,0,3.655,1,0,35101
28,0,3.655,1,0,35101
28,0,3.655,1,0,35101
28,0,3.655,1,0,35101
28,0,3.655,1,0,35101
28,0,3.655,1,0,35101
28,0,3.655,1,0,35101
28,0,3.655,1,0,35101
28,0,3.655,1,0,35101
28,0,3.655,1,0,35101
28,0,3.655,1,0,35101
28,0,3.655,1,0,35101
28,0,3.655,1,0,35101
28,0,3.655,1,0,35101
28,0,3.655,1,0,35101
28,0,3.655,1,0,35101
28,0,3.655,1,0,35101
28,0,3.655,1,0,35101
28,0,3.655,1,0,35101
28,0,3.655,1,0,35101
28,0,3.655,1,0,35101
28,0,3.655,1,0,35101
28,0,3.655,1,0,35101
28,0,3.655,1,0,35101
28,0,3.655,1,0,35101
28,0,3.655,1,0,35101
28,0,3.655,1,0,35101
28,0,3.655,1,0,35101
28,0,3.655,1,0,35101
28,0,3.655,1,0,35101
28,0,3.655,1,0,35101
28,0,3.655,1,0,35101
28,0,3.655,1,0,35101
28,0,3.655,1,0,35101
28,0,3.655,1,0,35101
28,0,3.655,1,0,35101
28,0,3.655,1,0,35101
28,0,3.655,1,0,35101
28,0,3.655,1,0,35101
28,0,3.655,1,0,35101
28,0,3.655,1,0,35101
28,0,3.655,1,0,35101
28,0,3.655,1,0,35101
28,0,3.655,1,0,35101
28,0,3.655,1,0,35101
28,0,3.655,1,0,35101
28,0,3.655,1,0,35101
28,0,3.655,1,0,35101
28,0,3.655,1,0,35101
28,0,3.655,1,0,35101
28,0,3.655,1,0,35101
28,0,3.655,1,0,35101
28,0,3.655,1,0,35101
28,0,3.655,1,0,35101
28,0,3.655,1,0,35101
28,0,3.655,1,0,35101
28,0,3.655,1,0,35101
28,0,3.655,1,0,35101
28,0,3.655,1,0,35101
28,0,3.655,1,0,35101
28,0,3.655,1,0,35101
28,0,3.655,1,0,35101
28,0,3.655,1,0,35101
28,0,3.655,1,0,35101
28,0,3.655,1,0,35101
28,0,3.655,1,0,35101
28,0,3.655,1,0,35101
28,0,3.655,1,0,35101
28,0,3.655,1,0,35101
28,0,3.655,1,0,35101
28,0,3.655,1,0,35101
28,0,3.655,1,0,35101
28,0,3.655,1,0,35101
28,0,3.655,1,0,35101
28,0,3.655,1,0,35101
28,0,3.655,1,0,35101
28,0,3.655,1,0,35101
28,0,3.655,1,0,35101
28,0,3.655,1,0,35101
28,0,3.655,1,0,35101
28,0,3.655,1,0,35101
28,0,3.655,1,0,35101
28,0,3.655,1,0,35101
28,0,3.655,1,0,35101
28,0,3.655,1,0,35101
28,0,3.655,1,0,35101
28,0,3.655,1,0,35101
28,0,3.655,1,0,35101
28,0,3.655,1,0,35101
28,0,3.655,1,0,35101
28,0,3.655,1,0,35101
28,0,3.655,1,0,35101
28,0,3.655,1,0,35101
28,0,3.655,1,0,35101
28,0,3.655,1,0,35101
28,0,3.655,1,0,35101
28,0,3.655,1,0,35101
28,0,3.655,1,0,35101
28,0,3.655,1,0,35101
28,0,3.655,1,0,35101
28,0,3.655,1,0,35101
28,0,3.655,1,0,35101
28,0,3.655,1,0,35101
28,0,3.655,1,0,35101
28,0,3.655,1,0,35101
28,0,3.655,1,0,35101
28,0,3.655,1,0,35101
28,0,3.655,1,0,35101
28,0,3.655,1,0,35101
28,0,3.655,1,0,35101
28,0,3.655,1,0,35101
28,0,3.655,1,0,35101
28,0,3.655,1,0,35101
28,0,3.655,1,0,35101
28,0,3.655,1,0,35101
28,0,3.655,1,0,35101
28,0,3.655,1,0,35101
28,0,3.655,1,0,35101
28,0,3.655,1,0,35101
28,0,3.655,1,0,35101
28,0,3.655,1,0,35101
28,0,3.655,1,0,35101
28,0,3.655,1,0,35101
28,0,3.655,1,0,35101
28,0,3.655,1,0,35101
28,0,3.655,1,0,35101
28,0,3.655,1,0,35101
28,0,3.655,1,0,35101
28,0,3.655,1,0,35101
28,0,3.655,1,0,35101
28,0,3.655,1,0,35101
28,0,3.655,1,0,35101
28,0,3.655,1,0,35101
28,0,3.655,1,0,35101
28,0,3.655,1,0,35101
28,0,3.655,1,0,35101
28,0,3.655,1,0,35101
28,0,3.655,1,0,35101
28,0,3.655,1,0,35101
28,0,3.655,1,0,35101
28,0,3.655,1,0,35101
28,0,3.655,1,0,35101
28,0,3.655,1,0,35101
28,0,3.655,1,0,35101
28,0,3.655,1,0,35101
28,0,3.655,1,0,35101
28,0,3.655,1,0,35101
28,0,3.655,1,0,35101
28,0,3.655,1,0,35101
28,0,3.655,1,0,35101
28,0,3.655,1,0,35101
28,0,3.655,1,0,35101
28,0,3.655,1,0,35101
28,0,3.655,1,0,35101
28,0,3.655,1,0,35101
28,0,3.655,1,0,35101
28,0,3.655,1,0,35101
28,0,3.655,1,0,35101
28,0,3.655,1,0,35101
28,0,3.655,1,0,35101
28,0,3.655,1,0,35101
28,0,3.655,1,0,35101
28,0,3.655,1,0,35101
28,0,3.655,1,0,35101
28,0,3.655,1,0,35101
28,0,3.655,1,0,35101
28,0,3.655,1,0,35101
28,0,3.655,1,0,35101
28,0,3.655,1,0,35101
28,0,3.655,1,0,35101
28,0,3.655,1,0,35101
28,0,3.655,1,0,35101
28,0,3.655,1,0,35101
28,0,3.655,1,0,35101
28,0,3.655,1,0,35101
28,0,3.655,1,0,35101
28,0,3.655,1,0,35101
28,0,3.655,1,0,35101
28,0,3.655,1,0,35101
28,0,3.655,1,0,35101
28,0,3.655,1,0,35101
28,0,3.655,1,0,35101
28,0,3.655,1,0,35101
28,0,3.655,1,0,35101
28,0,3.655,1,0,35101
28,0,3.655,1,0,35101
28,0,3.655,1,0,35101
28,0,3.655,1,0,35101
28,0,3.655,1,0,35101
28,0,3.655,1,0,35101
28,0,3.655,1,0,35101
28,0,3.655,1,0,35101
28,0,3.655,1,0,35101
28,0,3.655,1,0,35101
28,0,3.655,1,0,35101
28,0,3.655,1,0,35101
28,0,3.655,1,0,35101
28,0,3.655,1,0,35101
28,0,3.655,1,0,35101
28,0,3.655,1,0,35101
28,0,3.655,1,0,35101
28,0,3.655,1,0,35101
28,0,3.655,1,0,35101
28,0,3.655,1,0,35101
28,0,3.655,1,0,35101
28,0,3.655,1,0,35101
28,0,3.655,1,0,35101
28,0,3.655,1,0,35101
28,0,3.655,1,0,35101
28,0,3.655,1,0,35101
28,0,3.655,1,0,35101
28,0,3.655,1,0,35101
28,0,3.655,1,0,35101
28,0,3.655,1,0,35101
28,0,3.655,1,0,35101
28,0,3.655,1,0,35101
28,0,3.655,1,0,35101
28,0,3.655,1,0,35101
28,0,3.655,1,0,35101
28,0,3.655,1,0,35101
28,0,3.655,1,0,35101
28,0,3.655,1,0,35101
28,0,3.655,1,0,35101
28,0,3.655,1,0,35101
28,0,3.655,1,0,35101
28,0,3.655,1,0,35101
28,0,3.655,1,0,35101
28,0,3.655,1,0,35101
28,0,3.655,1,0,35101
28,0,3.655,1,0,35101
28,0,3.655,1,0,35101
28,0,3.655,1,0,35101
28,0,3.655,1,0,35101
28,0,3.655,1,0,35101
28,0,3.655,1,0,35101
28,0,3.655,1,0,35101
28,0,3.655,1,0,35101
28,0,3.655,1,0,35101
28,0,3.655,1,0,35101
28,0,3.655,1,0,35101
28,0,3.655,1,0,35101
28,0,3.655,1,0,35101
28,0,3.655,1,0,35101
28,0,3.655,1,0,35101
28,0,3.655,1,0,35101
28,0,3.655,1,0,35101
28,0,3.655,1,0,35101
28,0,3.655,1,0,35101
28,0,3.655,1,0,35101
28,0,3.655,1,0,35101
28,0,3.655,1,0,35101
28,0,3.655,1,0,35101
28,0,3.655,1,0,35101
28,0,3.655,1,0,35101
28,0,3.655,1,0,35101
28,0,3.655,1,0,35101
28,0,3.655,1,0,35101
28,0,3.655,1,0,35101
28,0,3.655,1,0,35101
28,0,3.655,1,0,35101
28,0,3.655,1,0,35101
28,0,3.655,1,0,35101
28,0,3.655,1,0,35101
28,0,3.655,1,0,35101
28,0,3.655,1,0,35101
28,0,3.655,1,0,35101
28,0,3.655,1,0,35101
28,0,3.655,1,0,35101
28,0,3.655,1,0,35101
28,0,3.655,1,0,35101
28,0,3.655,1,0,35101
28,0,3.655,1,0,35101
28,0,3.655,1,0,35101
28,0,3.655,1,0,35101
28,0,3.655,1,0,35101
28,0,3.655,1,0,35101
28,0,3.655,1,0,35101
28,0,3.655,1,0,35101
28,0,3.655,1,0,35101
28,0,3.655,1,0,35101
28,0,3.655,1,0,35101
28,0,3.655,1,0,35101
28,0,3.655,1,0,35101
28,0,3.655,1,0,35101
28,0,3.655,1,0,35101
28,0,3.655,1,0,35101
28,0,3.655,1,0,35101
28,0,3.655,1,0,35101
28,0,3.655,1,0,35101
28,0,3.655,1,0,35101
28,0,3.655,1,0,35101
28,0,3.655,1,0,35101
28,0,3.655,1,0,35101
28,0,3.655,1,0,35101
28,0,3.655,1,0,35101
28,0,3.655,1,0,35101
28,0,3.655,1,0,35101
28,0,3.655,1,0,35101
28,0,3.655,1,0,35101
28,0,3.655,1,0,35101
28,0,3.655,1,0,35101
28,0,3.655,1,0,35101
28,0,3.655,1,0,35101
28,0,3.655,1,0,35101
28,0,3.655,1,0,35101
28,0,3.655,1,0,35101
28,0,3.655,1,0,35101
28,0,3.655,1,0,35101
28,0,3.655,1,0,35101
28,0,3.655,1,0,35101
28,0,3.655,1,0,35101
28,0,3.655,1,0,35101
28,0,3.655,1,0,35101
28,0,3.655,1,0,35101
28,0,3.655,1,0,35101
28,0,3.655,1,0,35101
28,0,3.655,1,0,35101
28,0,3.655,1,0,35101
28,0,3.655,1,0,35101
28,0,3.655,1,0,35101
28,0,3.655,1,0,35101
28,0,3.655,1,0,35101
28,0,3.655,1,0,35101
28,0,3.655,1,0,35101
28,0,3.655,1,0,35101
28,0,3.655,1,0,35101
28,0,3.655,1,0,35101
28,0,3.655,1,0,35101
28,0,3.655,1,0,35101
28,0,3.655,1,0,35101
28,0,3.655,1,0,35101
28,0,3.655,1,0,35101
28,0,3.655,1,0,35101
28,0,3.655,1,0,35101
28,0,3.655,1,0,35101
28,0,3.655,1,0,35101
28,0,3.655,1,0,35101
28,0,3.655,1,0,35101
28,0,3.655,1,0,35101
28,0,3.655,1,0,35101
28,0,3.655,1,0,35101
28,0,3.655,1,0,35101
28,0,3.655,1,0,35101
28,0,3.655,1,0,35101
28,0,3.655,1,0,35101
28,0,3.655,1,0,35101
28,0,3.655,1,0,35101
28,0,3.655,1,0,35101
28,0,3.655,1,0,35101
28,0,3.655,1,0,35101
28,0,3.655,1,0,35101
28,0,3.655,1,0,35101
28,0,3.655,1,0,35101
28,0,3.655,1,0,35101
28,0,3.655,1,0,35101
28,0,3.655,1,0,35101
28,0,3.655,1,0,35101
28,0,3.655,1,0,35101
28,0,3.655,1,0,35101
28,0,3.655,1,0,35101
28,0,3.655,1,0,35101
28,0,3.655,1,0,35101
28,0,3.655,1,0,35101
28,0,3.655,1,0,35101
28,0,3.655,1,0,35101
28,0,3.655,1,0,35101
28,0,3.655,1,0,35101
28,0,3.655,1,0,35101
28,0,3.655,1,0,35101
28,0,3.655,1,0,35101
28,0,3.655,1,0,35101
28,0,3.655,1,0,35101
28,0,3.655,1,0,35101
28,0,3.655,1,0,35101
28,0,3.655,1,0,35101
28,0,3.655,1,0,35101
28,0,3.655,1,0,35101
28,0,3.655,1,0,35101
28,0,3.655,1,0,35101
28,0,3.655,1,0,35101
28,0,3.655,1,0,35101
28,0,3.655,1,0,35101
28,0,3.655,1,0,35101
28,0,3.655,1,0,35101
28,0,3.655,1,0,35101
28,0,3.655,1,0,35101
28,0,3.655,1,0,35101
28,0,3.655,1,0,35101
28,0,3.655,1,0,35101
28,0,3.655,1,0,35101
28,0,3.655,1,0,35101
28,0,3.655,1,0,35101
28,0,3.655,1,0,35101
28,0,3.655,1,0,35101
28,0,3.655,1,0,35101
28,0,3.655,1,0,35101
28,0,3.655,1,0,35101
28,0,3.655,1,0,35101
28,0,3.655,1,0,35101
28,0,3.655,1,0,35101
28,0,3.655,1,0,35101
28,0,3.655,1,0,35101
28,0,3.655,1,0,35101
28,0,3.655,1,0,35101
28,0,3.655,1,0,35101
28,0,3.655,1,0,35101
28,0,3.655,1,0,35101
28,0,3.655,1,0,35101
28,0,3.655,1,0,35101
28,0,3.655,1,0,35101
28,0,3.655,1,0,35101
28,0,3.655,1,0,35101
28,0,3.655,1,0,35101
28,0,3.655,1,0,35101
28,0,3.655,1,0,35101
28,0,3.655,1,0,35101
28,0,3.655,1,0,35101
28,0,3.655,1,0,35101
28,0,3.655,1,0,35101
28,0,3.655,1,0,35101
28,0,3.655,1,0,35101
28,0,3.655,1,0,35101
28,0,3.655,1,0,35101
28,0,3.655,1,0,35101
28,0,3.655,1,0,35101
28,0,3.655,1,0,35101
28,0,3.655,1,0,35101
28,0,3.655,1,0,35101
28,0,3.655,1,0,35101
28,0,3.655,1,0,35101
28,0,3.655,1,0,35101
28,0,3.655,1,0,35101
28,0,3.655,1,0,35101
28,0,3.655,1,0,35101
28,0,3.655,1,0,35101
28,0,3.655,1,0,35101
28,0,3.655,1,0,35101
28,0,3.655,1,0,35101
28,0,3.655,1,0,35101
28,0,3.655,1,0,35101
28,0,3.655,1,0,35101
28,0,3.655,1,0,35101
28,0,3.655,1,0,35101
28,0,3.655,1,0,35101
28,0,3.655,1,0,35101
28,0,3.655,1,0,35101
28,0,3.655,1,0,35101
28,0,3.655,1,0,35101
28,0,3.655,1,0,35101
28,0,3.655,1,0,35101
28,0,3.655,1,0,35101
28,0,3.655,1,0,35101
28,0,3.655,1,0,35101
28,0,3.655,1,0,35101
28,0,3.655,1,0,35101
28,0,3.655,1,0,35101
28,0,3.655,1,0,35101
28,0,3.655,1,0,35101
28,0,3.655,1,0,35101
28,0,3.655,1,0,35101
28,0,3.655,1,0,35101
28,0,3.655,1,0,35101
28,0,3.655,1,0,35101
28,0,3.655,1,0,35101
28,0,3.655,1,0,35101
28,0,3.655,1,0,35101
28,0,3.655,1,0,35101
28,0,3.655,1,0,35101
28,0,3.655,1,0,35101
28,0,3.655,1,0,35101
28,0,3.655,1,0,35101
28,0,3.655,1,0,35101
28,0,3.655,1,0,35101
28,0,3.655,1,0,35101
28,0,3.655,1,0,35101
28,0,3.655,1,0,35101
28,0,3.655,1,0,35101
28,0,3.655,1,0,35101
28,0,3.655,1,0,35101
28,0,3.655,1,0,35101
28,0,3.655,1,0,35101
28,0,3.655,1,0,35101
28,0,3.655,1,0,35101
28,0,3.655,1,0,35101
28,0,3.655,1,0,35101
28,0,3.655,1,0,35101
28,0,3.655,1,0,35101
28,0,3.655,1,0,35101
28,0,3.655,1,0,35101
28,0,3.655,1,0,35101
28,0,3.655,1,0,35101
28,0,3.655,1,0,35101
28,0,3.655,1,0,35101
28,0,3.655,1,0,35101
28,0,3.655,1,0,35101
28,0,3.655,1,0,35101
28,0,3.655,1,0,35101
28,0,3.655,1,0,35101
28,0,3.655,1,0,35101
28,0,3.655,1,0,35101
28,0,3.655,1,0,35101
28,0,3.655,1,0,35101
28,0,3.655,1,0,35101
28,0,3.655,1,0,35101
28,0,3.655,1,0,35101
28,0,3.655,1,0,35101
28,0,3.655,1,0,35101
28,0,3.655,1,0,35101
28,0,3.655,1,0,35101
28,0,3.655,1,0,35101
28,0,3.655,1,0,35101
28,0,3.655,1,0,35101
28,0,3.655,1,0,35101
28,0,3.655,1,0,35101
28,0,3.655,1,0,35101
28,0,3.655,1,0,35101
28,0,3.655,1,0,35101
28,0,3.655,1,0,35101
28,0,3.655,1,0,35101
28,0,3.655,1,0,35101
28,0,3.655,1,0,35101
28,0,3.655,1,0,35101
28,0,3.655,1,0,35101
28,0,3.655,1,0,35101
28,0,3.655,1,0,35101
28,0,3.655,1,0,35101
28,0,3.655,1,0,35101
28,0,3.655,1,0,35101
28,0,3.655,1,0,35101
28,0,3.655,1,0,35101
28,0,3.655,1,0,35101
28,0,3.655,1,0,35101
28,0,3.655,1,0,35101
28,0,3.655,1,0,35101
28,0,3.655,1,0,35101
28,0,3.655,1,0,35101
28,0,3.655,1,0,35101
28,0,3.655,1,0,35101
28,0,3.655,1,0,35101
28,0,3.655,1,0,35101
28,0,3.655,1,0,35101
28,0,3.655,1,0,35101
28,0,3.655,1,0,35101
28,0,3.655,1,0,35101
28,0,3.655,1,0,35101
28,0,3.655,1,0,35101
28,0,3.655,1,0,35101
28,0,3.655,1,0,35101
28,0,3.655,1,0,35101
28,0,3.655,1,0,35101
28,0,3.655,1,0,35101
28,0,3.655,1,0,35101
28,0,3.655,1,0,35101
28,0,3.655,1,0,35101
28,0,3.655,1,0,35101
28,0,3.655,1,0,35101
28,0,3.655,1,0,35101
28,0,3.655,1,0,35101
28,0,3.655,1,0,35101
28,0,3.655,1,0,35101
28,0,3.655,1,0,35101
28,0,3.655,1,0,35101
28,0,3.655,1,0,35101
28,0,3.655,1,0,35101
28,0,3.655,1,0,35101
28,0,3.655,1,0,35101
28,0,3.655,1,0,35101
28,0,3.655,1,0,35101
28,0,3.655,1,0,35101
28,0,3.655,1,0,35101
28,0,3.655,1,0,35101
28,0,3.655,1,0,35101
28,0,3.655,1,0,35101
28,0,3.655,1,0,35101
28,0,3.655,1,0,35101
28,0,3.655,1,0,35101
28,0,3.655,1,0,35101
28,0,3.655,1,0,35101
28,0,3.655,1,0,35101
28,0,3.655,1,0,35101
28,0,3.655,1,0,35101
28,0,3.655,1,0,35101
28,0,3.655,1,0,35101
28,0,3.655,1,0,35101
28,0,3.655,1,0,35101
28,0,3.655,1,0,35101
28,0,3.655,1,0,35101
28,0,3.655,1,0,35101
28,0,3.655,1,0,35101
28,0,3.655,1,0,35101
28,0,3.655,1,0,35101
28,0,3.655,1,0,35101
28,0,3.655,1,0,35101
28,0,3.655,1,0,35101
28,0,3.655,1,0,35101
28,0,3.655,1,0,35101
28,0,3.655,1,0,35101
28,0,3.655,1,0,35101
28,0,3.655,1,0,35101
28,0,3.655,1,0,35101
28,0,3.655,1,0,35101
28,0,3.655,1,0,35101
28,0,3.655,1,0,35101
28,0,3.655,1,0,35101
28,0,3.655,1,0,35101
28,0,3.655,1,0,35101
28,0,3.655,1,0,35101
28,0,3.655,1,0,35101
28,0,3.655,1,0,35101
28,0,3.655,1,0,35101
28,0,3.655,1,0,35101
28,0,3.655,1,0,35101
28,0,3.655,1,0,35101
28,0,3.655,1,0,35101
28,0,3.655,1,0,35101
28,0,3.655,1,0,35101
28,0,3.655,1,0,35101
28,0,3.655,1,0,35101
28,0,3.655,1,0,35101
28,0,3.655,1,0,35101
28,0,3.655,1,0,35101
28,0,3.655,1,0,35101
28,0,3.655,1,0,35101
28,0,3.655,1,0,35101
28,0,3.655,1,0,35101
28,0,3.655,1,0,35101
28,0,3.655,1,0,35101
28,0,3.655,1,0,35101
28,0,3.655,1,0,35101
28,0,3.655,1,0,35101
28,0,3.655,1,0,35101
28,0,3.655,1,0,35101
28,0,3.655,1,0,35101
28,0,3.655,1,0,35101
28,0,3.655,1,0,35101
28,0,3.655,1,0,35101
28,0,3.655,1,0,35101
28,0,3.655,1,0,35101
28,0,3.655,1,0,35101
28,0,3.655,1,0,35101
28,0,3.655,1,0,35101
28,0,3.655,1,0,35101
28,0,3.655,1,0,35101
28,0,3.655,1,0,35101
28,0,3.655,1,0,35101
28,0,3.655,1,0,35101
28,0,3.655,1,0,35101
28,0,3.655,1,0,35101
28,0,3.655,1,0,35101
28,0,3.655,1,0,35101
28,0,3.655,1,0,35101
28,0,3.655,1,0,35101
28,0,3.655,1,0,35101
28,0,3.655,1,0,35101
28,0,3.655,1,0,35101
28,0,3.655,1,0,35101
28,0,3.655,1,0,35101
28,0,3.655,1,0,35101
28,0,3.655,1,0,35101
28,0,3.655,1,0,35101
28,0,3.655,1,0,35101
28,0,3.655,1,0,35101
28,0,3.655,1,0,35101
28,0,3.655,1,0,35101
28,0,3.655,1,0,35101
28,0,3.655,1,0,35101
28,0,3.655,1,0,35101
28,0,3.655,1,0,35101
28,0,3.655,1,0,35101
28,0,3.655,1,0,35101
28,0,3.655,1,0,35101
28,0,3.655,1,0,35101
28,0,3.655,1,0,35101
28,0,3.655,1,0,35101
28,0,3.655,1,0,35101
28,0,3.655,1,0,35101
28,0,3.655,1,0,35101
28,0,3.655,1,0,35101
28,0,3.655,1,0,35101
28,0,3.655,1,0,35101
28,0,3.655,1,0,35101
28,0,3.655,1,0,35101
28,0,3.655,1,0,35101
28,0,3.655,1,0,35101
28,0,3.655,1,0,35101
28,0,3.655,1,0,35101
28,0,3.655,1,0,35101
28,0,3.655,1,0,35101
28,0,3.655,1,0,35101
28,0,3.655,1,0,35101
28,0,3.655,1,0,35101
28,0,3.655,1,0,35101
28,0,3.655,1,0,35101
28,0,3.655,1,0,35101
28,0,3.655,1,0,35101
28,0,3.655,1,0,35101
28,0,3.655,1,0,35101
28,0,3.655,1,0,35101
28,0,3.655,1,0,35101
28,0,3.655,1,0,35101
28,0,3.655,1,0,35101
28,0,3.655,1,0,35101
28,0,3.655,1,0,35101
28,0,3.655,1,0,35101
28,0,3.655,1,0,35101
28,0,3.655,1,0,35101
28,0,3.655,1,0,35101
28,0,3.655,1,0,35101
28,0,3.655,1,0,35101
28,0,3.655,1,0,35101
28,0,3.655,1,0,35101
28,0,3.655,1,0,35101
28,0,3.655,1,0,35101
28,0,3.655,1,0,35101
28,0,3.655,1,0,35101
28,0,3.655,1,0,35101
28,0,3.655,1,0,35101
28,0,3.655,1,0,35101
28,0,3.655,1,0,35101
28,0,3.655,1,0,35101
28,0,3.655,1,0,35101
28,0,3.655,1,0,35101
28,0,3.655,1,0,35101
28,0,3.655,1,0,35101
28,0,3.655,1,0,35101
28,0,3.655,1,0,35101
28,0,3.655,1,0,35101
28,0,3.655,1,0,35101
28,0,3.655,1,0,35101
28,0,3.655,1,0,35101
28,0,3.655,1,0,35101
28,0,3.655,1,0,35101
28,0,3.655,1,0,35101
28,0,3.655,1,0,35101
28,0,3.655,1,0,35101
28,0,3.655,1,0,35101
28,0,3.655,1,0,35101
28,0,3.655,1,0,35101
28,0,3.655,1,0,35101
28,0,3.655,1,0,35101
28,0,3.655,1,0,35101
28,0,3.655,1,0,35101
28,0,3.655,1,0,35101
28,0,3.655,1,0,35101
28,0,3.655,1,0,35101
28,0,3.655,1,0,35101
28,0,3.655,1,0,35101
28,0,3.655,1,0,35101
28,0,3.655,1,0,35101
28,0,3.655,1,0,35101
28,0,3.655,1,0,35101
28,0,3.655,1,0,35101
28,0,3.655,1,0,35101
28,0,3.655,1,0,35101
28,0,3.655,1,0,35101
28,0,3.655,1,0,35101
28,0,3.655,1,0,35101
28,0,3.655,1,0,35101
28,0,3.655,1,0,35101
28,0,3.655,1,0,35101
28,0,3.655,1,0,35101
28,0,3.655,1,0,35101
28,0,3.655,1,0,35101
28,0,3.655,1,0,35101
28,0,3.655,1,0,35101
28,0,3.655,1,0,35101
28,0,3.655,1,0,35101
28,0,3.655,1,0,35101
28,0,3.655,1,0,35101
28,0,3.655,1,0,35101
28,0,3.655,1,0,35101
28,0,3.655,1,0,35101
28,0,3.655,1,0,35101
28,0,3.655,1,0,35101
28,0,3.655,1,0,35101
28,0,3.655,1,0,35101
28,0,3.655,1,0,35101
28,0,3.655,1,0,35101
28,0,3.655,1,0,35101
28,0,3.655,1,0,35101
28,0,3.655,1,0,35101
28,0,3.655,1,0,35101
28,0,3.655,1,0,35101
28,0,3.655,1,0,35101
28,0,3.655,1,0,35101
28,0,3.655,1,0,35101
28,0,3.655,1,0,35101
28,0,3.655,1,0,35101
28,0,3.655,1,0,35101
28,0,3.655,1,0,35101
28,0,3.655,1,0,35101
28,0,3.655,1,0,35101
28,0,3.655,1,0,35101
28,0,3.655,1,0,35101
28,0,3.655,1,0,35101
28,0,3.655,1,0,35101
28,0,3.655,1,0,35101
28,0,3.655,1,0,35101
28,0,3.655,1,0,35101
28,0,3.655,1,0,35101
28,0,3.655,1,0,35101
28,0,3.655,1,0,35101
28,0,3.655,1,0,35101
28,0,3.655,1,0,35101
28,0,3.655,1,0,35101
28,0,3.655,1,0,35101
28,0,3.655,1,0,35101
28,0,3.655,1,0,35101
28,0,3.655,1,0,35101
28,0,3.655,1,0,35101
28,0,3.655,1,0,35101
28,0,3.655,1,0,35101
28,0,3.655,1,0,35101
28,0,3.655,1,0,35101
28,0,3.655,1,0,35101
28,0,3.655,1,0,35101
28,0,3.655,1,0,35101
28,0,3.655,1,0,35101
28,0,3.655,1,0,35101
28,0,3.655,1,0,35101
28,0,3.655,1,0,35101
28,0,3.655,1,0,35101
28,0,3.655,1,0,35101
28,0,3.655,1,0,35101
28,0,3.655,1,0,35101
28,0,3.655,1,0,35101
28,0,3.655,1,0,35101
28,0,3.655,1,0,35101
28,0,3.655,1,0,35101
28,0,3.655,1,0,35101
28,0,3.655,1,0,35101
28,0,3.655,1,0,35101
28,0,3.655,1,0,35101
28,0,3.655,1,0,35101
28,0,3.655,1,0,35101
28,0,3.655,1,0,35101
28,0,3.655,1,0,35101
28,0,3.655,1,0,35101
28,0,3.655,1,0,35101
28,0,3.655,1,0,35101
28,0,3.655,1,0,35101
28,0,3.655,1,0,35101
28,0,3.655,1,0,35101
28,0,3.655,1,0,35101
28,0,3.655,1,0,35101
28,0,3.655,1,0,35101
28,0,3.655,1,0,35101
28,0,3.655,1,0,35101
28,0,3.655,1,0,35101
28,0,3.655,1,0,35101
28,0,3.655,1,0,35101
28,0,3.655,1,0,35101
28,0,3.655,1,0,35101
28,0,3.655,1,0,35101
28,0,3.655,1,0,35101
28,0,3.655,1,0,35101
28,0,3.655,1,0,35101
28,0,3.655,1,0,35101
28,0,3.655,1,0,35101
28,0,3.655,1,0,35101
28,0,3.655,1,0,35101
28,0,3.655,1,0,35101
28,0,3.655,1,0,35101
28,0,3.655,1,0,35101
28,0,3.655,1,0,35101
28,0,3.655,1,0,35101
28,0,3.655,1,0,35101
28,0,3.655,1,0,35101
28,0,3.655,1,0,35101
28,0,3.655,1,0,35101
28,0,3.655,1,0,35101
28,0,3.655,1,0,35101
28,0,3.655,1,0,35101
28,0,3.655,1,0,35101
28,0,3.655,1,0,35101
28,0,3.655,1,0,35101
28,0,3.655,1,0,35101
28,0,3.655,1,0,35101
28,0,3.655,1,0,35101
28,0,3.655,1,0,35101
28,0,3.655,1,0,35101
28,0,3.655,1,0,35101
28,0,3.655,1,0,35101
28,0,3.655,1,0,35101
28,0,3.655,1,0,35101
28,0,3.655,1,0,35101
28,0,3.655,1,0,35101
28,0,3.655,1,0,35101
28,0,3.655,1,0,35101
28,0,3.655,1,0,35101
28,0,3.655,1,0,35101
28,0,3.655,1,0,35101
28,0,3.655,1,0,35101
28,0,3.655,1,0,35101
28,0,3.655,1,0,35101
28,0,3.655,1,0,35101
28,0,3.655,1,0,35101
28,0,3.655,1,0,35101
28,0,3.655,1,0,35101
28,0,3.655,1,0,35101
28,0,3.655,1,0,35101
28,0,3.655,1,0,35101
28,0,3.655,1,0,35101
28,0,3.655,1,0,35101
28,0,3.655,1,0,35101
28,0,3.655,1,0,35101
28,0,3.655,1,0,35101
28,0,3.655,1,0,35101
28,0,3.655,1,0,35101
28,0,3.655,1,0,35101
28,0,3.655,1,0,35101
28,0,3.655,1,0,35101
28,0,3.655,1,0,35101
28,0,3.655,1,0,35101
28,0,3.655,1,0,35101
28,0,3.655,1,0,35101
28,0,3.655,1,0,35101
28,0,3.655,1,0,35101
28,0,3.655,1,0,35101
28,0,3.655,1,0,35101
28,0,3.655,1,0,35101
28,0,3.655,1,0,35101
28,0,3.655,1,0,35101
28,0,3.655,1,0,35101
28,0,3.655,1,0,35101
28,0,3.655,1,0,35101
28,0,3.655,1,0,35101
28,0,3.655,1,0,35101
28,0,3.655,1,0,35101
28,0,3.655,1,0,35101
28,0,3.655,1,0,35101
28,0,3.655,1,0,35101
28,0,3.655,1,0,35101
28,0,3.655,1,0,35101
28,0,3.655,1,0,35101
28,0,3.655,1,0,35101
28,0,3.655,1,0,35101
28,0,3.655,1,0,35101
28,0,3.655,1,0,35101
28,0,3.655,1,0,35101
28,0,3.655,1,0,35101
28,0,3.655,1,0,35101
28,0,3.655,1,0,35101
28,0,3.655,1,0,35101
28,0,3.655,1,0,35101
28,0,3.655,1,0,35101
28,0,3.655,1,0,35101
28,0,3.655,1,0,35101
28,0,3.655,1,0,35101
28,0,3.655,1,0,35101
28,0,3.655,1,0,35101
28,0,3.655,1,0,35101
28,0,3.655,1,0,35101
28,0,3.655,1,0,35101
28,0,3.655,1,0,35101
28,0,3.655,1,0,35101
28,0,3.655,1,0,35101
28,0,3.655,1,0,35101
28,0,3.655,1,0,35101
28,0,3.655,1,0,35101
28,0,3.655,1,0,35101
28,0,3.655,1,0,35101
28,0,3.655,1,0,35101
28,0,3.655,1,0,35101
28,0,3.655,1,0,35101
28,0,3.655,1,0,35101
28,0,3.655,1,0,35101
28,0,3.655,1,0,35101
28,0,3.655,1,0,35101
28,0,3.655,1,0,35101
28,0,3.655,1,0,35101
28,0,3.655,1,0,35101
28,0,3.655,1,0,35101
28,0,3.655,1,0,35101
28,0,3.655,1,0,35101
28,0,3.655,1,0,35101
28,0,3.655,1,0,35101
28,0,3.655,1,0,35101
28,0,3.655,1,0,35101
28,0,3.655,1,0,35101
28,0,3.655,1,0,35101
28,0,3.655,1,0,35101
28,0,3.655,1,0,35101
28,0,3.655,1,0,35101
28,0,3.655,1,0,35101
28,0,3.655,1,0,35101
28,0,3.655,1,0,35101
28,0,3.655,1,0,35101
28,0,3.655,1,0,35101
28,0,3.655,1,0,35101
28,0,3.655,1,0,35101
28,0,3.655,1,0,35101
28,0,3.655,1,0,35101
28,0,3.655,1,0,35101
28,0,3.655,1,0,35101
28,0,3.655,1,0,35101
28,0,3.655,1,0,35101
28,0,3.655,1,0,35101
28,0,3.655,1,0,35101
28,0,3.655,1,0,35101
28,0,3.655,1,0,35101
28,0,3.655,1,0,35101
28,0,3.655,1,0,35101
28,0,3.655,1,0,35101
28,0,3.655,1,0,35101
28,0,3.655,1,0,35101
28,0,3.655,1,0,35101
28,0,3.655,1,0,35101
28,0,3.655,1,0,35101
28,0,3.655,1,0,35101
28,0,3.655,1,0,35101
28,0,3.655,1,0,35101
28,0,3.655,1,0,35101
28,0,3.655,1,0,35101
28,0,3.655,1,0,35101
28,0,3.655,1,0,35101
28,0,3.655,1,0,35101
28,0,3.655,1,0,35101
28,0,3.655,1,0,35101
28,0,3.655,1,0,35101
28,0,3.655,1,0,35101
28,0,3.655,1,0,35101
28,0,3.655,1,0,35101
28,0,3.655,1,0,35101
28,0,3.655,1,0,35101
28,0,3.655,1,0,35101
28,0,3.655,1,0,35101
28,0,3.655,1,0,35101
28,0,3.655,1,0,35101
28,0,3.655,1,0,35101
28,0,3.655,1,0,35101
28,0,3.655,1,0,35101
28,0,3.655,1,0,35101
28,0,3.655,1,0,35101
28,0,3.655,1,0,35101
28,0,3.655,1,0,35101
28,0,3.655,1,0,35101
28,0,3.655,1,0,35101
28,0,3.655,1,0,35101
28,0,3.655,1,0,35101
28,0,3.655,1,0,35101
28,0,3.655,1,0,35101
28,0,3.655,1,0,35101
28,0,3.655,1,0,35101
28,0,3.655,1,0,35101
28,0,3.655,1,0,35101
28,0,3.655,1,0,35101
28,0,3.655,1,0,35101
28,0,3.655,1,0,35101
28,0,3.655,1,0,35101
28,0,3.655,1,0,35101
28,0,3.655,1,0,35101
28,0,3.655,1,0,35101
28,0,3.655,1,0,35101
28,0,3.655,1,0,35101
28,0,3.655,1,0,35101
28,0,3.655,1,0,35101
28,0,3.655,1,0,35101
28,0,3.655,1,0,35101
28,0,3.655,1,0,35101
28,0,3.655,1,0,35101
28,0,3.655,1,0,35101
28,0,3.655,1,0,35101
28,0,3.655,1,0,35101
28,0,3.655,1,0,35101
28,0,3.655,1,0,35101
28,0,3.655,1,0,35101
28,0,3.655,1,0,35101
28,0,3.655,1,0,35101
28,0,3.655,1,0,35101
28,0,3.655,1,0,35101
28,0,3.655,1,0,35101
28,0,3.655,1,0,35101
28,0,3.655,1,0,35101
28,0,3.655,1,0,35101
28,0,3.655,1,0,35101
28,0,3.655,1,0,35101
28,0,3.655,1,0,35101
28,0,3.655,1,0,35101
28,0,3.655,1,0,35101
28,0,3.655,1,0,35101
28,0,3.655,1,0,35101
28,0,3.655,1,0,35101
28,0,3.655,1,0,35101
28,0,3.655,1,0,35101
28,0,3.655,1,0,35101
28,0,3.655,1,0,35101
28,0,3.655,1,0,35101
28,0,3.655,1,0,35101
28,0,3.655,1,0,35101
28,0,3.655,1,0,35101
28,0,3.655,1,0,35101
28,0,3.655,1,0,35101
28,0,3.655,1,0,35101
28,0,3.655,1,0,35101
28,0,3.655,1,0,35101
28,0,3.655,1,0,35101
28,0,3.655,1,0,35101
28,0,3.655,1,0,35101
28,0,3.655,1,0,35101
28,0,3.655,1,0,35101
28,0,3.655,1,0,35101
28,0,3.655,1,0,35101
28,0,3.655,1,0,35101
28,0,3.655,1,0,35101
28,0,3.655,1,0,35101
28,0,3.655,1,0,35101
28,0,3.655,1,0,35101
28,0,3.655,1,0,35101
28,0,3.655,1,0,35101
28,0,3.655,1,0,35101
28,0,3.655,1,0,35101
28,0,3.655,1,0,35101
28,0,3.655,1,0,35101
28,0,3.655,1,0,35101
28,0,3.655,1,0,35101
28,0,3.655,1,0,35101
28,0,3.655,1,0,35101
28,0,3.655,1,0,35101
28,0,3.655,1,0,35101
28,0,3.655,1,0,35101
28,0,3.655,1,0,35101
28,0,3.655,1,0,35101
28,0,3.655,1,0,35101
28,0,3.655,1,0,35101
28,0,3.655,1,0,35101
28,0,3.655,1,0,35101
28,0,3.655,1,0,35101
28,0,3.655,1,0,35101
28,0,3.655,1,0,35101
28,0,3.655,1,0,35101
28,0,3.655,1,0,35101
28,0,3.655,1,0,35101
28,0,3.655,1,0,35101
28,0,3.655,1,0,35101
28,0,3.655,1,0,35101
28,0,3.655,1,0,35101
28,0,3.655,1,0,35101
28,0,3.655,1,0,35101
28,0,3.655,1,0,35101
28,0,3.655,1,0,35101
28,0,3.655,1,0,35101
28,0,3.655,1,0,35101
28,0,3.655,1,0,35101
28,0,3.655,1,0,35101
28,0,3.655,1,0,35101
28,0,3.655,1,0,35101
28,0,3.655,1,0,35101
28,0,3.655,1,0,35101
28,0,3.655,1,0,35101
28,0,3.655,1,0,35101
28,0,3.655,1,0,35101
28,0,3.655,1,0,35101
28,0,3.655,1,0,35101
28,0,3.655,1,0,35101
28,0,3.655,1,0,35101
28,0,3.655,1,0,35101
28,0,3.655,1,0,35101
28,0,3.655,1,0,35101
28,0,3.655,1,0,35101
28,0,3.655,1,0,35101
28,0,3.655,1,0,35101
28,0,3.655,1,0,35101
28,0,3.655,1,0,35101
28,0,3.655,1,0,35101
28,0,3.655,1,0,35101
28,0,3.655,1,0,35101
28,0,3.655,1,0,35101
28,0,3.655,1,0,35101
28,0,3.655,1,0,35101
28,0,3.655,1,0,35101
28,0,3.655,1,0,35101
28,0,3.655,1,0,35101
28,0,3.655,1,0,35101
28,0,3.655,1,0,35101
28,0,3.655,1,0,35101
28,0,3.655,1,0,35101
28,0,3.655,1,0,35101
28,0,3.655,1,0,35101
28,0,3.655,1,0,35101
28,0,3.655,1,0,35101
28,0,3.655,1,0,35101
28,0,3.655,1,0,35101
28,0,3.655,1,0,35101
28,0,3.655,1,0,35101
28,0,3.655,1,0,35101
28,0,3.655,1,0,35101
28,0,3.655,1,0,35101
28,0,3.655,1,0,35101
28,0,3.655,1,0,35101
28,0,3.655,1,0,35101
28,0,3.655,1,0,35101
28,0,3.655,1,0,35101
28,0,3.655,1,0,35101
28,0,3.655,1,0,35101
28,0,3.655,1,0,35101
28,0,3.655,1,0,35101
28,0,3.655,1,0,35101
28,0,3.655,1,0,35101
28,0,3.655,1,0,35101
28,0,3.655,1,0,35101
28,0,3.655,1,0,35101
28,0,3.655,1,0,35101
28,0,3.655,1,0,35101
28,0,3.655,1,0,35101
28,0,3.655,1,0,35101
28,0,3.655,1,0,35101
28,0,3.655,1,0,35101
28,0,3.655,1,0,35101
28,0,3.655,1,0,35101
28,0,3.655,1,0,35101
28,0,3.655,1,0,35101
28,0,3.655,1,0,35101
28,0,3.655,1,0,35101
28,0,3.655,1,0,35101
28,0,3.655,1,0,35101
28,0,3.655,1,0,35101
28,0,3.655,1,0,35101
28,0,3.655,1,0,35101
28,0,3.655,1,0,35101
28,0,3.655,1,0,35101
28,0,3.655,1,0,35101
28,0,3.655,1,0,35101
28,0,3.655,1,0,35101
28,0,3.655,1,0,35101
28,0,3.655,1,0,35101
28,0,3.655,1,0,35101
28,0,3.655,1,0,35101
28,0,3.655,1,0,35101
28,0,3.655,1,0,35101
28,0,3.655,1,0,35101
28,0,3.655,1,0,35101
28,0,3.655,1,0,35101
28,0,3.655,1,0,35101
28,0,3.655,1,0,35101
28,0,3.655,1,0,35101
28,0,3.655,1,0,35101
28,0,3.655,1,0,35101
28,0,3.655,1,0,35101
28,0,3.655,1,0,35101
28,0,3.655,1,0,35101
28,0,3.655,1,0,35101
28,0,3.655,1,0,35101
28,0,3.655,1,0,35101
28,0,3.655,1,0,35101
28,0,3.655,1,0,35101
28,0,3.655,1,0,35101
28,0,3.655,1,0,35101
28,0,3.655,1,0,35101
28,0,3.655,1,0,35101
28,0,3.655,1,0,35101
28,0,3.655,1,0,35101
28,0,3.655,1,0,35101
28,0,3.655,1,0,35101
28,0,3.655,1,0,35101
28,0,3.655,1,0,35101
28,0,3.655,1,0,35101
28,0,3.655,1,0,35101
28,0,3.655,1,0,35101
28,0,3.655,1,0,35101
28,0,3.655,1,0,35101
28,0,3.655,1,0,35101
28,0,3.655,1,0,35101
28,0,3.655,1,0,35101
28,0,3.655,1,0,35101
28,0,3.655,1,0,35101
28,0,3.655,1,0,35101
28,0,3.655,1,0,35101
28,0,3.655,1,0,35101
28,0,3.655,1,0,35101
28,0,3.655,1,0,35101
28,0,3.655,1,0,35101
28,0,3.655,1,0,35101
28,0,3.655,1,0,35101
28,0,3.655,1,0,35101
28,0,3.655,1,0,35101
28,0,3.655,1,0,35101
28,0,3.655,1,0,35101
28,0,3.655,1,0,35101
28,0,3.655,1,0,35101
28,0,3.655,1,0,35101
28,0,3.655,1,0,35101
28,0,3.655,1,0,35101
28,0,3.655,1,0,35101
28,0,3.655,1,0,35101
28,0,3.655,1,0,35101
28,0,3.655,1,0,35101
28,0,3.655,1,0,35101
28,0,3.655,1,0,35101
28,0,3.655,1,0,35101
28,0,3.655,1,0,35101
28,0,3.655,1,0,35101
28,0,3.655,1,0,35101
28,0,3.655,1,0,35101
28,0,3.655,1,0,35101
28,0,3.655,1,0,35101
28,0,3.655,1,0,35101
28,0,3.655,1,0,35101
28,0,3.655,1,0,35101
28,0,3.655,1,0,35101
28,0,3.655,1,0,35101
28,0,3.655,1,0,35101
28,0,3.655,1,0,35101
28,0,3.655,1,0,35101
28,0,3.655,1,0,35101
28,0,3.655,1,0,35101
28,0,3.655,1,0,35101
28,0,3.655,1,0,35101
28,0,3.655,1,0,35101
28,0,3.655,1,0,35101
28,0,3.655,1,0,35101
28,0,3.655,1,0,35101
28,0,3.655,1,0,35101
28,0,3.655,1,0,35101
28,0,3.655,1,0,35101
28,0,3.655,1,0,35101
28,0,3.655,1,0,35101
28,0,3.655,1,0,35101
28,0,3.655,1,0,35101
28,0,3.655,1,0,35101
28,0,3.655,1,0,35101
28,0,3.655,1,0,35101
28,0,3.655,1,0,35101
28,0,3.655,1,0,35101
28,0,3.655,1,0,35101
28,0,3.655,1,0,35101
28,0,3.655,1,0,35101
28,0,3.655,1,0,35101
28,0,3.655,1,0,35101
28,0,3.655,1,0,35101
28,0,3.655,1,0,35101
28,0,3.655,1,0,35101
28,0,3.655,1,0,35101
28,0,3.655,1,0,35101
28,0,3.655,1,0,35101
28,0,3.655,1,0,35101
28,0,3.655,1,0,35101
28,0,3.655,1,0,35101
28,0,3.655,1,0,35101
28,0,3.655,1,0,35101
28,0,3.655,1,0,35101
28,0,3.655,1,0,35101
28,0,3.655,1,0,35101
28,0,3.655,1,0,35101
28,0,3.655,1,0,35101
28,0,3.655,1,0,35101
28,0,3.655,1,0,35101
28,0,3.655,1,0,35101
28,0,3.655,1,0,35101
28,0,3.655,1,0,35101
28,0,3.655,1,0,35101
28,0,3.655,1,0,35101
28,0,3.655,1,0,35101
28,0,3.655,1,0,35101
28,0,3.655,1,0,35101
28,0,3.655,1,0,35101
28,0,3.655,1,0,35101
28,0,3.655,1,0,35101
28,0,3.655,1,0,35101
28,0,3.655,1,0,35101
28,0,3.655,1,0,35101
28,0,3.655,1,0,35101
28,0,3.655,1,0,35101
28,0,3.655,1,0,35101
28,0,3.655,1,0,35101
28,0,3.655,1,0,35101
28,0,3.655,1,0,35101
28,0,3.655,1,0,35101
28,0,3.655,1,0,35101
28,0,3.655,1,0,35101
28,0,3.655,1,0,35101
28,0,3.655,1,0,35101
28,0,3.655,1,0,35101
28,0,3.655,1,0,35101
28,0,3.655,1,0,35101
28,0,3.655,1,0,35101
28,0,3.655,1,0,35101
28,0,3.655,1,0,35101
28,0,3.655,1,0,35101
28,0,3.655,1,0,35101
28,0,3.655,1,0,35101
28,0,3.655,1,0,35101
28,0,3.655,1,0,35101
28,0,3.655,1,0,35101
28,0,3.655,1,0,35101
28,0,3.655,1,0,35101
28,0,3.655,1,0,35101
28,0,3.655,1,0,35101
28,0,3.655,1,0,35101
28,0,3.655,1,0,35101
28,0,3.655,1,0,35101
28,0,3.655,1,0,35101
28,0,3.655,1,0,35101
28,0,3.655,1,0,35101
28,0,3.655,1,0,35101
28,0,3.655,1,0,35101
28,0,3.655,1,0,35101
28,0,3.655,1,0,35101
28,0,3.655,1,0,35101
28,0,3.655,1,0,35101
28,0,3.655,1,0,35101
28,0,3.655,1,0,35101
28,0,3.655,1,0,35101
28,0,3.655,1,0,35101
28,0,3.655,1,0,35101
28,0,3.655,1,0,35101
28,0,3.655,1,0,35101
28,0,3.655,1,0,35101
28,0,3.655,1,0,35101
28,0,3.655,1,0,35101
28,0,3.655,1,0,35101
28,0,3.655,1,0,35101
28,0,3.655,1,0,35101
28,0,3.655,1,0,35101
28,0,3.655,1,0,35101
28,0,3.655,1,0,35101
28,0,3.655,1,0,35101
28,0,3.655,1,0,35101
28,0,3.655,1,0,35101
28,0,3.655,1,0,35101
28,0,3.655,1,0,35101
28,0,3.655,1,0,35101
28,0,3.655,1,0,35101
28,0,3.655,1,0,35101
28,0,3.655,1,0,35101
28,0,3.655,1,0,35101
28,0,3.655,1,0,35101
28,0,3.655,1,0,35101
28,0,3.655,1,0,35101
28,0,3.655,1,0,35101
28,0,3.655,1,0,35101
28,0,3.655,1,0,35101
28,0,3.655,1,0,35101
28,0,3.655,1,0,35101
28,0,3.655,1,0,35101
28,0,3.655,1,0,35101
28,0,3.655,1,0,35101
28,0,3.655,1,0,35101
28,0,3.655,1,0,35101
28,0,3.655,1,0,35101
28,0,3.655,1,0,35101
28,0,3.655,1,0,35101
28,0,3.655,1,0,35101
28,0,3.655,1,0,35101
28,0,3.655,1,0,35101
28,0,3.655,1,0,35101
28,0,3.655,1,0,35101
28,0,3.655,1,0,35101
28,0,3.655,1,0,35101
28,0,3.655,1,0,35101
28,0,3.655,1,0,35101
28,0,3.655,1,0,35101
28,0,3.655,1,0,35101
28,0,3.655,1,0,35101
28,0,3.655,1,0,35101
28,0,3.655,1,0,35101
28,0,3.655,1,0,35101
28,0,3.655,1,0,35101
28,0,3.655,1,0,35101
28,0,3.655,1,0,35101
28,0,3.655,1,0,35101
28,0,3.655,1,0,35101
28,0,3.655,1,0,35101
28,0,3.655,1,0,35101
28,0,3.655,1,0,35101
28,0,3.655,1,0,35101
28,0,3.655,1,0,35101
28,0,3.655,1,0,35101
28,0,3.655,1,0,35101
28,0,3.655,1,0,35101
28,0,3.655,1,0,35101
28,0,3.655,1,0,35101
28,0,3.655,1,0,35101
28,0,3.655,1,0,35101
28,0,3.655,1,0,35101
28,0,3.655,1,0,35101
28,0,3.655,1,0,35101
28,0,3.655,1,0,35101
28,0,3.655,1,0,35101
28,0,3.655,1,0,35101
28,0,3.655,1,0,35101
28,0,3.655,1,0,35101
28,0,3.655,1,0,35101
28,0,3.655,1,0,35101
28,0,3.655,1,0,35101
28,0,3.655,1,0,35101
28,0,3.655,1,0,35101
28,0,3.655,1,0,35101
28,0,3.655,1,0,35101
28,0,3.655,1,0,35101
28,0,3.655,1,0,35101
28,0,3.655,1,0,35101
28,0,3.655,1,0,35101
28,0,3.655,1,0,35101
28,0,3.655,1,0,35101
28,0,3.655,1,0,35101
28,0,3.655,1,0,35101
28,0,3.655,1,0,35101
28,0,3.655,1,0,35101
28,0,3.655,1,0,35101
28,0,3.655,1,0,35101
28,0,3.655,1,0,35101
28,0,3.655,1,0,35101
28,0,3.655,1,0,35101
28,0,3.655,1,0,35101
28,0,3.655,1,0,35101
28,0,3.655,1,0,35101
28,0,3.655,1,0,35101
28,0,3.655,1,0,35101
28,0,3.655,1,0,35101
28,0,3.655,1,0,35101
28,0,3.655,1,0,35101
28,0,3.655,1,0,35101
28,0,3.655,1,0,35101
28,0,3.655,1,0,35101
28,0,3.655,1,0,35101
28,0,3.655,1,0,35101
28,0,3.655,1,0,35101
28,0,3.655,1,0,35101
28,0,3.655,1,0,35101
28,0,3.655,1,0,35101
28,0,3.655,1,0,35101
28,0,3.655,1,0,35101
28,0,3.655,1,0,35101
28,0,3.655,1,0,35101
28,0,3.655,1,0,35101
28,0,3.655,1,0,35101
28,0,3.655,1,0,35101
28,0,3.655,1,0,35101
28,0,3.655,1,0,35101
28,0,3.655,1,0,35101
28,0,3.655,1,0,35101
28,0,3.655,1,0,35101
28,0,3.655,1,0,35101
28,0,3.655,1,0,35101
28,0,3.655,1,0,35101
28,0,3.655,1,0,35101
28,0,3.655,1,0,35101
28,0,3.655,1,0,35101
28,0,3.655,1,0,35101
28,0,3.655,1,0,35101
28,0,3.655,1,0,35101
28,0,3.655,1,0,35101
28,0,3.655,1,0,35101
28,0,3.655,1,0,35101
28,0,3.655,1,0,35101
28,0,3.655,1,0,35101
28,0,3.655,1,0,35101
28,0,3.655,1,0,35101
28,0,3.655,1,0,35101
28,0,3.655,1,0,35101
28,0,3.655,1,0,35101
28,0,3.655,1,0,35101
28,0,3.655,1,0,35101
28,0,3.655,1,0,35101
28,0,3.655,1,0,35101
28,0,3.655,1,0,35101
28,0,3.655,1,0,35101
28,0,3.655,1,0,35101
28,0,3.655,1,0,35101
28,0,3.655,1,0,35101
28,0,3.655,1,0,35101
28,0,3.655,1,0,35101
28,0,3.655,1,0,35101
28,0,3.655,1,0,35101
28,0,3.655,1,0,35101
28,0,3.655,1,0,35101
28,0,3.655,1,0,35101
28,0,3.655,1,0,35101
28,0,3.655,1,0,35101
28,0,3.655,1,0,35101
28,0,3.655,1,0,35101
28,0,3.655,1,0,35101
28,0,3.655,1,0,35101
28,0,3.655,1,0,35101
28,0,3.655,1,0,35101
28,0,3.655,1,0,35101
28,0,3.655,1,0,35101
28,0,3.655,1,0,35101
28,0,3.655,1,0,35101
28,0,3.655,1,0,35101
28,0,3.655,1,0,35101
28,0,3.655,1,0,35101
28,0,3.655,1,0,35101
28,0,3.655,1,0,35101
28,0,3.655,1,0,35101
28,0,3.655,1,0,35101
28,0,3.655,1,0,35101
28,0,3.655,1,0,35101
28,0,3.655,1,0,35101
28,0,3.655,1,0,35101
28,0,3.655,1,0,35101
28,0,3.655,1,0,35101
28,0,3.655,1,0,35101
28,0,3.655,1,0,35101
28,0,3.655,1,0,35101
28,0,3.655,1,0,35101
28,0,3.655,1,0,35101
28,0,3.655,1,0,35101
28,0,3.655,1,0,35101
28,0,3.655,1,0,35101
28,0,3.655,1,0,35101
28,0,3.655,1,0,35101
28,0,3.655,1,0,35101
28,0,3.655,1,0,35101
28,0,3.655,1,0,35101
28,0,3.655,1,0,35101
28,0,3.655,1,0,35101
28,0,3.655,1,0,35101
28,0,3.655,1,0,35101
28,0,3.655,1,0,35101
28,0,3.655,1,0,35101
28,0,3.655,1,0,35101
28,0,3.655,1,0,35101
28,0,3.655,1,0,35101
28,0,3.655,1,0,35101
28,0,3.655,1,0,35101
28,0,3.655,1,0,35101
28,0,3.655,1,0,35101
28,0,3.655,1,0,35101
28,0,3.655,1,0,35101
28,0,3.655,1,0,35101
28,0,3.655,1,0,35101
28,0,3.655,1,0,35101
28,0,3.655,1,0,35101
28,0,3.655,1,0,35101
28,0,3.655,1,0,35101
28,0,3.655,1,0,35101
28,0,3.655,1,0,35101
28,0,3.655,1,0,35101
28,0,3.655,1,0,35101
28,0,3.655,1,0,35101
28,0,3.655,1,0,35101
28,0,3.655,1,0,35101
28,0,3.655,1,0,35101
28,0,3.655,1,0,35101
28,0,3.655,1,0,35101
28,0,3.655,1,0,35101
28,0,3.655,1,0,35101
28,0,3.655,1,0,35101
28,0,3.655,1,0,35101
28,0,3.655,1,0,35101
28,0,3.655,1,0,35101
28,0,3.655,1,0,35101
28,0,3.655,1,0,35101
28,0,3.655,1,0,35101
28,0,3.655,1,0,35101
28,0,3.655,1,0,35101
28,0,3.655,1,0,35101
28,0,3.655,1,0,35101
28,0,3.655,1,0,35101
28,0,3.655,1,0,35101
28,0,3.655,1,0,35101
28,0,3.655,1,0,35101
28,0,3.655,1,0,35101
28,0,3.655,1,0,35101
28,0,3.655,1,0,35101
28,0,3.655,1,0,35101
28,0,3.655,1,0,35101
28,0,3.655,1,0,35101
28,0,3.655,1,0,35101
28,0,3.655,1,0,35101
28,0,3.655,1,0,35101
28,0,3.655,1,0,35101
28,0,3.655,1,0,35101
28,0,3.655,1,0,35101
28,0,3.655,1,0,35101
28,0,3.655,1,0,35101
28,0,3.655,1,0,35101
28,0,3.655,1,0,35101
28,0,3.655,1,0,35101
28,0,3.655,1,0,35101
28,0,3.655,1,0,35101
28,0,3.655,1,0,35101
28,0,3.655,1,0,35101
28,0,3.655,1,0,35101
28,0,3.655,1,0,35101
28,0,3.655,1,0,35101
28,0,3.655,1,0,35101
28,0,3.655,1,0,35101
28,0,3.655,1,0,35101
28,0,3.655,1,0,35101
28,0,3.655,1,0,35101
28,0,3.655,1,0,35101
28,0,3.655,1,0,35101
28,0,3.655,1,0,35101
28,0,3.655,1,0,35101
28,0,3.655,1,0,35101
28,0,3.655,1,0,35101
28,0,3.655,1,0,35101
28,0,3.655,1,0,35101
28,0,3.655,1,0,35101
28,0,3.655,1,0,35101
28,0,3.655,1,0,35101
28,0,3.655,1,0,35101
28,0,3.655,1,0,35101
28,0,3.655,1,0,35101
28,0,3.655,1,0,35101
28,0,3.655,1,0,35101
28,0,3.655,1,0,35101
28,0,3.655,1,0,35101
28,0,3.655,1,0,35101
28,0,3.655,1,0,35101
28,0,3.655,1,0,35101
28,0,3.655,1,0,35101
28,0,3.655,1,0,35101
28,0,3.655,1,0,35101
28,0,3.655,1,0,35101
28,0,3.655,1,0,35101
28,0,3.655,1,0,35101
28,0,3.655,1,0,35101
28,0,3.655,1,0,35101
28,0,3.655,1,0,35101
28,0,3.655,1,0,35101
28,0,3.655,1,0,35101
28,0,3.655,1,0,35101
28,0,3.655,1,0,35101
28,0,3.655,1,0,35101
28,0,3.655,1,0,35101
28,0,3.655,1,0,35101
28,0,3.655,1,0,35101
28,0,3.655,1,0,35101
28,0,3.655,1,0,35101
28,0,3.655,1,0,35101
28,0,3.655,1,0,35101
28,0,3.655,1,0,35101
28,0,3.655,1,0,35101
28,0,3.655,1,0,35101
28,0,3.655,1,0,35101
28,0,3.655,1,0,35101
28,0,3.655,1,0,35101
28,0,3.655,1,0,35101
28,0,3.655,1,0,35101
28,0,3.655,1,0,35101
28,0,3.655,1,0,35101
28,0,3.655,1,0,35101
28,0,3.655,1,0,35101
28,0,3.655,1,0,35101
28,0,3.655,1,0,35101
28,0,3.655,1,0,35101
28,0,3.655,1,0,35101
28,0,3.655,1,0,35101
28,0,3.655,1,0,35101
28,0,3.655,1,0,35101
28,0,3.655,1,0,35101
28,0,3.655,1,0,35101
28,0,3.655,1,0,35101
28,0,3.655,1,0,35101
28,0,3.655,1,0,35101
28,0,3.655,1,0,35101
28,0,3.655,1,0,35101
28,0,3.655,1,0,35101
28,0,3.655,1,0,35101
28,0,3.655,1,0,35101
28,0,3.655,1,0,35101
28,0,3.655,1,0,35101
28,0,3.655,1,0,35101
28,0,3.655,1,0,35101
28,0,3.655,1,0,35101
28,0,3.655,1,0,35101
28,0,3.655,1,0,35101
28,0,3.655,1,0,35101
28,0,3.655,1,0,35101
28,0,3.655,1,0,35101
28,0,3.655,1,0,35101
28,0,3.655,1,0,35101
28,0,3.655,1,0,35101
28,0,3.655,1,0,35101
28,0,3.655,1,0,35101
28,0,3.655,1,0,35101
28,0,3.655,1,0,35101
28,0,3.655,1,0,35101
28,0,3.655,1,0,35101
28,0,3.655,1,0,35101
28,0,3.655,1,0,35101
28,0,3.655,1,0,35101
28,0,3.655,1,0,35101
28,0,3.655,1,0,35101
28,0,3.655,1,0,35101
28,0,3.655,1,0,35101
28,0,3.655,1,0,35101
28,0,3.655,1,0,35101
28,0,3.655,1,0,35101
28,0,3.655,1,0,35101
28,0,3.655,1,0,35101
28,0,3.655,1,0,35101
28,0,3.655,1,0,35101
28,0,3.655,1,0,35101
28,0,3.655,1,0,35101
28,0,3.655,1,0,35101
28,0,3.655,1,0,35101
28,0,3.655,1,0,35101
28,0,3.655,1,0,35101
28,0,3.655,1,0,35101
28,0,3.655,1,0,35101
28,0,3.655,1,0,35101
28,0,3.655,1,0,35101
28,0,3.655,1,0,35101
28,0,3.655,1,0,35101
28,0,3.655,1,0,35101
28,0,3.655,1,0,35101
28,0,3.655,1,0,35101
28,0,3.655,1,0,35101
28,0,3.655,1,0,35101
28,0,3.655,1,0,35101
28,0,3.655,1,0,35101
28,0,3.655,1,0,35101
28,0,3.655,1,0,35101
28,0,3.655,1,0,35101
28,0,3.655,1,0,35101
28,0,3.655,1,0,35101
28,0,3.655,1,0,35101
28,0,3.655,1,0,35101
28,0,3.655,1,0,35101
28,0,3.655,1,0,35101
28,0,3.655,1,0,35101
28,0,3.655,1,0,35101
28,0,3.655,1,0,35101
28,0,3.655,1,0,35101
28,0,3.655,1,0,35101
28,0,3.655,1,0,35101
28,0,3.655,1,0,35101
28,0,3.655,1,0,35101
28,0,3.655,1,0,35101
28,0,3.655,1,0,35101
28,0,3.655,1,0,35101
28,0,3.655,1,0,35101
28,0,3.655,1,0,35101
28,0,3.655,1,0,35101
28,0,3.655,1,0,35101
28,0,3.655,1,0,35101
28,0,3.655,1,0,35101
28,0,3.655,1,0,35101
28,0,3.655,1,0,35101
28,0,3.655,1,0,35101
28,0,3.655,1,0,35101
28,0,3.655,1,0,35101
28,0,3.655,1,0,35101
28,0,3.655,1,0,35101
28,0,3.655,1,0,35101
28,0,3.655,1,0,35101
28,0,3.655,1,0,35101
28,0,3.655,1,0,35101
28,0,3.655,1,0,35101
28,0,3.655,1,0,35101
28,0,3.655,1,0,35101
28,0,3.655,1,0,35101
28,0,3.655,1,0,35101
28,0,3.655,1,0,35101
28,0,3.655,1,0,35101
28,0,3.655,1,0,35101
28,0,3.655,1,0,35101
28,0,3.655,1,0,35101
28,0,3.655,1,0,35101
28,0,3.655,1,0,35101
28,0,3.655,1,0,35101
28,0,3.655,1,0,35101
28,0,3.655,1,0,35101
28,0,3.655,1,0,35101
28,0,3.655,1,0,35101
28,0,3.655,1,0,35101
28,0,3.655,1,0,35101
28,0,3.655,1,0,35101
28,0,3.655,1,0,35101
28,0,3.655,1,0,35101
28,0,3.655,1,0,35101
28,0,3.655,1,0,35101
28,0,3.655,1,0,35101
28,0,3.655,1,0,35101
28,0,3.655,1,0,35101
28,0,3.655,1,0,35101
28,0,3.655,1,0,35101
28,0,3.655,1,0,35101
28,0,3.655,1,0,35101
28,0,3.655,1,0,35101
28,0,3.655,1,0,35101
28,0,3.655,1,0,35101
28,0,3.655,1,0,35101
28,0,3.655,1,0,35101
28,0,3.655,1,0,35101
28,0,3.655,1,0,35101
28,0,3.655,1,0,35101
28,0,3.655,1,0,35101
28,0,3.655,1,0,35101
28,0,3.655,1,0,35101
28,0,3.655,1,0,35101
28,0,3.655,1,0,35101
28,0,3.655,1,0,35101
28,0,3.655,1,0,35101
28,0,3.655,1,0,35101
28,0,3.655,1,0,35101
28,0,3.655,1,0,35101
28,0,3.655,1,0,35101
28,0,3.655,1,0,35101
28,0,3.655,1,0,35101
28,0,3.655,1,0,35101
28,0,3.655,1,0,35101
28,0,3.655,1,0,35101
28,0,3.655,1,0,35101
28,0,3.655,1,0,35101
28,0,3.655,1,0,35101
28,0,3.655,1,0,35101
28,0,3.655,1,0,35101
28,0,3.655,1,0,35101
28,0,3.655,1,0,35101
28,0,3.655,1,0,35101
28,0,3.655,1,0,35101
28,0,3.655,1,0,35101
28,0,3.655,1,0,35101
28,0,3.655,1,0,35101
28,0,3.655,1,0,35101
28,0,3.655,1,0,35101
28,0,3.655,1,0,35101
28,0,3.655,1,0,35101
28,0,3.655,1,0,35101
28,0,3.655,1,0,35101
28,0,3.655,1,0,35101
28,0,3.655,1,0,35101
28,0,3.655,1,0,35101
28,0,3.655,1,0,35101
28,0,3.655,1,0,35101
28,0,3.655,1,0,35101
28,0,3.655,1,0,35101
28,0,3.655,1,0,35101
28,0,3.655,1,0,35101
28,0,3.655,1,0,35101
28,0,3.655,1,0,35101
28,0,3.655,1,0,35101
28,0,3.655,1,0,35101
28,0,3.655,1,0,35101
28,0,3.655,1,0,35101
28,0,3.655,1,0,35101
28,0,3.655,1,0,35101
28,0,3.655,1,0,35101
28,0,3.655,1,0,35101
28,0,3.655,1,0,35101
28,0,3.655,1,0,35101
28,0,3.655,1,0,35101
28,0,3.655,1,0,35101
28,0,3.655,1,0,35101
28,0,3.655,1,0,35101
28,0,3.655,1,0,35101
28,0,3.655,1,0,35101
28,0,3.655,1,0,35101
28,0,3.655,1,0,35101
28,0,3.655,1,0,35101
28,0,3.655,1,0,35101
28,0,3.655,1,0,35101
28,0,3.655,1,0,35101
28,0,3.655,1,0,35101
28,0,3.655,1,0,35101
28,0,3.655,1,0,35101
28,0,3.655,1,0,35101
28,0,3.655,1,0,35101
28,0,3.655,1,0,35101
28,0,3.655,1,0,35101
28,0,3.655,1,0,35101
28,0,3.655,1,0,35101
28,0,3.655,1,0,35101
28,0,3.655,1,0,35101
28,0,3.655,1,0,35101
28,0,3.655,1,0,35101
28,0,3.655,1,0,35101
28,0,3.655,1,0,35101
28,0,3.655,1,0,35101
28,0,3.655,1,0,35101
28,0,3.655,1,0,35101
28,0,3.655,1,0,35101
28,0,3.655,1,0,35101
28,0,3.655,1,0,35101
28,0,3.655,1,0,35101
28,0,3.655,1,0,35101
28,0,3.655,1,0,35101
28,0,3.655,1,0,35101
28,0,3.655,1,0,35101
28,0,3.655,1,0,35101
28,0,3.655,1,0,35101
28,0,3.655,1,0,35101
28,0,3.655,1,0,35101
28,0,3.655,1,0,35101
28,0,3.655,1,0,35101
28,0,3.655,1,0,35101
28,0,3.655,1,0,35101
28,0,3.655,1,0,35101
28,0,3.655,1,0,35101
28,0,3.655,1,0,35101
28,0,3.655,1,0,35101
28,0,3.655,1,0,35101
28,0,3.655,1,0,35101
28,0,3.655,1,0,35101
28,0,3.655,1,0,35101
28,0,3.655,1,0,35101
28,0,3.655,1,0,35101
28,0,3.655,1,0,35101
28,0,3.655,1,0,35101
28,0,3.655,1,0,35101
28,0,3.655,1,0,35101
28,0,3.655,1,0,35101
28,0,3.655,1,0,35101
28,0,3.655,1,0,35101
28,0,3.655,1,0,35101
28,0,3.655,1,0,35101
28,0,3.655,1,0,35101
28,0,3.655,1,0,35101
28,0,3.655,1,0,35101
28,0,3.655,1,0,35101
28,0,3.655,1,0,35101
28,0,3.655,1,0,35101
28,0,3.655,1,0,35101
28,0,3.655,1,0,35101
28,0,3.655,1,0,35101
28,0,3.655,1,0,35101
28,0,3.655,1,0,35101
28,0,3.655,1,0,35101
28,0,3.655,1,0,35101
28,0,3.655,1,0,35101
28,0,3.655,1,0,35101
28,0,3.655,1,0,35101
28,0,3.655,1,0,35101
28,0,3.655,1,0,35101
28,0,3.655,1,0,35101
28,0,3.655,1,0,35101
28,0,3.655,1,0,35101
28,0,3.655,1,0,35101
28,0,3.655,1,0,35101
28,0,3.655,1,0,35101
28,0,3.655,1,0,35101
28,0,3.655,1,0,35101
28,0,3.655,1,0,35101
28,0,3.655,1,0,35101
28,0,3.655,1,0,35101
28,0,3.655,1,0,35101
28,0,3.655,1,0,35101
28,0,3.655,1,0,35101
28,0,3.655,1,0,35101
28,0,3.655,1,0,35101
28,0,3.655,1,0,35101
28,0,3.655,1,0,35101
28,0,3.655,1,0,35101
28,0,3.655,1,0,35101
28,0,3.655,1,0,35101
28,0,3.655,1,0,35101
28,0,3.655,1,0,35101
28,0,3.655,1,0,35101
28,0,3.655,1,0,35101
28,0,3.655,1,0,35101
28,0,3.655,1,0,35101
28,0,3.655,1,0,35101
28,0,3.655,1,0,35101
28,0,3.655,1,0,35101
28,0,3.655,1,0,35101
28,0,3.655,1,0,35101
28,0,3.655,1,0,35101
28,0,3.655,1,0,35101
28,0,3.655,1,0,35101
28,0,3.655,1,0,35101
28,0,3.655,1,0,35101
28,0,3.655,1,0,35101
28,0,3.655,1,0,35101
28,0,3.655,1,0,35101
28,0,3.655,1,0,35101
28,0,3.655,1,0,35101
28,0,3.655,1,0,35101
28,0,3.655,1,0,35101
28,0,3.655,1,0,35101
28,0,3.655,1,0,35101
28,0,3.655,1,0,35101
28,0,3.655,1,0,35101
28,0,3.655,1,0,35101
28,0,3.655,1,0,35101
28,0,3.655,1,0,35101
28,0,3.655,1,0,35101
28,0,3.655,1,0,35101
28,0,3.655,1,0,35101
28,0,3.655,1,0,35101
28,0,3.655,1,0,35101
28,0,3.655,1,0,35101
28,0,3.655,1,0,35101
28,0,3.655,1,0,35101
28,0,3.655,1,0,35101
28,0,3.655,1,0,35101
28,0,3.655,1,0,35101
28,0,3.655,1,0,35101
28,0,3.655,1,0,35101
28,0,3.655,1,0,35101
28,0,3.655,1,0,35101
28,0,3.655,1,0,35101
28,0,3.655,1,0,35101
28,0,3.655,1,0,35101
28,0,3.655,1,0,35101
28,0,3.655,1,0,35101
28,0,3.655,1,0,35101
28,0,3.655,1,0,35101
28,0,3.655,1,0,35101
28,0,3.655,1,0,35101
28,0,3.655,1,0,35101
28,0,3.655,1,0,35101
28,0,3.655,1,0,35101
28,0,3.655,1,0,35101
28,0,3.655,1,0,35101
28,0,3.655,1,0,35101
28,0,3.655,1,0,35101
28,0,3.655,1,0,35101
28,0,3.655,1,0,35101
28,0,3.655,1,0,35101
28,0,3.655,1,0,35101
28,0,3.655,1,0,35101
28,0,3.655,1,0,35101
28,0,3.655,1,0,35101
28,0,3.655,1,0,35101
28,0,3.655,1,0,35101
28,0,3.655,1,0,35101
28,0,3.655,1,0,35101
28,0,3.655,1,0,35101
28,0,3.655,1,0,35101
28,0,3.655,1,0,35101
28,0,3.655,1,0,35101
28,0,3.655,1,0,35101
28,0,3.655,1,0,35101
28,0,3.655,1,0,35101
28,0,3.655,1,0,35101
28,0,3.655,1,0,35101
28,0,3.655,1,0,35101
28,0,3.655,1,0,35101
28,0,3.655,1,0,35101
28,0,3.655,1,0,35101
28,0,3.655,1,0,35101
28,0,3.655,1,0,35101
28,0,3.655,1,0,35101
28,0,3.655,1,0,35101
28,0,3.655,1,0,35101
28,0,3.655,1,0,35101
28,0,3.655,1,0,35101
28,0,3.655,1,0,35101
28,0,3.655,1,0,35101
28,0,3.655,1,0,35101
28,0,3.655,1,0,35101
28,0,3.655,1,0,35101
28,0,3.655,1,0,35101
28,0,3.655,1,0,35101
28,0,3.655,1,0,35101
28,0,3.655,1,0,35101
28,0,3.655,1,0,35101
28,0,3.655,1,0,35101
28,0,3.655,1,0,35101
28,0,3.655,1,0,35101
28,0,3.655,1,0,35101
28,0,3.655,1,0,35101
28,0,3.655,1,0,35101
28,0,3.655,1,0,35101
28,0,3.655,1,0,35101
28,0,3.655,1,0,35101
28,0,3.655,1,0,35101
28,0,3.655,1,0,35101
28,0,3.655,1,0,35101
28,0,3.655,1,0,35101
28,0,3.655,1,0,35101
28,0,3.655,1,0,35101
28,0,3.655,1,0,35101
28,0,3.655,1,0,35101
28,0,3.655,1,0,35101
28,0,3.655,1,0,35101
28,0,3.655,1,0,35101
28,0,3.655,1,0,35101
28,0,3.655,1,0,35101
28,0,3.655,1,0,35101
28,0,3.655,1,0,35101
28,0,3.655,1,0,35101
28,0,3.655,1,0,35101
28,0,3.655,1,0,35101
28,0,3.655,1,0,35101
28,0,3.655,1,0,35101
28,0,3.655,1,0,35101
28,0,3.655,1,0,35101
28,0,3.655,1,0,35101
28,0,3.655,1,0,35101
28,0,3.655,1,0,35101
28,0,3.655,1,0,35101
28,0,3.655,1,0,35101
28,0,3.655,1,0,35101
28,0,3.655,1,0,35101
28,0,3.655,1,0,35101
28,0,3.655,1,0,35101
28,0,3.655,1,0,35101
28,0,3.655,1,0,35101
28,0,3.655,1,0,35101
28,0,3.655,1,0,35101
28,0,3.655,1,0,35101
28,0,3.655,1,0,35101
28,0,3.655,1,0,35101
28,0,3.655,1,0,35101
28,0,3.655,1,0,35101
28,0,3.655,1,0,35101
28,0,3.655,1,0,35101
28,0,3.655,1,0,35101
28,0,3.655,1,0,35101
28,0,3.655,1,0,35101
28,0,3.655,1,0,35101
28,0,3.655,1,0,35101
28,0,3.655,1,0,35101
28,0,3.655,1,0,35101
28,0,3.655,1,0,35101
28,0,3.655,1,0,35101
28,0,3.655,1,0,35101
28,0,3.655,1,0,35101
28,0,3.655,1,0,35101
28,0,3.655,1,0,35101
28,0,3.655,1,0,35101
28,0,3.655,1,0,35101
28,0,3.655,1,0,35101
28,0,3.655,1,0,35101
28,0,3.655,1,0,35101
28,0,3.655,1,0,35101
28,0,3.655,1,0,35101
28,0,3.655,1,0,35101
28,0,3.655,1,0,35101
28,0,3.655,1,0,35101
28,0,3.655,1,0,35101
28,0,3.655,1,0,35101
28,0,3.655,1,0,35101
28,0,3.655,1,0,35101
28,0,3.655,1,0,35101
28,0,3.655,1,0,35101
28,0,3.655,1,0,35101
28,0,3.655,1,0,35101
28,0,3.655,1,0,35101
28,0,3.655,1,0,35101
28,0,3.655,1,0,35101
28,0,3.655,1,0,35101
28,0,3.655,1,0,35101
28,0,3.655,1,0,35101
28,0,3.655,1,0,35101
28,0,3.655,1,0,35101
28,0,3.655,1,0,35101
28,0,3.655,1,0,35101
28,0,3.655,1,0,35101
28,0,3.655,1,0,35101
28,0,3.655,1,0,35101
28,0,3.655,1,0,35101
28,0,3.655,1,0,35101
28,0,3.655,1,0,35101
28,0,3.655,1,0,35101
28,0,3.655,1,0,35101
28,0,3.655,1,0,35101
28,0,3.655,1,0,35101
28,0,3.655,1,0,35101
28,0,3.655,1,0,35101
28,0,3.655,1,0,35101
28,0,3.655,1,0,35101
28,0,3.655,1,0,35101
28,0,3.655,1,0,35101
28,0,3.655,1,0,35101
28,0,3.655,1,0,35101
28,0,3.655,1,0,35101
28,0,3.655,1,0,35101
28,0,3.655,1,0,35101
28,0,3.655,1,0,35101
28,0,3.655,1,0,35101
28,0,3.655,1,0,35101
28,0,3.655,1,0,35101
28,0,3.655,1,0,35101
28,0,3.655,1,0,35101
28,0,3.655,1,0,35101
28,0,3.655,1,0,35101
28,0,3.655,1,0,35101
28,0,3.655,1,0,35101
28,0,3.655,1,0,35101
28,0,3.655,1,0,35101
28,0,3.655,1,0,35101
28,0,3.655,1,0,35101
28,0,3.655,1,0,35101
28,0,3.655,1,0,35101
28,0,3.655,1,0,35101
28,0,3.655,1,0,35101
28,0,3.655,1,0,35101
28,0,3.655,1,0,35101
28,0,3.655,1,0,35101
28,0,3.655,1,0,35101
28,0,3.655,1,0,35101
28,0,3.655,1,0,35101
28,0,3.655,1,0,35101
28,0,3.655,1,0,35101
28,0,3.655,1,0,35101
28,0,3.655,1,0,35101
28,0,3.655,1,0,35101
28,0,3.655,1,0,35101
28,0,3.655,1,0,35101
28,0,3.655,1,0,35101
28,0,3.655,1,0,35101
28,0,3.655,1,0,35101
28,0,3.655,1,0,35101
28,0,3.655,1,0,35101
28,0,3.655,1,0,35101
28,0,3.655,1,0,35101
28,0,3.655,1,0,35101
28,0,3.655,1,0,35101
28,0,3.655,1,0,35101
28,0,3.655,1,0,35101
28,0,3.655,1,0,35101
28,0,3.655,1,0,35101
28,0,3.655,1,0,35101
28,0,3.655,1,0,35101
28,0,3.655,1,0,35101
28,0,3.655,1,0,35101
28,0,3.655,1,0,35101
28,0,3.655,1,0,35101
28,0,3.655,1,0,35101
28,0,3.655,1,0,35101
28,0,3.655,1,0,35101
28,0,3.655,1,0,35101
28,0,3.655,1,0,35101
28,0,3.655,1,0,35101
28,0,3.655,1,0,35101
28,0,3.655,1,0,35101
28,0,3.655,1,0,35101
28,0,3.655,1,0,35101
28,0,3.655,1,0,35101
28,0,3.655,1,0,35101
28,0,3.655,1,0,35101
28,0,3.655,1,0,35101
28,0,3.655,1,0,35101
28,0,3.655,1,0,35101
28,0,3.655,1,0,35101
28,0,3.655,1,0,35101
28,0,3.655,1,0,35101
28,0,3.655,1,0,35101
28,0,3.655,1,0,35101
28,0,3.655,1,0,35101
28,0,3.655,1,0,35101
28,0,3.655,1,0,35101
28,0,3.655,1,0,35101
28,0,3.655,1,0,35101
28,0,3.655,1,0,35101
28,0,3.655,1,0,35101
28,0,3.655,1,0,35101
28,0,3.655,1,0,35101
28,0,3.655,1,0,35101
28,0,3.655,1,0,35101
28,0,3.655,1,0,35101
28,0,3.655,1,0,35101
28,0,3.655,1,0,35101
28,0,3.655,1,0,35101
28,0,3.655,1,0,35101
28,0,3.655,1,0,35101
28,0,3.655,1,0,35101
28,0,3.655,1,0,35101
28,0,3.655,1,0,35101
28,0,3.655,1,0,35101
28,0,3.655,1,0,35101
28,0,3.655,1,0,35101
28,0,3.655,1,0,35101
28,0,3.655,1,0,35101
28,0,3.655,1,0,35101
28,0,3.655,1,0,35101
28,0,3.655,1,0,35101
28,0,3.655,1,0,35101
28,0,3.655,1,0,35101
28,0,3.655,1,0,35101
28,0,3.655,1,0,35101
28,0,3.655,1,0,35101
28,0,3.655,1,0,35101
28,0,3.655,1,0,35101
28,0,3.655,1,0,35101
28,0,3.655,1,0,35101
28,0,3.655,1,0,35101
28,0,3.655,1,0,35101
28,0,3.655,1,0,35101
28,0,3.655,1,0,35101
28,0,3.655,1,0,35101
28,0,3.655,1,0,35101
28,0,3.655,1,0,35101
28,0,3.655,1,0,35101
28,0,3.655,1,0,35101
28,0,3.655,1,0,35101
28,0,3.655,1,0,35101
28,0,3.655,1,0,35101
28,0,3.655,1,0,35101
28,0,3.655,1,0,35101
28,0,3.655,1,0,35101
28,0,3.655,1,0,35101
28,0,3.655,1,0,35101
28,0,3.655,1,0,35101
28,0,3.655,1,0,35101
28,0,3.655,1,0,35101
28,0,3.655,1,0,35101
28,0,3.655,1,0,35101
28,0,3.655,1,0,35101
28,0,3.655,1,0,35101
28,0,3.655,1,0,35101
28,0,3.655,1,0,35101
28,0,3.655,1,0,35101
28,0,3.655,1,0,35101
28,0,3.655,1,0,35101
28,0,3.655,1,0,35101
28,0,3.655,1,0,35101
28,0,3.655,1,0,35101
28,0,3.655,1,0,35101
28,0,3.655,1,0,35101
28,0,3.655,1,0,35101
28,0,3.655,1,0,35101
28,0,3.655,1,0,35101
28,0,3.655,1,0,35101
28,0,3.655,1,0,35101
28,0,3.655,1,0,35101
28,0,3.655,1,0,35101
28,0,3.655,1,0,35101
28,0,3.655,1,0,35101
28,0,3.655,1,0,35101
28,0,3.655,1,0,35101
28,0,3.655,1,0,35101
28,0,3.655,1,0,35101
28,0,3.655,1,0,35101
28,0,3.655,1,0,35101
28,0,3.655,1,0,35101
28,0,3.655,1,0,35101
28,0,3.655,1,0,35101
28,0,3.655,1,0,35101
28,0,3.655,1,0,35101
28,0,3.655,1,0,35101
28,0,3.655,1,0,35101
28,0,3.655,1,0,35101
28,0,3.655,1,0,35101
28,0,3.655,1,0,35101
28,0,3.655,1,0,35101
28,0,3.655,1,0,35101
28,0,3.655,1,0,35101
28,0,3.655,1,0,35101
28,0,3.655,1,0,35101
28,0,3.655,1,0,35101
28,0,3.655,1,0,35101
28,0,3.655,1,0,35101
28,0,3.655,1,0,35101
28,0,3.655,1,0,35101
28,0,3.655,1,0,35101
28,0,3.655,1,0,35101
28,0,3.655,1,0,35101
28,0,3.655,1,0,35101
28,0,3.655,1,0,35101
28,0,3.655,1,0,35101
28,0,3.655,1,0,35101
28,0,3.655,1,0,35101
28,0,3.655,1,0,35101
28,0,3.655,1,0,35101
28,0,3.655,1,0,35101
28,0,3.655,1,0,35101
28,0,3.655,1,0,35101
28,0,3.655,1,0,35101
28,0,3.655,1,0,35101
28,0,3.655,1,0,35101
28,0,3.655,1,0,35101
28,0,3.655,1,0,35101
28,0,3.655,1,0,35101
28,0,3.655,1,0,35101
28,0,3.655,1,0,35101
28,0,3.655,1,0,35101
28,0,3.655,1,0,35101
28,0,3.655,1,0,35101
28,0,3.655,1,0,35101
28,0,3.655,1,0,35101
28,0,3.655,1,0,35101
28,0,3.655,1,0,35101
28,0,3.655,1,0,35101
28,0,3.655,1,0,35101
28,0,3.655,1,0,35101
28,0,3.655,1,0,35101
28,0,3.655,1,0,35101
28,0,3.655,1,0,35101
28,0,3.655,1,0,35101
28,0,3.655,1,0,35101
28,0,3.655,1,0,35101
28,0,3.655,1,0,35101
28,0,3.655,1,0,35101
28,0,3.655,1,0,35101
28,0,3.655,1,0,35101
28,0,3.655,1,0,35101
28,0,3.655,1,0,35101
28,0,3.655,1,0,35101
28,0,3.655,1,0,35101
28,0,3.655,1,0,35101
28,0,3.655,1,0,35101
28,0,3.655,1,0,35101
28,0,3.655,1,0,35101
28,0,3.655,1,0,35101
28,0,3.655,1,0,35101
28,0,3.655,1,0,35101
28,0,3.655,1,0,35101
28,0,3.655,1,0,35101
28,0,3.655,1,0,35101
28,0,3.655,1,0,35101
28,0,3.655,1,0,35101
28,0,3.655,1,0,35101
28,0,3.655,1,0,35101
28,0,3.655,1,0,35101
28,0,3.655,1,0,35101
28,0,3.655,1,0,35101
28,0,3.655,1,0,35101
28,0,3.655,1,0,35101
28,0,3.655,1,0,35101
28,0,3.655,1,0,35101
28,0,3.655,1,0,35101
28,0,3.655,1,0,35101
28,0,3.655,1,0,35101
28,0,3.655,1,0,35101
28,0,3.655,1,0,35101
28,0,3.655,1,0,35101
28,0,3.655,1,0,35101
28,0,3.655,1,0,35101
28,0,3.655,1,0,35101
28,0,3.655,1,0,35101
28,0,3.655,1,0,35101
28,0,3.655,1,0,35101
28,0,3.655,1,0,35101
28,0,3.655,1,0,35101
28,0,3.655,1,0,35101
28,0,3.655,1,0,35101
28,0,3.655,1,0,35101
28,0,3.655,1,0,35101
28,0,3.655,1,0,35101
28,0,3.655,1,0,35101
28,0,3.655,1,0,35101
28,0,3.655,1,0,35101
28,0,3.655,1,0,35101
28,0,3.655,1,0,35101
28,0,3.655,1,0,35101
28,0,3.655,1,0,35101
28,0,3.655,1,0,35101
28,0,3.655,1,0,35101
28,0,3.655,1,0,35101
28,0,3.655,1,0,35101
28,0,3.655,1,0,35101
28,0,3.655,1,0,35101
28,0,3.655,1,0,35101
28,0,3.655,1,0,35101
28,0,3.655,1,0,35101
28,0,3.655,1,0,35101
28,0,3.655,1,0,35101
28,0,3.655,1,0,35101
28,0,3.655,1,0,35101
28,0,3.655,1,0,35101
28,0,3.655,1,0,35101
28,0,3.655,1,0,35101
28,0,3.655,1,0,35101
28,0,3.655,1,0,35101
28,0,3.655,1,0,35101
28,0,3.655,1,0,35101
28,0,3.655,1,0,35101
28,0,3.655,1,0,35101
28,0,3.655,1,0,35101
28,0,3.655,1,0,35101
28,0,3.655,1,0,35101
28,0,3.655,1,0,35101
28,0,3.655,1,0,35101
28,0,3.655,1,0,35101
28,0,3.655,1,0,35101
28,0,3.655,1,0,35101
28,0,3.655,1,0,35101
28,0,3.655,1,0,35101
28,0,3.655,1,0,35101
28,0,3.655,1,0,35101
28,0,3.655,1,0,35101
28,0,3.655,1,0,35101
28,0,3.655,1,0,35101
28,0,3.655,1,0,35101
28,0,3.655,1,0,35101
28,0,3.655,1,0,35101
28,0,3.655,1,0,35101
28,0,3.655,1,0,35101
28,0,3.655,1,0,35101
28,0,3.655,1,0,35101
28,0,3.655,1,0,35101
28,0,3.655,1,0,35101
28,0,3.655,1,0,35101
28,0,3.655,1,0,35101
28,0,3.655,1,0,35101
28,0,3.655,1,0,35101
28,0,3.655,1,0,35101
28,0,3.655,1,0,35101
28,0,3.655,1,0,35101
28,0,3.655,1,0,35101
28,0,3.655,1,0,35101
28,0,3.655,1,0,35101
28,0,3.655,1,0,35101
28,0,3.655,1,0,35101
28,0,3.655,1,0,35101
28,0,3.655,1,0,35101
28,0,3.655,1,0,35101
28,0,3.655,1,0,35101
28,0,3.655,1,0,35101
28,0,3.655,1,0,35101
28,0,3.655,1,0,35101
28,0,3.655,1,0,35101
28,0,3.655,1,0,35101
28,0,3.655,1,0,35101
28,0,3.655,1,0,35101
28,0,3.655,1,0,35101
28,0,3.655,1,0,35101
28,0,3.655,1,0,35101
28,0,3.655,1,0,35101
28,0,3.655,1,0,35101
28,0,3.655,1,0,35101
28,0,3.655,1,0,35101
28,0,3.655,1,0,35101
28,0,3.655,1,0,35101
28,0,3.655,1,0,35101
28,0,3.655,1,0,35101
28,0,3.655,1,0,35101
28,0,3.655,1,0,35101
28,0,3.655,1,0,35101
28,0,3.655,1,0,35101
28,0,3.655,1,0,35101
28,0,3.655,1,0,35101
28,0,3.655,1,0,35101
28,0,3.655,1,0,35101
28,0,3.655,1,0,35101
28,0,3.655,1,0,35101
28,0,3.655,1,0,35101
28,0,3.655,1,0,35101
28,0,3.655,1,0,35101
28,0,3.655,1,0,35101
28,0,3.655,1,0,35101
28,0,3.655,1,0,35101
28,0,3.655,1,0,35101
28,0,3.655,1,0,35101
28,0,3.655,1,0,35101
28,0,3.655,1,0,35101
28,0,3.655,1,0,35101
28,0,3.655,1,0,35101
28,0,3.655,1,0,35101
28,0,3.655,1,0,35101
28,0,3.655,1,0,35101
28,0,3.655,1,0,35101
28,0,3.655,1,0,35101
28,0,3.655,1,0,35101
28,0,3.655,1,0,35101
28,0,3.655,1,0,35101
28,0,3.655,1,0,35101
28,0,3.655,1,0,35101
28,0,3.655,1,0,35101
28,0,3.655,1,0,35101
28,0,3.655,1,0,35101
28,0,3.655,1,0,35101
28,0,3.655,1,0,35101
28,0,3.655,1,0,35101
28,0,3.655,1,0,35101
28,0,3.655,1,0,35101
28,0,3.655,1,0,35101
28,0,3.655,1,0,35101
28,0,3.655,1,0,35101
28,0,3.655,1,0,35101
28,0,3.655,1,0,35101
28,0,3.655,1,0,35101
28,0,3.655,1,0,35101
28,0,3.655,1,0,35101
28,0,3.655,1,0,35101
28,0,3.655,1,0,35101
28,0,3.655,1,0,35101
28,0,3.655,1,0,35101
28,0,3.655,1,0,35101
28,0,3.655,1,0,35101
28,0,3.655,1,0,35101
28,0,3.655,1,0,35101
28,0,3.655,1,0,35101
28,0,3.655,1,0,35101
28,0,3.655,1,0,35101
28,0,3.655,1,0,35101
28,0,3.655,1,0,35101
28,0,3.655,1,0,35101
28,0,3.655,1,0,35101
28,0,3.655,1,0,35101
28,0,3.655,1,0,35101
28,0,3.655,1,0,35101
28,0,3.655,1,0,35101
28,0,3.655,1,0,35101
28,0,3.655,1,0,35101
28,0,3.655,1,0,35101
28,0,3.655,1,0,35101
28,0,3.655,1,0,35101
28,0,3.655,1,0,35101
28,0,3.655,1,0,35101
28,0,3.655,1,0,35101
28,0,3.655,1,0,35101
28,0,3.655,1,0,35101
28,0,3.655,1,0,35101
28,0,3.655,1,0,35101
28,0,3.655,1,0,35101
28,0,3.655,1,0,35101
28,0,3.655,1,0,35101
28,0,3.655,1,0,35101
28,0,3.655,1,0,35101
28,0,3.655,1,0,35101
28,0,3.655,1,0,35101
28,0,3.655,1,0,35101
28,0,3.655,1,0,35101
28,0,3.655,1,0,35101
28,0,3.655,1,0,35101
28,0,3.655,1,0,35101
28,0,3.655,1,0,35101
28,0,3.655,1,0,35101
28,0,3.655,1,0,35101
28,0,3.655,1,0,35101
28,0,3.655,1,0,35101
28,0,3.655,1,0,35101
28,0,3.655,1,0,35101
28,0,3.655,1,0,35101
28,0,3.655,1,0,35101
28,0,3.655,1,0,35101
28,0,3.655,1,0,35101
28,0,3.655,1,0,35101
28,0,3.655,1,0,35101
28,0,3.655,1,0,35101
28,0,3.655,1,0,35101
28,0,3.655,1,0,35101
28,0,3.655,1,0,35101
28,0,3.655,1,0,35101
28,0,3.655,1,0,35101
28,0,3.655,1,0,35101
28,0,3.655,1,0,35101
28,0,3.655,1,0,35101
28,0,3.655,1,0,35101
28,0,3.655,1,0,35101
28,0,3.655,1,0,35101
28,0,3.655,1,0,35101
28,0,3.655,1,0,35101
28,0,3.655,1,0,35101
28,0,3.655,1,0,35101
28,0,3.655,1,0,35101
28,0,3.655,1,0,35101
28,0,3.655,1,0,35101
28,0,3.655,1,0,35101
28,0,3.655,1,0,35101
28,0,3.655,1,0,35101
28,0,3.655,1,0,35101
28,0,3.655,1,0,35101
28,0,3.655,1,0,35101
28,0,3.655,1,0,35101
28,0,3.655,1,0,35101
28,0,3.655,1,0,35101
28,0,3.655,1,0,35101
28,0,3.655,1,0,35101
28,0,3.655,1,0,35101
28,0,3.655,1,0,35101
28,0,3.655,1,0,35101
28,0,3.655,1,0,35101
28,0,3.655,1,0,35101
28,0,3.655,1,0,35101
28,0,3.655,1,0,35101
28,0,3.655,1,0,35101
28,0,3.655,1,0,35101
28,0,3.655,1,0,35101
28,0,3.655,1,0,35101
28,0,3.655,1,0,35101
28,0,3.655,1,0,35101
28,0,3.655,1,0,35101
28,0,3.655,1,0,35101
28,0,3.655,1,0,35101
28,0,3.655,1,0,35101
28,0,3.655,1,0,35101
28,0,3.655,1,0,35101
28,0,3.655,1,0,35101
28,0,3.655,1,0,35101
28,0,3.655,1,0,35101
28,0,3.655,1,0,35101
28,0,3.655,1,0,35101
28,0,3.655,1,0,35101
28,0,3.655,1,0,35101
28,0,3.655,1,0,35101
28,0,3.655,1,0,35101
28,0,3.655,1,0,35101
28,0,3.655,1,0,35101
28,0,3.655,1,0,35101
28,0,3.655,1,0,35101
28,0,3.655,1,0,35101
28,0,3.655,1,0,35101
28,0,3.655,1,0,35101
28,0,3.655,1,0,35101
28,0,3.655,1,0,35101
28,0,3.655,1,0,35101
28,0,3.655,1,0,35101
28,0,3.655,1,0,35101
28,0,3.655,1,0,35101
28,0,3.655,1,0,35101
28,0,3.655,1,0,35101
28,0,3.655,1,0,35101
28,0,3.655,1,0,35101
28,0,3.655,1,0,35101
28,0,3.655,1,0,35101
28,0,3.655,1,0,35101
28,0,3.655,1,0,35101
28,0,3.655,1,0,35101
28,0,3.655,1,0,35101
28,0,3.655,1,0,35101
28,0,3.655,1,0,35101
28,0,3.655,1,0,35101
28,0,3.655,1,0,35101
28,0,3.655,1,0,35101
28,0,3.655,1,0,35101
28,0,3.655,1,0,35101
28,0,3.655,1,0,35101
28,0,3.655,1,0,35101
28,0,3.655,1,0,35101
28,0,3.655,1,0,35101
28,0,3.655,1,0,35101
28,0,3.655,1,0,35101
28,0,3.655,1,0,35101
28,0,3.655,1,0,35101
28,0,3.655,1,0,35101
28,0,3.655,1,0,35101
28,0,3.655,1,0,35101
28,0,3.655,1,0,35101
28,0,3.655,1,0,35101
28,0,3.655,1,0,35101
28,0,3.655,1,0,35101
28,0,3.655,1,0,35101
28,0,3.655,1,0,35101
28,0,3.655,1,0,35101
28,0,3.655,1,0,35101
28,0,3.655,1,0,35101
28,0,3.655,1,0,35101
28,0,3.655,1,0,35101
28,0,3.655,1,0,35101
28,0,3.655,1,0,35101
28,0,3.655,1,0,35101
28,0,3.655,1,0,35101
28,0,3.655,1,0,35101
28,0,3.655,1,0,35101
28,0,3.655,1,0,35101
28,0,3.655,1,0,35101
28,0,3.655,1,0,35101
28,0,3.655,1,0,35101
28,0,3.655,1,0,35101
28,0,3.655,1,0,35101
28,0,3.655,1,0,35101
28,0,3.655,1,0,35101
28,0,3.655,1,0,35101
28,0,3.655,1,0,35101
28,0,3.655,1,0,35101
28,0,3.655,1,0,35101
28,0,3.655,1,0,35101
28,0,3.655,1,0,35101
28,0,3.655,1,0,35101
28,0,3.655,1,0,35101
28,0,3.655,1,0,35101
28,0,3.655,1,0,35101
28,0,3.655,1,0,35101
28,0,3.655,1,0,35101
28,0,3.655,1,0,35101
28,0,3.655,1,0,35101
28,0,3.655,1,0,35101
28,0,3.655,1,0,35101
28,0,3.655,1,0,35101
28,0,3.655,1,0,35101
28,0,3.655,1,0,35101
28,0,3.655,1,0,35101
28,0,3.655,1,0,35101
28,0,3.655,1,0,35101
28,0,3.655,1,0,35101
28,0,3.655,1,0,35101
28,0,3.655,1,0,35101
28,0,3.655,1,0,35101
28,0,3.655,1,0,35101
28,0,3.655,1,0,35101
28,0,3.655,1,0,35101
28,0,3.655,1,0,35101
28,0,3.655,1,0,35101
28,0,3.655,1,0,35101
28,0,3.655,1,0,35101
28,0,3.655,1,0,35101
28,0,3.655,1,0,35101
28,0,3.655,1,0,35101
28,0,3.655,1,0,35101
28,0,3.655,1,0,35101
28,0,3.655,1,0,35101
28,0,3.655,1,0,35101
28,0,3.655,1,0,35101
28,0,3.655,1,0,35101
28,0,3.655,1,0,35101
28,0,3.655,1,0,35101
28,0,3.655,1,0,35101
28,0,3.655,1,0,35101
28,0,3.655,1,0,35101
28,0,3.655,1,0,35101
28,0,3.655,1,0,35101
28,0,3.655,1,0,35101
28,0,3.655,1,0,35101
28,0,3.655,1,0,35101
28,0,3.655,1,0,35101
28,0,3.655,1,0,35101
28,0,3.655,1,0,35101
28,0,3.655,1,0,35101
28,0,3.655,1,0,35101
28,0,3.655,1,0,35101
28,0,3.655,1,0,35101
28,0,3.655,1,0,35101
28,0,3.655,1,0,35101
28,0,3.655,1,0,35101
28,0,3.655,1,0,35101
28,0,3.655,1,0,35101
28,0,3.655,1,0,35101
28,0,3.655,1,0,35101
28,0,3.655,1,0,35101
28,0,3.655,1,0,35101
28,0,3.655,1,0,35101
28,0,3.655,1,0,35101
28,0,3.655,1,0,35101
28,0,3.655,1,0,35101
28,0,3.655,1,0,35101
28,0,3.655,1,0,35101
28,0,3.655,1,0,35101
28,0,3.655,1,0,35101
28,0,3.655,1,0,35101
28,0,3.655,1,0,35101
28,0,3.655,1,0,35101
28,0,3.655,1,0,35101
28,0,3.655,1,0,35101
28,0,3.655,1,0,35101
28,0,3.655,1,0,35101
28,0,3.655,1,0,35101
28,0,3.655,1,0,35101
28,0,3.655,1,0,35101
28,0,3.655,1,0,35101
28,0,3.655,1,0,35101
28,0,3.655,1,0,35101
28,0,3.655,1,0,35101
28,0,3.655,1,0,35101
28,0,3.655,1,0,35101
28,0,3.655,1,0,35101
28,0,3.655,1,0,35101
28,0,3.655,1,0,35101
28,0,3.655,1,0,35101
28,0,3.655,1,0,35101
28,0,3.655,1,0,35101
28,0,3.655,1,0,35101
28,0,3.655,1,0,35101
28,0,3.655,1,0,35101
28,0,3.655,1,0,35101
28,0,3.655,1,0,35101
28,0,3.655,1,0,35101
28,0,3.655,1,0,35101
28,0,3.655,1,0,35101
28,0,3.655,1,0,35101
28,0,3.655,1,0,35101
28,0,3.655,1,0,35101
28,0,3.655,1,0,35101
28,0,3.655,1,0,35101
28,0,3.655,1,0,35101
28,0,3.655,1,0,35101
28,0,3.655,1,0,35101
28,0,3.655,1,0,35101
28,0,3.655,1,0,35101
28,0,3.655,1,0,35101
28,0,3.655,1,0,35101
28,0,3.655,1,0,35101
28,0,3.655,1,0,35101
28,0,3.655,1,0,35101
28,0,3.655,1,0,35101
28,0,3.655,1,0,35101
28,0,3.655,1,0,35101
28,0,3.655,1,0,35101
28,0,3.655,1,0,35101
28,0,3.655,1,0,35101
28,0,3.655,1,0,35101
28,0,3.655,1,0,35101
28,0,3.655,1,0,35101
28,0,3.655,1,0,35101
28,0,3.655,1,0,35101
28,0,3.655,1,0,35101
28,0,3.655,1,0,35101
28,0,3.655,1,0,35101
28,0,3.655,1,0,35101
28,0,3.655,1,0,35101
28,0,3.655,1,0,35101
28,0,3.655,1,0,35101
28,0,3.655,1,0,35101
28,0,3.655,1,0,35101
28,0,3.655,1,0,35101
28,0,3.655,1,0,35101
28,0,3.655,1,0,35101
28,0,3.655,1,0,35101
28,0,3.655,1,0,35101
28,0,3.655,1,0,35101
28,0,3.655,1,0,35101
28,0,3.655,1,0,35101
28,0,3.655,1,0,35101
28,0,3.655,1,0,35101
28,0,3.655,1,0,35101
28,0,3.655,1,0,35101
28,0,3.655,1,0,35101
28,0,3.655,1,0,35101
28,0,3.655,1,0,35101
28,0,3.655,1,0,35101
28,0,3.655,1,0,35101
28,0,3.655,1,0,35101
28,0,3.655,1,0,35101
28,0,3.655,1,0,35101
28,0,3.655,1,0,35101
28,0,3.655,1,0,35101
28,0,3.655,1,0,35101
28,0,3.655,1,0,35101
28,0,3.655,1,0,35101
28,0,3.655,1,0,35101
28,0,3.655,1,0,35101
28,0,3.655,1,0,35101
28,0,3.655,1,0,35101
28,0,3.655,1,0,35101
28,0,3.655,1,0,35101
28,0,3.655,1,0,35101
28,0,3.655,1,0,35101
28,0,3.655,1,0,35101
28,0,3.655,1,0,35101
28,0,3.655,1,0,35101
28,0,3.655,1,0,35101
28,0,3.655,1,0,35101
28,0,3.655,1,0,35101
28,0,3.655,1,0,35101
28,0,3.655,1,0,35101
28,0,3.655,1,0,35101
28,0,3.655,1,0,35101
28,0,3.655,1,0,35101
28,0,3.655,1,0,35101
28,0,3.655,1,0,35101
28,0,3.655,1,0,35101
28,0,3.655,1,0,35101
28,0,3.655,1,0,35101
28,0,3.655,1,0,35101
28,0,3.655,1,0,35101
28,0,3.655,1,0,35101
28,0,3.655,1,0,35101
28,0,3.655,1,0,35101
28,0,3.655,1,0,35101
28,0,3.655,1,0,35101
28,0,3.655,1,0,35101
28,0,3.655,1,0,35101
28,0,3.655,1,0,35101
28,0,3.655,1,0,35101
28,0,3.655,1,0,35101
28,0,3.655,1,0,35101
28,0,3.655,1,0,35101
28,0,3.655,1,0,35101
28,0,3.655,1,0,35101
28,0,3.655,1,0,35101
28,0,3.655,1,0,35101
28,0,3.655,1,0,35101
28,0,3.655,1,0,35101
28,0,3.655,1,0,35101
28,0,3.655,1,0,35101
28,0,3.655,1,0,35101
28,0,3.655,1,0,35101
28,0,3.655,1,0,35101
28,0,3.655,1,0,35101
28,0,3.655,1,0,35101
28,0,3.655,1,0,35101
28,0,3.655,1,0,35101
28,0,3.655,1,0,35101
28,0,3.655,1,0,35101
28,0,3.655,1,0,35101
28,0,3.655,1,0,35101
28,0,3.655,1,0,35101
28,0,3.655,1,0,35101
28,0,3.655,1,0,35101
28,0,3.655,1,0,35101
28,0,3.655,1,0,35101
28,0,3.655,1,0,35101
28,0,3.655,1,0,35101
28,0,3.655,1,0,35101
28,0,3.655,1,0,35101
28,0,3.655,1,0,35101
28,0,3.655,1,0,35101
28,0,3.655,1,0,35101
28,0,3.655,1,0,35101
28,0,3.655,1,0,35101
28,0,3.655,1,0,35101
28,0,3.655,1,0,35101
28,0,3.655,1,0,35101
28,0,3.655,1,0,35101
28,0,3.655,1,0,35101
28,0,3.655,1,0,35101
28,0,3.655,1,0,35101
28,0,3.655,1,0,35101
28,0,3.655,1,0,35101
28,0,3.655,1,0,35101
28,0,3.655,1,0,35101
28,0,3.655,1,0,35101
28,0,3.655,1,0,35101
28,0,3.655,1,0,35101
28,0,3.655,1,0,35101
28,0,3.655,1,0,35101
28,0,3.655,1,0,35101
28,0,3.655,1,0,35101
28,0,3.655,1,0,35101
28,0,3.655,1,0,35101
28,0,3.655,1,0,35101
28,0,3.655,1,0,35101
28,0,3.655,1,0,35101
28,0,3.655,1,0,35101
28,0,3.655,1,0,35101
28,0,3.655,1,0,35101
28,0,3.655,1,0,35101
28,0,3.655,1,0,35101
28,0,3.655,1,0,35101
28,0,3.655,1,0,35101
28,0,3.655,1,0,35101
28,0,3.655,1,0,35101
28,0,3.655,1,0,35101
28,0,3.655,1,0,35101
28,0,3.655,1,0,35101
28,0,3.655,1,0,35101
28,0,3.655,1,0,35101
28,0,3.655,1,0,35101
28,0,3.655,1,0,35101
28,0,3.655,1,0,35101
28,0,3.655,1,0,35101
28,0,3.655,1,0,35101
28,0,3.655,1,0,35101
28,0,3.655,1,0,35101
28,0,3.655,1,0,35101
28,0,3.655,1,0,35101
28,0,3.655,1,0,35101
28,0,3.655,1,0,35101
28,0,3.655,1,0,35101
28,0,3.655,1,0,35101
28,0,3.655,1,0,35101
28,0,3.655,1,0,35101
28,0,3.655,1,0,35101
28,0,3.655,1,0,35101
28,0,3.655,1,0,35101
28,0,3.655,1,0,35101
28,0,3.655,1,0,35101
28,0,3.655,1,0,35101
28,0,3.655,1,0,35101
28,0,3.655,1,0,35101
28,0,3.655,1,0,35101
28,0,3.655,1,0,35101
28,0,3.655,1,0,35101
28,0,3.655,1,0,35101
28,0,3.655,1,0,35101
28,0,3.655,1,0,35101
28,0,3.655,1,0,35101
28,0,3.655,1,0,35101
28,0,3.655,1,0,35101
28,0,3.655,1,0,35101
28,0,3.655,1,0,35101
28,0,3.655,1,0,35101
28,0,3.655,1,0,35101
28,0,3.655,1,0,35101
28,0,3.655,1,0,35101
28,0,3.655,1,0,35101
28,0,3.655,1,0,35101
28,0,3.655,1,0,35101
28,0,3.655,1,0,35101
28,0,3.655,1,0,35101
28,0,3.655,1,0,35101
28,0,3.655,1,0,35101
28,0,3.655,1,0,35101
28,0,3.655,1,0,35101
28,0,3.655,1,0,35101
28,0,3.655,1,0,35101
28,0,3.655,1,0,35101
28,0,3.655,1,0,35101
28,0,3.655,1,0,35101
28,0,3.655,1,0,35101
28,0,3.655,1,0,35101
28,0,3.655,1,0,35101
28,0,3.655,1,0,35101
28,0,3.655,1,0,35101
28,0,3.655,1,0,35101
28,0,3.655,1,0,35101
28,0,3.655,1,0,35101
28,0,3.655,1,0,35101
28,0,3.655,1,0,35101
28,0,3.655,1,0,35101
28,0,3.655,1,0,35101
28,0,3.655,1,0,35101
28,0,3.655,1,0,35101
28,0,3.655,1,0,35101
28,0,3.655,1,0,35101
28,0,3.655,1,0,35101
28,0,3.655,1,0,35101
28,0,3.655,1,0,35101
28,0,3.655,1,0,35101
28,0,3.655,1,0,35101
28,0,3.655,1,0,35101
28,0,3.655,1,0,35101
28,0,3.655,1,0,35101
28,0,3.655,1,0,35101
28,0,3.655,1,0,35101
28,0,3.655,1,0,35101
28,0,3.655,1,0,35101
28,0,3.655,1,0,35101
28,0,3.655,1,0,35101
28,0,3.655,1,0,35101
28,0,3.655,1,0,35101
28,0,3.655,1,0,35101
28,0,3.655,1,0,35101
28,0,3.655,1,0,35101
28,0,3.655,1,0,35101
28,0,3.655,1,0,35101
28,0,3.655,1,0,35101
28,0,3.655,1,0,35101
28,0,3.655,1,0,35101
28,0,3.655,1,0,35101
28,0,3.655,1,0,35101
28,0,3.655,1,0,35101
28,0,3.655,1,0,35101
28,0,3.655,1,0,35101
28,0,3.655,1,0,35101
28,0,3.655,1,0,35101
28,0,3.655,1,0,35101
28,0,3.655,1,0,35101
28,0,3.655,1,0,35101
28,0,3.655,1,0,35101
28,0,3.655,1,0,35101
28,0,3.655,1,0,35101
28,0,3.655,1,0,35101
28,0,3.655,1,0,35101
28,0,3.655,1,0,35101
28,0,3.655,1,0,35101
28,0,3.655,1,0,35101
28,0,3.655,1,0,35101
28,0,3.655,1,0,35101
28,0,3.655,1,0,35101
28,0,3.655,1,0,35101
28,0,3.655,1,0,35101
28,0,3.655,1,0,35101
28,0,3.655,1,0,35101
28,0,3.655,1,0,35101
28,0,3.655,1,0,35101
28,0,3.655,1,0,35101
28,0,3.655,1,0,35101
28,0,3.655,1,0,35101
28,0,3.655,1,0,35101
28,0,3.655,1,0,35101
28,0,3.655,1,0,35101
28,0,3.655,1,0,35101
28,0,3.655,1,0,35101
28,0,3.655,1,0,35101
28,0,3.655,1,0,35101
28,0,3.655,1,0,35101
28,0,3.655,1,0,35101
28,0,3.655,1,0,35101
28,0,3.655,1,0,35101
28,0,3.655,1,0,35101
28,0,3.655,1,0,35101
28,0,3.655,1,0,35101
28,0,3.655,1,0,35101
28,0,3.655,1,0,35101
28,0,3.655,1,0,35101
28,0,3.655,1,0,35101
28,0,3.655,1,0,35101
28,0,3.655,1,0,35101
28,0,3.655,1,0,35101
28,0,3.655,1,0,35101
28,0,3.655,1,0,35101
28,0,3.655,1,0,35101
28,0,3.655,1,0,35101
28,0,3.655,1,0,35101
28,0,3.655,1,0,35101
28,0,3.655,1,0,35101
28,0,3.655,1,0,35101
28,0,3.655,1,0,35101
28,0,3.655,1,0,35101
28,0,3.655,1,0,35101
28,0,3.655,1,0,35101
28,0,3.655,1,0,35101
28,0,3.655,1,0,35101
28,0,3.655,1,0,35101
28,0,3.655,1,0,35101
28,0,3.655,1,0,35101
28,0,3.655,1,0,35101
28,0,3.655,1,0,35101
28,0,3.655,1,0,35101
28,0,3.655,1,0,35101
28,0,3.655,1,0,35101
28,0,3.655,1,0,35101
28,0,3.655,1,0,35101
28,0,3.655,1,0,35101
28,0,3.655,1,0,35101
28,0,3.655,1,0,35101
28,0,3.655,1,0,35101
28,0,3.655,1,0,35101
28,0,3.655,1,0,35101
28,0,3.655,1,0,35101
28,0,3.655,1,0,35101
28,0,3.655,1,0,35101
28,0,3.655,1,0,35101
28,0,3.655,1,0,35101
28,0,3.655,1,0,35101
28,0,3.655,1,0,35101
28,0,3.655,1,0,35101
28,0,3.655,1,0,35101
28,0,3.655,1,0,35101
28,0,3.655,1,0,35101
28,0,3.655,1,0,35101
28,0,3.655,1,0,35101
28,0,3.655,1,0,35101
28,0,3.655,1,0,35101
28,0,3.655,1,0,35101
28,0,3.655,1,0,35101
28,0,3.655,1,0,35101
28,0,3.655,1,0,35101
28,0,3.655,1,0,35101
28,0,3.655,1,0,35101
28,0,3.655,1,0,35101
28,0,3.655,1,0,35101
28,0,3.655,1,0,35101
28,0,3.655,1,0,35101
28,0,3.655,1,0,35101
28,0,3.655,1,0,35101
28,0,3.655,1,0,35101
28,0,3.655,1,0,35101
28,0,3.655,1,0,35101
28,0,3.655,1,0,35101
28,0,3.655,1,0,35101
28,0,3.655,1,0,35101
28,0,3.655,1,0,35101
28,0,3.655,1,0,35101
28,0,3.655,1,0,35101
28,0,3.655,1,0,35101
28,0,3.655,1,0,35101
28,0,3.655,1,0,35101
28,0,3.655,1,0,35101
28,0,3.655,1,0,35101
28,0,3.655,1,0,35101
28,0,3.655,1,0,35101
28,0,3.655,1,0,35101
28,0,3.655,1,0,35101
28,0,3.655,1,0,35101
28,0,3.655,1,0,35101
28,0,3.655,1,0,35101
28,0,3.655,1,0,35101
28,0,3.655,1,0,35101
28,0,3.655,1,0,35101
28,0,3.655,1,0,35101
28,0,3.655,1,0,35101
28,0,3.655,1,0,35101
28,0,3.655,1,0,35101
28,0,3.655,1,0,35101
28,0,3.655,1,0,35101
28,0,3.655,1,0,35101
28,0,3.655,1,0,35101
28,0,3.655,1,0,35101
28,0,3.655,1,0,35101
28,0,3.655,1,0,35101
28,0,3.655,1,0,35101
28,0,3.655,1,0,35101
28,0,3.655,1,0,35101
28,0,3.655,1,0,35101
28,0,3.655,1,0,35101
28,0,3.655,1,0,35101
28,0,3.655,1,0,35101
28,0,3.655,1,0,35101
28,0,3.655,1,0,35101
28,0,3.655,1,0,35101
28,0,3.655,1,0,35101
28,0,3.655,1,0,35101
28,0,3.655,1,0,35101
28,0,3.655,1,0,35101
28,0,3.655,1,0,35101
28,0,3.655,1,0,35101
28,0,3.655,1,0,35101
28,0,3.655,1,0,35101
28,0,3.655,1,0,35101
28,0,3.655,1,0,35101
28,0,3.655,1,0,35101
28,0,3.655,1,0,35101
28,0,3.655,1,0,35101
28,0,3.655,1,0,35101
28,0,3.655,1,0,35101
28,0,3.655,1,0,35101
28,0,3.655,1,0,35101
28,0,3.655,1,0,35101
28,0,3.655,1,0,35101
28,0,3.655,1,0,35101
28,0,3.655,1,0,35101
28,0,3.655,1,0,35101
28,0,3.655,1,0,35101
28,0,3.655,1,0,35101
28,0,3.655,1,0,35101
28,0,3.655,1,0,35101
28,0,3.655,1,0,35101
28,0,3.655,1,0,35101
28,0,3.655,1,0,35101
28,0,3.655,1,0,35101
28,0,3.655,1,0,35101
28,0,3.655,1,0,35101
28,0,3.655,1,0,35101
28,0,3.655,1,0,35101
28,0,3.655,1,0,35101
28,0,3.655,1,0,35101
28,0,3.655,1,0,35101
28,0,3.655,1,0,35101
28,0,3.655,1,0,35101
28,0,3.655,1,0,35101
28,0,3.655,1,0,35101
28,0,3.655,1,0,35101
28,0,3.655,1,0,35101
28,0,3.655,1,0,35101
28,0,3.655,1,0,35101
28,0,3.655,1,0,35101
28,0,3.655,1,0,35101
28,0,3.655,1,0,35101
28,0,3.655,1,0,35101
28,0,3.655,1,0,35101
28,0,3.655,1,0,35101
28,0,3.655,1,0,35101
28,0,3.655,1,0,35101
28,0,3.655,1,0,35101
28,0,3.655,1,0,35101
28,0,3.655,1,0,35101
28,0,3.655,1,0,35101
28,0,3.655,1,0,35101
28,0,3.655,1,0,35101
28,0,3.655,1,0,35101
28,0,3.655,1,0,35101
28,0,3.655,1,0,35101
28,0,3.655,1,0,35101
28,0,3.655,1,0,35101
28,0,3.655,1,0,35101
28,0,3.655,1,0,35101
28,0,3.655,1,0,35101
28,0,3.655,1,0,35101
28,0,3.655,1,0,35101
28,0,3.655,1,0,35101
28,0,3.655,1,0,35101
28,0,3.655,1,0,35101
28,0,3.655,1,0,35101
28,0,3.655,1,0,35101
28,0,3.655,1,0,35101
28,0,3.655,1,0,35101
28,0,3.655,1,0,35101
28,0,3.655,1,0,35101
28,0,3.655,1,0,35101
28,0,3.655,1,0,35101
28,0,3.655,1,0,35101
28,0,3.655,1,0,35101
28,0,3.655,1,0,35101
28,0,3.655,1,0,35101
28,0,3.655,1,0,35101
28,0,3.655,1,0,35101
28,0,3.655,1,0,35101
28,0,3.655,1,0,35101
28,0,3.655,1,0,35101
28,0,3.655,1,0,35101
28,0,3.655,1,0,35101
28,0,3.655,1,0,35101
28,0,3.655,1,0,35101
28,0,3.655,1,0,35101
28,0,3.655,1,0,35101
28,0,3.655,1,0,35101
28,0,3.655,1,0,35101
28,0,3.655,1,0,35101
28,0,3.655,1,0,35101
28,0,3.655,1,0,35101
28,0,3.655,1,0,35101
28,0,3.655,1,0,35101
28,0,3.655,1,0,35101
28,0,3.655,1,0,35101
28,0,3.655,1,0,35101
28,0,3.655,1,0,35101
28,0,3.655,1,0,35101
28,0,3.655,1,0,35101
28,0,3.655,1,0,35101
28,0,3.655,1,0,35101
28,0,3.655,1,0,35101
28,0,3.655,1,0,35101
28,0,3.655,1,0,35101
28,0,3.655,1,0,35101
28,0,3.655,1,0,35101
28,0,3.655,1,0,35101
28,0,3.655,1,0,35101
28,0,3.655,1,0,35101
28,0,3.655,1,0,35101
28,0,3.655,1,0,35101
28,0,3.655,1,0,35101
28,0,3.655,1,0,35101
28,0,3.655,1,0,35101
28,0,3.655,1,0,35101
28,0,3.655,1,0,35101
28,0,3.655,1,0,35101
28,0,3.655,1,0,35101
28,0,3.655,1,0,35101
28,0,3.655,1,0,35101
28,0,3.655,1,0,35101
28,0,3.655,1,0,35101
28,0,3.655,1,0,35101
28,0,3.655,1,0,35101
28,0,3.655,1,0,35101
28,0,3.655,1,0,35101
28,0,3.655,1,0,35101
28,0,3.655,1,0,35101
28,0,3.655,1,0,35101
28,0,3.655,1,0,35101
28,0,3.655,1,0,35101
28,0,3.655,1,0,35101
28,0,3.655,1,0,35101
28,0,3.655,1,0,35101
28,0,3.655,1,0,35101
28,0,3.655,1,0,35101
28,0,3.655,1,0,35101
28,0,3.655,1,0,35101
28,0,3.655,1,0,35101
28,0,3.655,1,0,35101
28,0,3.655,1,0,35101
28,0,3.655,1,0,35101
28,0,3.655,1,0,35101
28,0,3.655,1,0,35101
28,0,3.655,1,0,35101
28,0,3.655,1,0,35101
28,0,3.655,1,0,35101
28,0,3.655,1,0,35101
28,0,3.655,1,0,35101
28,0,3.655,1,0,35101
28,0,3.655,1,0,35101
28,0,3.655,1,0,35101
28,0,3.655,1,0,35101
28,0,3.655,1,0,35101
28,0,3.655,1,0,35101
28,0,3.655,1,0,35101
28,0,3.655,1,0,35101
28,0,3.655,1,0,35101
28,0,3.655,1,0,35101
28,0,3.655,1,0,35101
28,0,3.655,1,0,35101
28,0,3.655,1,0,35101
28,0,3.655,1,0,35101
28,0,3.655,1,0,35101
28,0,3.655,1,0,35101
28,0,3.655,1,0,35101
28,0,3.655,1,0,35101
28,0,3.655,1,0,35101
28,0,3.655,1,0,35101
28,0,3.655,1,0,35101
28,0,3.655,1,0,35101
28,0,3.655,1,0,35101
28,0,3.655,1,0,35101
28,0,3.655,1,0,35101
28,0,3.655,1,0,35101
28,0,3.655,1,0,35101
28,0,3.655,1,0,35101
28,0,3.655,1,0,35101
28,0,3.655,1,0,35101
28,0,3.655,1,0,35101
28,0,3.655,1,0,35101
28,0,3.655,1,0,35101
28,0,3.655,1,0,35101
28,0,3.655,1,0,35101
28,0,3.655,1,0,35101
28,0,3.655,1,0,35101
28,0,3.655,1,0,35101
28,0,3.655,1,0,35101
28,0,3.655,1,0,35101
28,0,3.655,1,0,35101
28,0,3.655,1,0,35101
28,0,3.655,1,0,35101
28,0,3.655,1,0,35101
28,0,3.655,1,0,35101
28,0,3.655,1,0,35101
28,0,3.655,1,0,35101
28,0,3.655,1,0,35101
28,0,3.655,1,0,35101
28,0,3.655,1,0,35101
28,0,3.655,1,0,35101
28,0,3.655,1,0,35101
28,0,3.655,1,0,35101
28,0,3.655,1,0,35101
28,0,3.655,1,0,35101
28,0,3.655,1,0,35101
28,0,3.655,1,0,35101
28,0,3.655,1,0,35101
28,0,3.655,1,0,35101
28,0,3.655,1,0,35101
28,0,3.655,1,0,35101
28,0,3.655,1,0,35101
28,0,3.655,1,0,35101
28,0,3.655,1,0,35101
28,0,3.655,1,0,35101
28,0,3.655,1,0,35101
28,0,3.655,1,0,35101
28,0,3.655,1,0,35101
28,0,3.655,1,0,35101
28,0,3.655,1,0,35101
28,0,3.655,1,0,35101
28,0,3.655,1,0,35101
28,0,3.655,1,0,35101
28,0,3.655,1,0,35101
28,0,3.655,1,0,35101
28,0,3.655,1,0,35101
28,0,3.655,1,0,35101
28,0,3.655,1,0,35101
28,0,3.655,1,0,35101
28,0,3.655,1,0,35101
28,0,3.655,1,0,35101
28,0,3.655,1,0,35101
28,0,3.655,1,0,35101
28,0,3.655,1,0,35101
28,0,3.655,1,0,35101
28,0,3.655,1,0,35101
28,0,3.655,1,0,35101
28,0,3.655,1,0,35101
28,0,3.655,1,0,35101
28,0,3.655,1,0,35101
28,0,3.655,1,0,35101
28,0,3.655,1,0,35101
28,0,3.655,1,0,35101
28,0,3.655,1,0,35101
28,0,3.655,1,0,35101
28,0,3.655,1,0,35101
28,0,3.655,1,0,35101
28,0,3.655,1,0,35101
28,0,3.655,1,0,35101
28,0,3.655,1,0,35101
28,0,3.655,1,0,35101
28,0,3.655,1,0,35101
28,0,3.655,1,0,35101
28,0,3.655,1,0,35101
28,0,3.655,1,0,35101
28,0,3.655,1,0,35101
28,0,3.655,1,0,35101
28,0,3.655,1,0,35101
28,0,3.655,1,0,35101
28,0,3.655,1,0,35101
28,0,3.655,1,0,35101
28,0,3.655,1,0,35101
28,0,3.655,1,0,35101
28,0,3.655,1,0,35101
28,0,3.655,1,0,35101
28,0,3.655,1,0,35101
28,0,3.655,1,0,35101
28,0,3.655,1,0,35101
28,0,3.655,1,0,35101
28,0,3.655,1,0,35101
28,0,3.655,1,0,35101
28,0,3.655,1,0,35101
28,0,3.655,1,0,35101
28,0,3.655,1,0,35101
28,0,3.655,1,0,35101
28,0,3.655,1,0,35101
28,0,3.655,1,0,35101
28,0,3.655,1,0,35101
28,0,3.655,1,0,35101
28,0,3.655,1,0,35101
28,0,3.655,1,0,35101
28,0,3.655,1,0,35101
28,0,3.655,1,0,35101
28,0,3.655,1,0,35101
28,0,3.655,1,0,35101
28,0,3.655,1,0,35101
28,0,3.655,1,0,35101
28,0,3.655,1,0,35101
28,0,3.655,1,0,35101
28,0,3.655,1,0,35101
28,0,3.655,1,0,35101
28,0,3.655,1,0,35101
28,0,3.655,1,0,35101
28,0,3.655,1,0,35101
28,0,3.655,1,0,35101
28,0,3.655,1,0,35101
28,0,3.655,1,0,35101
28,0,3.655,1,0,35101
28,0,3.655,1,0,35101
28,0,3.655,1,0,35101
28,0,3.655,1,0,35101
28,0,3.655,1,0,35101
28,0,3.655,1,0,35101
28,0,3.655,1,0,35101
28,0,3.655,1,0,35101
28,0,3.655,1,0,35101
28,0,3.655,1,0,35101
28,0,3.655,1,0,35101
28,0,3.655,1,0,35101
28,0,3.655,1,0,35101
28,0,3.655,1,0,35101
28,0,3.655,1,0,35101
28,0,3.655,1,0,35101
28,0,3.655,1,0,35101
28,0,3.655,1,0,35101
28,0,3.655,1,0,35101
28,0,3.655,1,0,35101
28,0,3.655,1,0,35101
28,0,3.655,1,0,35101
28,0,3.655,1,0,35101
28,0,3.655,1,0,35101
28,0,3.655,1,0,35101
28,0,3.655,1,0,35101
28,0,3.655,1,0,35101
28,0,3.655,1,0,35101
28,0,3.655,1,0,35101
28,0,3.655,1,0,35101
28,0,3.655,1,0,35101
28,0,3.655,1,0,35101
28,0,3.655,1,0,35101
28,0,3.655,1,0,35101
28,0,3.655,1,0,35101
28,0,3.655,1,0,35101
28,0,3.655,1,0,35101
28,0,3.655,1,0,35101
28,0,3.655,1,0,35101
28,0,3.655,1,0,35101
28,0,3.655,1,0,35101
28,0,3.655,1,0,35101
28,0,3.655,1,0,35101
28,0,3.655,1,0,35101
28,0,3.655,1,0,35101
28,0,3.655,1,0,35101
28,0,3.655,1,0,35101
28,0,3.655,1,0,35101
28,0,3.655,1,0,35101
28,0,3.655,1,0,35101
28,0,3.655,1,0,35101
28,0,3.655,1,0,35101
28,0,3.655,1,0,35101
28,0,3.655,1,0,35101
28,0,3.655,1,0,35101
28,0,3.655,1,0,35101
28,0,3.655,1,0,35101
28,0,3.655,1,0,35101
28,0,3.655,1,0,35101
28,0,3.655,1,0,35101
28,0,3.655,1,0,35101
28,0,3.655,1,0,35101
28,0,3.655,1,0,35101
28,0,3.655,1,0,35101
28,0,3.655,1,0,35101
28,0,3.655,1,0,35101
28,0,3.655,1,0,35101
28,0,3.655,1,0,35101
28,0,3.655,1,0,35101
28,0,3.655,1,0,35101
28,0,3.655,1,0,35101
28,0,3.655,1,0,35101
28,0,3.655,1,0,35101
28,0,3.655,1,0,35101
28,0,3.655,1,0,35101
28,0,3.655,1,0,35101
28,0,3.655,1,0,35101
28,0,3.655,1,0,35101
28,0,3.655,1,0,35101
28,0,3.655,1,0,35101
28,0,3.655,1,0,35101
28,0,3.655,1,0,35101
28,0,3.655,1,0,35101
28,0,3.655,1,0,35101
28,0,3.655,1,0,35101
28,0,3.655,1,0,35101
28,0,3.655,1,0,35101
28,0,3.655,1,0,35101
28,0,3.655,1,0,35101
28,0,3.655,1,0,35101
28,0,3.655,1,0,35101
28,0,3.655,1,0,35101
28,0,3.655,1,0,35101
28,0,3.655,1,0,35101
28,0,3.655,1,0,35101
28,0,3.655,1,0,35101
28,0,3.655,1,0,35101
28,0,3.655,1,0,35101
28,0,3.655,1,0,35101
28,0,3.655,1,0,35101
28,0,3.655,1,0,35101
28,0,3.655,1,0,35101
28,0,3.655,1,0,35101
28,0,3.655,1,0,35101
28,0,3.655,1,0,35101
28,0,3.655,1,0,35101
28,0,3.655,1,0,35101
28,0,3.655,1,0,35101
28,0,3.655,1,0,35101
28,0,3.655,1,0,35101
28,0,3.655,1,0,35101
28,0,3.655,1,0,35101
28,0,3.655,1,0,35101
28,0,3.655,1,0,35101
28,0,3.655,1,0,35101
28,0,3.655,1,0,35101
28,0,3.655,1,0,35101
28,0,3.655,1,0,35101
28,0,3.655,1,0,35101
28,0,3.655,1,0,35101
28,0,3.655,1,0,35101
28,0,3.655,1,0,35101
28,0,3.655,1,0,35101
28,0,3.655,1,0,35101
28,0,3.655,1,0,35101
28,0,3.655,1,0,35101
28,0,3.655,1,0,35101
28,0,3.655,1,0,35101
28,0,3.655,1,0,35101
28,0,3.655,1,0,35101
28,0,3.655,1,0,35101
28,0,3.655,1,0,35101
28,0,3.655,1,0,35101
28,0,3.655,1,0,35101
28,0,3.655,1,0,35101
28,0,3.655,1,0,35101
28,0,3.655,1,0,35101
28,0,3.655,1,0,35101
28,0,3.655,1,0,35101
28,0,3.655,1,0,35101
28,0,3.655,1,0,35101
28,0,3.655,1,0,35101
28,0,3.655,1,0,35101
28,0,3.655,1,0,35101
28,0,3.655,1,0,35101
28,0,3.655,1,0,35101
28,0,3.655,1,0,35101
28,0,3.655,1,0,35101
28,0,3.655,1,0,35101
28,0,3.655,1,0,35101
28,0,3.655,1,0,35101
28,0,3.655,1,0,35101
28,0,3.655,1,0,35101
28,0,3.655,1,0,35101
28,0,3.655,1,0,35101
28,0,3.655,1,0,35101
28,0,3.655,1,0,35101
28,0,3.655,1,0,35101
28,0,3.655,1,0,35101
28,0,3.655,1,0,35101
28,0,3.655,1,0,35101
28,0,3.655,1,0,35101
28,0,3.655,1,0,35101
28,0,3.655,1,0,35101
28,0,3.655,1,0,35101
28,0,3.655,1,0,35101
28,0,3.655,1,0,35101
28,0,3.655,1,0,35101
28,0,3.655,1,0,35101
28,0,3.655,1,0,35101
28,0,3.655,1,0,35101
28,0,3.655,1,0,35101
28,0,3.655,1,0,35101
28,0,3.655,1,0,35101
28,0,3.655,1,0,35101
28,0,3.655,1,0,35101
28,0,3.655,1,0,35101
28,0,3.655,1,0,35101
28,0,3.655,1,0,35101
28,0,3.655,1,0,35101
28,0,3.655,1,0,35101
28,0,3.655,1,0,35101
28,0,3.655,1,0,35101
28,0,3.655,1,0,35101
28,0,3.655,1,0,35101
28,0,3.655,1,0,35101
28,0,3.655,1,0,35101
28,0,3.655,1,0,35101
28,0,3.655,1,0,35101
28,0,3.655,1,0,35101
28,0,3.655,1,0,35101
28,0,3.655,1,0,35101
28,0,3.655,1,0,35101
28,0,3.655,1,0,35101
28,0,3.655,1,0,35101
28,0,3.655,1,0,35101
28,0,3.655,1,0,35101
28,0,3.655,1,0,35101
28,0,3.655,1,0,35101
28,0,3.655,1,0,35101
28,0,3.655,1,0,35101
28,0,3.655,1,0,35101
28,0,3.655,1,0,35101
28,0,3.655,1,0,35101
28,0,3.655,1,0,35101
28,0,3.655,1,0,35101
28,0,3.655,1,0,35101
28,0,3.655,1,0,35101
28,0,3.655,1,0,35101
28,0,3.655,1,0,35101
28,0,3.655,1,0,35101
28,0,3.655,1,0,35101
28,0,3.655,1,0,35101
28,0,3.655,1,0,35101
28,0,3.655,1,0,35101
28,0,3.655,1,0,35101
28,0,3.655,1,0,35101
28,0,3.655,1,0,35101
28,0,3.655,1,0,35101
28,0,3.655,1,0,35101
28,0,3.655,1,0,35101
28,0,3.655,1,0,35101
28,0,3.655,1,0,35101
28,0,3.655,1,0,35101
28,0,3.655,1,0,35101
28,0,3.655,1,0,35101
28,0,3.655,1,0,35101
28,0,3.655,1,0,35101
28,0,3.655,1,0,35101
28,0,3.655,1,0,35101
28,0,3.655,1,0,35101
28,0,3.655,1,0,35101
28,0,3.655,1,0,35101
28,0,3.655,1,0,35101
28,0,3.655,1,0,35101
28,0,3.655,1,0,35101
28,0,3.655,1,0,35101
28,0,3.655,1,0,35101
28,0,3.655,1,0,35101
28,0,3.655,1,0,35101
28,0,3.655,1,0,35101
28,0,3.655,1,0,35101
28,0,3.655,1,0,35101
28,0,3.655,1,0,35101
28,0,3.655,1,0,35101
28,0,3.655,1,0,35101
28,0,3.655,1,0,35101
28,0,3.655,1,0,35101
28,0,3.655,1,0,35101
28,0,3.655,1,0,35101
28,0,3.655,1,0,35101
28,0,3.655,1,0,35101
28,0,3.655,1,0,35101
28,0,3.655,1,0,35101
28,0,3.655,1,0,35101
28,0,3.655,1,0,35101
28,0,3.655,1,0,35101
28,0,3.655,1,0,35101
28,0,3.655,1,0,35101
28,0,3.655,1,0,35101
28,0,3.655,1,0,35101
28,0,3.655,1,0,35101
28,0,3.655,1,0,35101
28,0,3.655,1,0,35101
28,0,3.655,1,0,35101
28,0,3.655,1,0,35101
28,0,3.655,1,0,35101
28,0,3.655,1,0,35101
28,0,3.655,1,0,35101
28,0,3.655,1,0,35101
28,0,3.655,1,0,35101
28,0,3.655,1,0,35101
28,0,3.655,1,0,35101
28,0,3.655,1,0,35101
28,0,3.655,1,0,35101
28,0,3.655,1,0,35101
28,0,3.655,1,0,35101
28,0,3.655,1,0,35101
28,0,3.655,1,0,35101
28,0,3.655,1,0,35101
28,0,3.655,1,0,35101
28,0,3.655,1,0,35101
28,0,3.655,1,0,35101
28,0,3.655,1,0,35101
28,0,3.655,1,0,35101
28,0,3.655,1,0,35101
28,0,3.655,1,0,35101
28,0,3.655,1,0,35101
28,0,3.655,1,0,35101
28,0,3.655,1,0,35101
28,0,3.655,1,0,35101
28,0,3.655,1,0,35101
28,0,3.655,1,0,35101
28,0,3.655,1,0,35101
28,0,3.655,1,0,35101
28,0,3.655,1,0,35101
28,0,3.655,1,0,35101
28,0,3.655,1,0,35101
28,0,3.655,1,0,35101
28,0,3.655,1,0,35101
28,0,3.655,1,0,35101
28,0,3.655,1,0,35101
28,0,3.655,1,0,35101
28,0,3.655,1,0,35101
28,0,3.655,1,0,35101
28,0,3.655,1,0,35101
28,0,3.655,1,0,35101
28,0,3.655,1,0,35101
28,0,3.655,1,0,35101
28,0,3.655,1,0,35101
28,0,3.655,1,0,35101
28,0,3.655,1,0,35101
28,0,3.655,1,0,35101
28,0,3.655,1,0,35101
28,0,3.655,1,0,35101
28,0,3.655,1,0,35101
28,0,3.655,1,0,35101
28,0,3.655,1,0,35101
28,0,3.655,1,0,35101
28,0,3.655,1,0,35101
28,0,3.655,1,0,35101
28,0,3.655,1,0,35101
28,0,3.655,1,0,35101
28,0,3.655,1,0,35101
28,0,3.655,1,0,35101
28,0,3.655,1,0,35101
28,0,3.655,1,0,35101
28,0,3.655,1,0,35101
28,0,3.655,1,0,35101
28,0,3.655,1,0,35101
28,0,3.655,1,0,35101
28,0,3.655,1,0,35101
28,0,3.655,1,0,35101
28,0,3.655,1,0,35101
28,0,3.655,1,0,35101
28,0,3.655,1,0,35101
28,0,3.655,1,0,35101
28,0,3.655,1,0,35101
28,0,3.655,1,0,35101
28,0,3.655,1,0,35101
28,0,3.655,1,0,35101
28,0,3.655,1,0,35101
28,0,3.655,1,0,35101
28,0,3.655,1,0,35101
28,0,3.655,1,0,35101
28,0,3.655,1,0,35101
28,0,3.655,1,0,35101
28,0,3.655,1,0,35101
28,0,3.655,1,0,35101
28,0,3.655,1,0,35101
28,0,3.655,1,0,35101
28,0,3.655,1,0,35101
28,0,3.655,1,0,35101
28,0,3.655,1,0,35101
28,0,3.655,1,0,35101
28,0,3.655,1,0,35101
28,0,3.655,1,0,35101
28,0,3.655,1,0,35101
28,0,3.655,1,0,35101
28,0,3.655,1,0,35101
28,0,3.655,1,0,35101
28,0,3.655,1,0,35101
28,0,3.655,1,0,35101
28,0,3.655,1,0,35101
28,0,3.655,1,0,35101
28,0,3.655,1,0,35101
28,0,3.655,1,0,35101
28,0,3.655,1,0,35101
28,0,3.655,1,0,35101
28,0,3.655,1,0,35101
28,0,3.655,1,0,35101
28,0,3.655,1,0,35101
28,0,3.655,1,0,35101
28,0,3.655,1,0,35101
28,0,3.655,1,0,35101
28,0,3.655,1,0,35101
28,0,3.655,1,0,35101
28,0,3.655,1,0,35101
28,0,3.655,1,0,35101
28,0,3.655,1,0,35101
28,0,3.655,1,0,35101
28,0,3.655,1,0,35101
28,0,3.655,1,0,35101
28,0,3.655,1,0,35101
28,0,3.655,1,0,35101
28,0,3.655,1,0,35101
28,0,3.655,1,0,35101
28,0,3.655,1,0,35101
28,0,3.655,1,0,35101
28,0,3.655,1,0,35101
28,0,3.655,1,0,35101
28,0,3.655,1,0,35101
28,0,3.655,1,0,35101
28,0,3.655,1,0,35101
28,0,3.655,1,0,35101
28,0,3.655,1,0,35101
28,0,3.655,1,0,35101
28,0,3.655,1,0,35101
28,0,3.655,1,0,35101
28,0,3.655,1,0,35101
28,0,3.655,1,0,35101
28,0,3.655,1,0,35101
28,0,3.655,1,0,35101
28,0,3.655,1,0,35101
28,0,3.655,1,0,35101
28,0,3.655,1,0,35101
28,0,3.655,1,0,35101
28,0,3.655,1,0,35101
28,0,3.655,1,0,35101
28,0,3.655,1,0,35101
28,0,3.655,1,0,35101
28,0,3.655,1,0,35101
28,0,3.655,1,0,35101
28,0,3.655,1,0,35101
28,0,3.655,1,0,35101
28,0,3.655,1,0,35101
28,0,3.655,1,0,35101
28,0,3.655,1,0,35101
28,0,3.655,1,0,35101
28,0,3.655,1,0,35101
28,0,3.655,1,0,35101
28,0,3.655,1,0,35101
28,0,3.655,1,0,35101
28,0,3.655,1,0,35101
28,0,3.655,1,0,35101
28,0,3.655,1,0,35101
28,0,3.655,1,0,35101
28,0,3.655,1,0,35101
28,0,3.655,1,0,35101
28,0,3.655,1,0,35101
28,0,3.655,1,0,35101
28,0,3.655,1,0,35101
28,0,3.655,1,0,35101
28,0,3.655,1,0,35101
28,0,3.655,1,0,35101
28,0,3.655,1,0,35101
28,0,3.655,1,0,35101
28,0,3.655,1,0,35101
28,0,3.655,1,0,35101
28,0,3.655,1,0,35101
28,0,3.655,1,0,35101
28,0,3.655,1,0,35101
28,0,3.655,1,0,35101
28,0,3.655,1,0,35101
28,0,3.655,1,0,35101
28,0,3.655,1,0,35101
28,0,3.655,1,0,35101
28,0,3.655,1,0,35101
28,0,3.655,1,0,35101
28,0,3.655,1,0,35101
28,0,3.655,1,0,35101
28,0,3.655,1,0,35101
28,0,3.655,1,0,35101
28,0,3.655,1,0,35101
28,0,3.655,1,0,35101
28,0,3.655,1,0,35101
28,0,3.655,1,0,35101
28,0,3.655,1,0,35101
28,0,3.655,1,0,35101
28,0,3.655,1,0,35101
28,0,3.655,1,0,35101
28,0,3.655,1,0,35101
28,0,3.655,1,0,35101
28,0,3.655,1,0,35101
28,0,3.655,1,0,35101
28,0,3.655,1,0,35101
28,0,3.655,1,0,35101
28,0,3.655,1,0,35101
28,0,3.655,1,0,35101
28,0,3.655,1,0,35101
28,0,3.655,1,0,35101
28,0,3.655,1,0,35101
28,0,3.655,1,0,35101
28,0,3.655,1,0,35101
28,0,3.655,1,0,35101
28,0,3.655,1,0,35101
28,0,3.655,1,0,35101
28,0,3.655,1,0,35101
28,0,3.655,1,0,35101
28,0,3.655,1,0,35101
28,0,3.655,1,0,35101
28,0,3.655,1,0,35101
28,0,3.655,1,0,35101
28,0,3.655,1,0,35101
28,0,3.655,1,0,35101
28,0,3.655,1,0,35101
28,0,3.655,1,0,35101
28,0,3.655,1,0,35101
28,0,3.655,1,0,35101
28,0,3.655,1,0,35101
28,0,3.655,1,0,35101
28,0,3.655,1,0,35101
28,0,3.655,1,0,35101
28,0,3.655,1,0,35101
28,0,3.655,1,0,35101
28,0,3.655,1,0,35101
28,0,3.655,1,0,35101
28,0,3.655,1,0,35101
28,0,3.655,1,0,35101
28,0,3.655,1,0,35101
28,0,3.655,1,0,35101
28,0,3.655,1,0,35101
28,0,3.655,1,0,35101
28,0,3.655,1,0,35101
28,0,3.655,1,0,35101
28,0,3.655,1,0,35101
28,0,3.655,1,0,35101
28,0,3.655,1,0,35101
28,0,3.655,1,0,35101
28,0,3.655,1,0,35101
28,0,3.655,1,0,35101
28,0,3.655,1,0,35101
28,0,3.655,1,0,35101
28,0,3.655,1,0,35101
28,0,3.655,1,0,35101
28,0,3.655,1,0,35101
28,0,3.655,1,0,35101
28,0,3.655,1,0,35101
28,0,3.655,1,0,35101
28,0,3.655,1,0,35101
28,0,3.655,1,0,35101
28,0,3.655,1,0,35101
28,0,3.655,1,0,35101
28,0,3.655,1,0,35101
28,0,3.655,1,0,35101
28,0,3.655,1,0,35101
28,0,3.655,1,0,35101
28,0,3.655,1,0,35101
28,0,3.655,1,0,35101
28,0,3.655,1,0,35101
28,0,3.655,1,0,35101
28,0,3.655,1,0,35101
28,0,3.655,1,0,35101
28,0,3.655,1,0,35101
28,0,3.655,1,0,35101
28,0,3.655,1,0,35101
28,0,3.655,1,0,35101
28,0,3.655,1,0,35101
28,0,3.655,1,0,35101
28,0,3.655,1,0,35101
28,0,3.655,1,0,35101
28,0,3.655,1,0,35101
28,0,3.655,1,0,35101
28,0,3.655,1,0,35101
28,0,3.655,1,0,35101
28,0,3.655,1,0,35101
28,0,3.655,1,0,35101
28,0,3.655,1,0,35101
28,0,3.655,1,0,35101
28,0,3.655,1,0,35101
28,0,3.655,1,0,35101
28,0,3.655,1,0,35101
28,0,3.655,1,0,35101
28,0,3.655,1,0,35101
28,0,3.655,1,0,35101
28,0,3.655,1,0,35101
28,0,3.655,1,0,35101
28,0,3.655,1,0,35101
28,0,3.655,1,0,35101
28,0,3.655,1,0,35101
28,0,3.655,1,0,35101
28,0,3.655,1,0,35101
28,0,3.655,1,0,35101
28,0,3.655,1,0,35101
28,0,3.655,1,0,35101
28,0,3.655,1,0,35101
28,0,3.655,1,0,35101
28,0,3.655,1,0,35101
28,0,3.655,1,0,35101
28,0,3.655,1,0,35101
28,0,3.655,1,0,35101
28,0,3.655,1,0,35101
28,0,3.655,1,0,35101
28,0,3.655,1,0,35101
28,0,3.655,1,0,35101
28,0,3.655,1,0,35101
28,0,3.655,1,0,35101
28,0,3.655,1,0,35101
28,0,3.655,1,0,35101
28,0,3.655,1,0,35101
28,0,3.655,1,0,35101
28,0,3.655,1,0,35101
28,0,3.655,1,0,35101
28,0,3.655,1,0,35101
28,0,3.655,1,0,35101
28,0,3.655,1,0,35101
28,0,3.655,1,0,35101
28,0,3.655,1,0,35101
28,0,3.655,1,0,35101
28,0,3.655,1,0,35101
28,0,3.655,1,0,35101
28,0,3.655,1,0,35101
28,0,3.655,1,0,35101
28,0,3.655,1,0,35101
28,0,3.655,1,0,35101
28,0,3.655,1,0,35101
28,0,3.655,1,0,35101
28,0,3.655,1,0,35101
28,0,3.655,1,0,35101
28,0,3.655,1,0,35101
28,0,3.655,1,0,35101
28,0,3.655,1,0,35101
28,0,3.655,1,0,35101
28,0,3.655,1,0,35101
28,0,3.655,1,0,35101
28,0,3.655,1,0,35101
28,0,3.655,1,0,35101
28,0,3.655,1,0,35101
28,0,3.655,1,0,35101
28,0,3.655,1,0,35101
28,0,3.655,1,0,35101
28,0,3.655,1,0,35101
28,0,3.655,1,0,35101
28,0,3.655,1,0,35101
28,0,3.655,1,0,35101
28,0,3.655,1,0,35101
28,0,3.655,1,0,35101
28,0,3.655,1,0,35101
28,0,3.655,1,0,35101
28,0,3.655,1,0,35101
28,0,3.655,1,0,35101
28,0,3.655,1,0,35101
28,0,3.655,1,0,35101
28,0,3.655,1,0,35101
28,0,3.655,1,0,35101
28,0,3.655,1,0,35101
28,0,3.655,1,0,35101
28,0,3.655,1,0,35101
28,0,3.655,1,0,35101
28,0,3.655,1,0,35101
28,0,3.655,1,0,35101
28,0,3.655,1,0,35101
28,0,3.655,1,0,35101
28,0,3.655,1,0,35101
28,0,3.655,1,0,35101
28,0,3.655,1,0,35101
28,0,3.655,1,0,35101
28,0,3.655,1,0,35101
28,0,3.655,1,0,35101
28,0,3.655,1,0,35101
28,0,3.655,1,0,35101
28,0,3.655,1,0,35101
28,0,3.655,1,0,35101
28,0,3.655,1,0,35101
28,0,3.655,1,0,35101
28,0,3.655,1,0,35101
28,0,3.655,1,0,35101
28,0,3.655,1,0,35101
28,0,3.655,1,0,35101
28,0,3.655,1,0,35101
28,0,3.655,1,0,35101
28,0,3.655,1,0,35101
28,0,3.655,1,0,35101
28,0,3.655,1,0,35101
28,0,3.655,1,0,35101
28,0,3.655,1,0,35101
28,0,3.655,1,0,35101
28,0,3.655,1,0,35101
28,0,3.655,1,0,35101
28,0,3.655,1,0,35101
28,0,3.655,1,0,35101
28,0,3.655,1,0,35101
28,0,3.655,1,0,35101
28,0,3.655,1,0,35101
28,0,3.655,1,0,35101
28,0,3.655,1,0,35101
28,0,3.655,1,0,35101
28,0,3.655,1,0,35101
28,0,3.655,1,0,35101
28,0,3.655,1,0,35101
28,0,3.655,1,0,35101
28,0,3.655,1,0,35101
28,0,3.655,1,0,35101
28,0,3.655,1,0,35101
28,0,3.655,1,0,35101
28,0,3.655,1,0,35101
28,0,3.655,1,0,35101
28,0,3.655,1,0,35101
28,0,3.655,1,0,35101
28,0,3.655,1,0,35101
28,0,3.655,1,0,35101
28,0,3.655,1,0,35101
28,0,3.655,1,0,35101
28,0,3.655,1,0,35101
28,0,3.655,1,0,35101
28,0,3.655,1,0,35101
28,0,3.655,1,0,35101
28,0,3.655,1,0,35101
28,0,3.655,1,0,35101
28,0,3.655,1,0,35101
28,0,3.655,1,0,35101
28,0,3.655,1,0,35101
28,0,3.655,1,0,35101
28,0,3.655,1,0,35101
28,0,3.655,1,0,35101
28,0,3.655,1,0,35101
28,0,3.655,1,0,35101
28,0,3.655,1,0,35101
28,0,3.655,1,0,35101
28,0,3.655,1,0,35101
28,0,3.655,1,0,35101
28,0,3.655,1,0,35101
28,0,3.655,1,0,35101
28,0,3.655,1,0,35101
28,0,3.655,1,0,35101
28,0,3.655,1,0,35101
28,0,3.655,1,0,35101
28,0,3.655,1,0,35101
28,0,3.655,1,0,35101
28,0,3.655,1,0,35101
28,0,3.655,1,0,35101
28,0,3.655,1,0,35101
28,0,3.655,1,0,35101
28,0,3.655,1,0,35101
28,0,3.655,1,0,35101
28,0,3.655,1,0,35101
28,0,3.655,1,0,35101
28,0,3.655,1,0,35101
28,0,3.655,1,0,35101
28,0,3.655,1,0,35101
28,0,3.655,1,0,35101
28,0,3.655,1,0,35101
28,0,3.655,1,0,35101
28,0,3.655,1,0,35101
28,0,3.655,1,0,35101
28,0,3.655,1,0,35101
28,0,3.655,1,0,35101
28,0,3.655,1,0,35101
28,0,3.655,1,0,35101
28,0,3.655,1,0,35101
28,0,3.655,1,0,35101
28,0,3.655,1,0,35101
28,0,3.655,1,0,35101
28,0,3.655,1,0,35101
28,0,3.655,1,0,35101
28,0,3.655,1,0,35101
28,0,3.655,1,0,35101
28,0,3.655,1,0,35101
28,0,3.655,1,0,35101
28,0,3.655,1,0,35101
28,0,3.655,1,0,35101
28,0,3.655,1,0,35101
28,0,3.655,1,0,35101
28,0,3.655,1,0,35101
28,0,3.655,1,0,35101
28,0,3.655,1,0,35101
28,0,3.655,1,0,35101
28,0,3.655,1,0,35101
28,0,3.655,1,0,35101
28,0,3.655,1,0,35101
28,0,3.655,1,0,35101
28,0,3.655,1,0,35101
28,0,3.655,1,0,35101
28,0,3.655,1,0,35101
28,0,3.655,1,0,35101
28,0,3.655,1,0,35101
28,0,3.655,1,0,35101
28,0,3.655,1,0,35101
28,0,3.655,1,0,35101
28,0,3.655,1,0,35101
28,0,3.655,1,0,35101
28,0,3.655,1,0,35101
28,0,3.655,1,0,35101
28,0,3.655,1,0,35101
28,0,3.655,1,0,35101
28,0,3.655,1,0,35101
28,0,3.655,1,0,35101
28,0,3.655,1,0,35101
28,0,3.655,1,0,35101
28,0,3.655,1,0,35101
28,0,3.655,1,0,35101
28,0,3.655,1,0,35101
28,0,3.655,1,0,35101
28,0,3.655,1,0,35101
28,0,3.655,1,0,35101
28,0,3.655,1,0,35101
28,0,3.655,1,0,35101
28,0,3.655,1,0,35101
28,0,3.655,1,0,35101
28,0,3.655,1,0,35101
28,0,3.655,1,0,35101
28,0,3.655,1,0,35101
28,0,3.655,1,0,35101
28,0,3.655,1,0,35101
28,0,3.655,1,0,35101
28,0,3.655,1,0,35101
28,0,3.655,1,0,35101
28,0,3.655,1,0,35101
28,0,3.655,1,0,35101
28,0,3.655,1,0,35101
28,0,3.655,1,0,35101
28,0,3.655,1,0,35101
28,0,3.655,1,0,35101
28,0,3.655,1,0,35101
28,0,3.655,1,0,35101
28,0,3.655,1,0,35101
28,0,3.655,1,0,35101
28,0,3.655,1,0,35101
28,0,3.655,1,0,35101
28,0,3.655,1,0,35101
28,0,3.655,1,0,35101
28,0,3.655,1,0,35101
28,0,3.655,1,0,35101
28,0,3.655,1,0,35101
28,0,3.655,1,0,35101
28,0,3.655,1,0,35101
28,0,3.655,1,0,35101
28,0,3.655,1,0,35101
28,0,3.655,1,0,35101
28,0,3.655,1,0,35101
28,0,3.655,1,0,35101
28,0,3.655,1,0,35101
28,0,3.655,1,0,35101
28,0,3.655,1,0,35101
28,0,3.655,1,0,35101
28,0,3.655,1,0,35101
28,0,3.655,1,0,35101
28,0,3.655,1,0,35101
28,0,3.655,1,0,35101
28,0,3.655,1,0,35101
28,0,3.655,1,0,35101
28,0,3.655,1,0,35101
28,0,3.655,1,0,35101
28,0,3.655,1,0,35101
28,0,3.655,1,0,35101
28,0,3.655,1,0,35101
28,0,3.655,1,0,35101
28,0,3.655,1,0,35101
28,0,3.655,1,0,35101
28,0,3.655,1,0,35101
28,0,3.655,1,0,35101
28,0,3.655,1,0,35101
28,0,3.655,1,0,35101
28,0,3.655,1,0,35101
28,0,3.655,1,0,35101
28,0,3.655,1,0,35101
28,0,3.655,1,0,35101
28,0,3.655,1,0,35101
28,0,3.655,1,0,35101
28,0,3.655,1,0,35101
28,0,3.655,1,0,35101
28,0,3.655,1,0,35101
28,0,3.655,1,0,35101
28,0,3.655,1,0,35101
28,0,3.655,1,0,35101
28,0,3.655,1,0,35101
28,0,3.655,1,0,35101
28,0,3.655,1,0,35101
28,0,3.655,1,0,35101
28,0,3.655,1,0,35101
28,0,3.655,1,0,35101
28,0,3.655,1,0,35101
28,0,3.655,1,0,35101
28,0,3.655,1,0,35101
28,0,3.655,1,0,35101
28,0,3.655,1,0,35101
28,0,3.655,1,0,35101
28,0,3.655,1,0,35101
28,0,3.655,1,0,35101
28,0,3.655,1,0,35101
28,0,3.655,1,0,35101
28,0,3.655,1,0,35101
28,0,3.655,1,0,35101
28,0,3.655,1,0,35101
28,0,3.655,1,0,35101
28,0,3.655,1,0,35101
28,0,3.655,1,0,35101
28,0,3.655,1,0,35101
28,0,3.655,1,0,35101
28,0,3.655,1,0,35101
28,0,3.655,1,0,35101
28,0,3.655,1,0,35101
28,0,3.655,1,0,35101
28,0,3.655,1,0,35101
28,0,3.655,1,0,35101
28,0,3.655,1,0,35101
28,0,3.655,1,0,35101
28,0,3.655,1,0,35101
28,0,3.655,1,0,35101
28,0,3.655,1,0,35101
28,0,3.655,1,0,35101
28,0,3.655,1,0,35101
28,0,3.655,1,0,35101
28,0,3.655,1,0,35101
28,0,3.655,1,0,35101
28,0,3.655,1,0,35101
28,0,3.655,1,0,35101
28,0,3.655,1,0,35101
28,0,3.655,1,0,35101
28,0,3.655,1,0,35101
28,0,3.655,1,0,35101
28,0,3.655,1,0,35101
28,0,3.655,1,0,35101
28,0,3.655,1,0,35101
28,0,3.655,1,0,35101
28,0,3.655,1,0,35101
28,0,3.655,1,0,35101
28,0,3.655,1,0,35101
28,0,3.655,1,0,35101
28,0,3.655,1,0,35101
28,0,3.655,1,0,35101
28,0,3.655,1,0,35101
28,0,3.655,1,0,35101
28,0,3.655,1,0,35101
28,0,3.655,1,0,35101
28,0,3.655,1,0,35101
28,0,3.655,1,0,35101
28,0,3.655,1,0,35101
28,0,3.655,1,0,35101
28,0,3.655,1,0,35101
28,0,3.655,1,0,35101
28,0,3.655,1,0,35101
28,0,3.655,1,0,35101
28,0,3.655,1,0,35101
28,0,3.655,1,0,35101
28,0,3.655,1,0,35101
28,0,3.655,1,0,35101
28,0,3.655,1,0,35101
28,0,3.655,1,0,35101
28,0,3.655,1,0,35101
28,0,3.655,1,0,35101
28,0,3.655,1,0,35101
28,0,3.655,1,0,35101
28,0,3.655,1,0,35101
28,0,3.655,1,0,35101
28,0,3.655,1,0,35101
28,0,3.655,1,0,35101
28,0,3.655,1,0,35101
28,0,3.655,1,0,35101
28,0,3.655,1,0,35101
28,0,3.655,1,0,35101
28,0,3.655,1,0,35101
28,0,3.655,1,0,35101
28,0,3.655,1,0,35101
28,0,3.655,1,0,35101
28,0,3.655,1,0,35101
28,0,3.655,1,0,35101
28,0,3.655,1,0,35101
28,0,3.655,1,0,35101
28,0,3.655,1,0,35101
28,0,3.655,1,0,35101
28,0,3.655,1,0,35101
28,0,3.655,1,0,35101
28,0,3.655,1,0,35101
28,0,3.655,1,0,35101
28,0,3.655,1,0,35101
28,0,3.655,1,0,35101
28,0,3.655,1,0,35101
28,0,3.655,1,0,35101
28,0,3.655,1,0,35101
28,0,3.655,1,0,35101
28,0,3.655,1,0,35101
28,0,3.655,1,0,35101
28,0,3.655,1,0,35101
28,0,3.655,1,0,35101
28,0,3.655,1,0,35101
28,0,3.655,1,0,35101
28,0,3.655,1,0,35101
28,0,3.655,1,0,35101
28,0,3.655,1,0,35101
28,0,3.655,1,0,35101
28,0,3.655,1,0,35101
28,0,3.655,1,0,35101
28,0,3.655,1,0,35101
28,0,3.655,1,0,35101
28,0,3.655,1,0,35101
28,0,3.655,1,0,35101
28,0,3.655,1,0,35101
28,0,3.655,1,0,35101
28,0,3.655,1,0,35101
28,0,3.655,1,0,35101
28,0,3.655,1,0,35101
28,0,3.655,1,0,35101
28,0,3.655,1,0,35101
28,0,3.655,1,0,35101
28,0,3.655,1,0,35101
28,0,3.655,1,0,35101
28,0,3.655,1,0,35101
28,0,3.655,1,0,35101
28,0,3.655,1,0,35101
28,0,3.655,1,0,35101
28,0,3.655,1,0,35101
28,0,3.655,1,0,35101
28,0,3.655,1,0,35101
28,0,3.655,1,0,35101
28,0,3.655,1,0,35101
28,0,3.655,1,0,35101
28,0,3.655,1,0,35101
28,0,3.655,1,0,35101
28,0,3.655,1,0,35101
28,0,3.655,1,0,35101
28,0,3.655,1,0,35101
28,0,3.655,1,0,35101
28,0,3.655,1,0,35101
28,0,3.655,1,0,35101
28,0,3.655,1,0,35101
28,0,3.655,1,0,35101
28,0,3.655,1,0,35101
28,0,3.655,1,0,35101
28,0,3.655,1,0,35101
28,0,3.655,1,0,35101
28,0,3.655,1,0,35101
28,0,3.655,1,0,35101
28,0,3.655,1,0,35101
28,0,3.655,1,0,35101
28,0,3.655,1,0,35101
28,0,3.655,1,0,35101
28,0,3.655,1,0,35101
28,0,3.655,1,0,35101
28,0,3.655,1,0,35101
28,0,3.655,1,0,35101
28,0,3.655,1,0,35101
28,0,3.655,1,0,35101
28,0,3.655,1,0,35101
28,0,3.655,1,0,35101
28,0,3.655,1,0,35101
28,0,3.655,1,0,35101
28,0,3.655,1,0,35101
28,0,3.655,1,0,35101
28,0,3.655,1,0,35101
28,0,3.655,1,0,35101
28,0,3.655,1,0,35101
28,0,3.655,1,0,35101
28,0,3.655,1,0,35101
28,0,3.655,1,0,35101
28,0,3.655,1,0,35101
28,0,3.655,1,0,35101
28,0,3.655,1,0,35101
28,0,3.655,1,0,35101
28,0,3.655,1,0,35101
28,0,3.655,1,0,35101
28,0,3.655,1,0,35101
28,0,3.655,1,0,35101
28,0,3.655,1,0,35101
28,0,3.655,1,0,35101
28,0,3.655,1,0,35101
28,0,3.655,1,0,35101
28,0,3.655,1,0,35101
28,0,3.655,1,0,35101
28,0,3.655,1,0,35101
28,0,3.655,1,0,35101
28,0,3.655,1,0,35101
28,0,3.655,1,0,35101
28,0,3.655,1,0,35101
28,0,3.655,1,0,35101
28,0,3.655,1,0,35101
28,0,3.655,1,0,35101
28,0,3.655,1,0,35101
28,0,3.655,1,0,35101
28,0,3.655,1,0,35101
28,0,3.655,1,0,35101
28,0,3.655,1,0,35101
28,0,3.655,1,0,35101
28,0,3.655,1,0,35101
28,0,3.655,1,0,35101
28,0,3.655,1,0,35101
28,0,3.655,1,0,35101
28,0,3.655,1,0,35101
28,0,3.655,1,0,35101
28,0,3.655,1,0,35101
28,0,3.655,1,0,35101
28,0,3.655,1,0,35101
28,0,3.655,1,0,35101
28,0,3.655,1,0,35101
28,0,3.655,1,0,35101
28,0,3.655,1,0,35101
28,0,3.655,1,0,35101
28,0,3.655,1,0,35101
28,0,3.655,1,0,35101
28,0,3.655,1,0,35101
28,0,3.655,1,0,35101
28,0,3.655,1,0,35101
28,0,3.655,1,0,35101
28,0,3.655,1,0,35101
28,0,3.655,1,0,35101
28,0,3.655,1,0,35101
28,0,3.655,1,0,35101
28,0,3.655,1,0,35101
28,0,3.655,1,0,35101
28,0,3.655,1,0,35101
28,0,3.655,1,0,35101
28,0,3.655,1,0,35101
28,0,3.655,1,0,35101
28,0,3.655,1,0,35101
28,0,3.655,1,0,35101
28,0,3.655,1,0,35101
28,0,3.655,1,0,35101
28,0,3.655,1,0,35101
28,0,3.655,1,0,35101
28,0,3.655,1,0,35101
28,0,3.655,1,0,35101
28,0,3.655,1,0,35101
28,0,3.655,1,0,35101
28,0,3.655,1,0,35101
28,0,3.655,1,0,35101
28,0,3.655,1,0,35101
28,0,3.655,1,0,35101
28,0,3.655,1,0,35101
28,0,3.655,1,0,35101
28,0,3.655,1,0,35101
28,0,3.655,1,0,35101
28,0,3.655,1,0,35101
28,0,3.655,1,0,35101
28,0,3.655,1,0,35101
28,0,3.655,1,0,35101
28,0,3.655,1,0,35101
28,0,3.655,1,0,35101
28,0,3.655,1,0,35101
28,0,3.655,1,0,35101
28,0,3.655,1,0,35101
28,0,3.655,1,0,35101
28,0,3.655,1,0,35101
28,0,3.655,1,0,35101
28,0,3.655,1,0,35101
28,0,3.655,1,0,35101
28,0,3.655,1,0,35101
28,0,3.655,1,0,35101
28,0,3.655,1,0,35101
28,0,3.655,1,0,35101
28,0,3.655,1,0,35101
28,0,3.655,1,0,35101
28,0,3.655,1,0,35101
28,0,3.655,1,0,35101
28,0,3.655,1,0,35101
28,0,3.655,1,0,35101
28,0,3.655,1,0,35101
28,0,3.655,1,0,35101
28,0,3.655,1,0,35101
28,0,3.655,1,0,35101
28,0,3.655,1,0,35101
28,0,3.655,1,0,35101
28,0,3.655,1,0,35101
28,0,3.655,1,0,35101
28,0,3.655,1,0,35101
28,0,3.655,1,0,35101
28,0,3.655,1,0,35101
28,0,3.655,1,0,35101
28,0,3.655,1,0,35101
28,0,3.655,1,0,35101
28,0,3.655,1,0,35101
28,0,3.655,1,0,35101
28,0,3.655,1,0,35101
28,0,3.655,1,0,35101
28,0,3.655,1,0,35101
28,0,3.655,1,0,35101
28,0,3.655,1,0,35101
28,0,3.655,1,0,35101
28,0,3.655,1,0,35101
28,0,3.655,1,0,35101
28,0,3.655,1,0,35101
28,0,3.655,1,0,35101
28,0,3.655,1,0,35101
28,0,3.655,1,0,35101
28,0,3.655,1,0,35101
28,0,3.655,1,0,35101
28,0,3.655,1,0,35101
28,0,3.655,1,0,35101
28,0,3.655,1,0,35101
28,0,3.655,1,0,35101
28,0,3.655,1,0,35101
28,0,3.655,1,0,35101
28,0,3.655,1,0,35101
28,0,3.655,1,0,35101
28,0,3.655,1,0,35101
28,0,3.655,1,0,35101
28,0,3.655,1,0,35101
28,0,3.655,1,0,35101
28,0,3.655,1,0,35101
28,0,3.655,1,0,35101
28,0,3.655,1,0,35101
28,0,3.655,1,0,35101
28,0,3.655,1,0,35101
28,0,3.655,1,0,35101
28,0,3.655,1,0,35101
28,0,3.655,1,0,35101
28,0,3.655,1,0,35101
28,0,3.655,1,0,35101
28,0,3.655,1,0,35101
28,0,3.655,1,0,35101
28,0,3.655,1,0,35101
28,0,3.655,1,0,35101
28,0,3.655,1,0,35101
28,0,3.655,1,0,35101
28,0,3.655,1,0,35101
28,0,3.655,1,0,35101
28,0,3.655,1,0,35101
28,0,3.655,1,0,35101
28,0,3.655,1,0,35101
28,0,3.655,1,0,35101
28,0,3.655,1,0,35101
28,0,3.655,1,0,35101
28,0,3.655,1,0,35101
28,0,3.655,1,0,35101
28,0,3.655,1,0,35101
28,0,3.655,1,0,35101
28,0,3.655,1,0,35101
28,0,3.655,1,0,35101
28,0,3.655,1,0,35101
28,0,3.655,1,0,35101
28,0,3.655,1,0,35101
28,0,3.655,1,0,35101
28,0,3.655,1,0,35101
28,0,3.655,1,0,35101
28,0,3.655,1,0,35101
28,0,3.655,1,0,35101
28,0,3.655,1,0,35101
28,0,3.655,1,0,35101
28,0,3.655,1,0,35101
28,0,3.655,1,0,35101
28,0,3.655,1,0,35101
28,0,3.655,1,0,35101
28,0,3.655,1,0,35101
28,0,3.655,1,0,35101
28,0,3.655,1,0,35101
28,0,3.655,1,0,35101
28,0,3.655,1,0,35101
28,0,3.655,1,0,35101
28,0,3.655,1,0,35101
28,0,3.655,1,0,35101
28,0,3.655,1,0,35101
28,0,3.655,1,0,35101
28,0,3.655,1,0,35101
28,0,3.655,1,0,35101
28,0,3.655,1,0,35101
28,0,3.655,1,0,35101
28,0,3.655,1,0,35101
28,0,3.655,1,0,35101
28,0,3.655,1,0,35101
28,0,3.655,1,0,35101
28,0,3.655,1,0,35101
28,0,3.655,1,0,35101
28,0,3.655,1,0,35101
28,0,3.655,1,0,35101
28,0,3.655,1,0,35101
28,0,3.655,1,0,35101
28,0,3.655,1,0,35101
28,0,3.655,1,0,35101
28,0,3.655,1,0,35101
28,0,3.655,1,0,35101
28,0,3.655,1,0,35101
28,0,3.655,1,0,35101
28,0,3.655,1,0,35101
28,0,3.655,1,0,35101
28,0,3.655,1,0,35101
28,0,3.655,1,0,35101
28,0,3.655,1,0,35101
28,0,3.655,1,0,35101
28,0,3.655,1,0,35101
28,0,3.655,1,0,35101
28,0,3.655,1,0,35101
28,0,3.655,1,0,35101
28,0,3.655,1,0,35101
28,0,3.655,1,0,35101
28,0,3.655,1,0,35101
28,0,3.655,1,0,35101
28,0,3.655,1,0,35101
28,0,3.655,1,0,35101
28,0,3.655,1,0,35101
28,0,3.655,1,0,35101
28,0,3.655,1,0,35101
28,0,3.655,1,0,35101
28,0,3.655,1,0,35101
28,0,3.655,1,0,35101
28,0,3.655,1,0,35101
28,0,3.655,1,0,35101
28,0,3.655,1,0,35101
28,0,3.655,1,0,35101
28,0,3.655,1,0,35101
28,0,3.655,1,0,35101
28,0,3.655,1,0,35101
28,0,3.655,1,0,35101
28,0,3.655,1,0,35101
28,0,3.655,1,0,35101
28,0,3.655,1,0,35101
28,0,3.655,1,0,35101
28,0,3.655,1,0,35101
28,0,3.655,1,0,35101
28,0,3.655,1,0,35101
28,0,3.655,1,0,35101
28,0,3.655,1,0,35101
28,0,3.655,1,0,35101
28,0,3.655,1,0,35101
28,0,3.655,1,0,35101
28,0,3.655,1,0,35101
28,0,3.655,1,0,35101
28,0,3.655,1,0,35101
28,0,3.655,1,0,35101
28,0,3.655,1,0,35101
28,0,3.655,1,0,35101
28,0,3.655,1,0,35101
28,0,3.655,1,0,35101
28,0,3.655,1,0,35101
28,0,3.655,1,0,35101
28,0,3.655,1,0,35101
28,0,3.655,1,0,35101
28,0,3.655,1,0,35101
28,0,3.655,1,0,35101
28,0,3.655,1,0,35101
28,0,3.655,1,0,35101
28,0,3.655,1,0,35101
28,0,3.655,1,0,35101
28,0,3.655,1,0,35101
28,0,3.655,1,0,35101
28,0,3.655,1,0,35101
28,0,3.655,1,0,35101
28,0,3.655,1,0,35101
28,0,3.655,1,0,35101
28,0,3.655,1,0,35101
28,0,3.655,1,0,35101
28,0,3.655,1,0,35101
28,0,3.655,1,0,35101
28,0,3.655,1,0,35101
28,0,3.655,1,0,35101
28,0,3.655,1,0,35101
28,0,3.655,1,0,35101
28,0,3.655,1,0,35101
28,0,3.655,1,0,35101
28,0,3.655,1,0,35101
28,0,3.655,1,0,35101
28,0,3.655,1,0,35101
28,0,3.655,1,0,35101
28,0,3.655,1,0,35101
28,0,3.655,1,0,35101
28,0,3.655,1,0,35101
28,0,3.655,1,0,35101
28,0,3.655,1,0,35101
28,0,3.655,1,0,35101
28,0,3.655,1,0,35101
28,0,3.655,1,0,35101
28,0,3.655,1,0,35101
28,0,3.655,1,0,35101
28,0,3.655,1,0,35101
28,0,3.655,1,0,35101
28,0,3.655,1,0,35101
28,0,3.655,1,0,35101
28,0,3.655,1,0,35101
28,0,3.655,1,0,35101
28,0,3.655,1,0,35101
28,0,3.655,1,0,35101
28,0,3.655,1,0,35101
28,0,3.655,1,0,35101
28,0,3.655,1,0,35101
28,0,3.655,1,0,35101
28,0,3.655,1,0,35101
28,0,3.655,1,0,35101
28,0,3.655,1,0,35101
28,0,3.655,1,0,35101
28,0,3.655,1,0,35101
28,0,3.655,1,0,35101
28,0,3.655,1,0,35101
28,0,3.655,1,0,35101
28,0,3.655,1,0,35101
28,0,3.655,1,0,35101
28,0,3.655,1,0,35101
28,0,3.655,1,0,35101
28,0,3.655,1,0,35101
28,0,3.655,1,0,35101
28,0,3.655,1,0,35101
28,0,3.655,1,0,35101
28,0,3.655,1,0,35101
28,0,3.655,1,0,35101
28,0,3.655,1,0,35101
28,0,3.655,1,0,35101
28,0,3.655,1,0,35101
28,0,3.655,1,0,35101
28,0,3.655,1,0,35101
28,0,3.655,1,0,35101
28,0,3.655,1,0,35101
28,0,3.655,1,0,35101
28,0,3.655,1,0,35101
28,0,3.655,1,0,35101
28,0,3.655,1,0,35101
28,0,3.655,1,0,35101
28,0,3.655,1,0,35101
28,0,3.655,1,0,35101
28,0,3.655,1,0,35101
28,0,3.655,1,0,35101
28,0,3.655,1,0,35101
28,0,3.655,1,0,35101
28,0,3.655,1,0,35101
28,0,3.655,1,0,35101
28,0,3.655,1,0,35101
28,0,3.655,1,0,35101
28,0,3.655,1,0,35101
28,0,3.655,1,0,35101
28,0,3.655,1,0,35101
28,0,3.655,1,0,35101
28,0,3.655,1,0,35101
28,0,3.655,1,0,35101
28,0,3.655,1,0,35101
28,0,3.655,1,0,35101
28,0,3.655,1,0,35101
28,0,3.655,1,0,35101
28,0,3.655,1,0,35101
28,0,3.655,1,0,35101
28,0,3.655,1,0,35101
28,0,3.655,1,0,35101
28,0,3.655,1,0,35101
28,0,3.655,1,0,35101
28,0,3.655,1,0,35101
28,0,3.655,1,0,35101
28,0,3.655,1,0,35101
28,0,3.655,1,0,35101
28,0,3.655,1,0,35101
28,0,3.655,1,0,35101
28,0,3.655,1,0,35101
28,0,3.655,1,0,35101
28,0,3.655,1,0,35101
28,0,3.655,1,0,35101
28,0,3.655,1,0,35101
28,0,3.655,1,0,35101
28,0,3.655,1,0,35101
28,0,3.655,1,0,35101
28,0,3.655,1,0,35101
28,0,3.655,1,0,35101
28,0,3.655,1,0,35101
28,0,3.655,1,0,35101
28,0,3.655,1,0,35101
28,0,3.655,1,0,35101
28,0,3.655,1,0,35101
28,0,3.655,1,0,35101
28,0,3.655,1,0,35101
28,0,3.655,1,0,35101
28,0,3.655,1,0,35101
28,0,3.655,1,0,35101
28,0,3.655,1,0,35101
28,0,3.655,1,0,35101
28,0,3.655,1,0,35101
28,0,3.655,1,0,35101
28,0,3.655,1,0,35101
28,0,3.655,1,0,35101
28,0,3.655,1,0,35101
28,0,3.655,1,0,35101
28,0,3.655,1,0,35101
28,0,3.655,1,0,35101
28,0,3.655,1,0,35101
28,0,3.655,1,0,35101
28,0,3.655,1,0,35101
28,0,3.655,1,0,35101
28,0,3.655,1,0,35101
28,0,3.655,1,0,35101
28,0,3.655,1,0,35101
28,0,3.655,1,0,35101
28,0,3.655,1,0,35101
28,0,3.655,1,0,35101
28,0,3.655,1,0,35101
28,0,3.655,1,0,35101
28,0,3.655,1,0,35101
28,0,3.655,1,0,35101
28,0,3.655,1,0,35101
28,0,3.655,1,0,35101
28,0,3.655,1,0,35101
28,0,3.655,1,0,35101
28,0,3.655,1,0,35101
28,0,3.655,1,0,35101
28,0,3.655,1,0,35101
28,0,3.655,1,0,35101
28,0,3.655,1,0,35101
28,0,3.655,1,0,35101
28,0,3.655,1,0,35101
28,0,3.655,1,0,35101
28,0,3.655,1,0,35101
28,0,3.655,1,0,35101
28,0,3.655,1,0,35101
28,0,3.655,1,0,35101
28,0,3.655,1,0,35101
28,0,3.655,1,0,35101
28,0,3.655,1,0,35101
28,0,3.655,1,0,35101
28,0,3.655,1,0,35101
28,0,3.655,1,0,35101
28,0,3.655,1,0,35101
28,0,3.655,1,0,35101
28,0,3.655,1,0,35101
28,0,3.655,1,0,35101
28,0,3.655,1,0,35101
28,0,3.655,1,0,35101
28,0,3.655,1,0,35101
28,0,3.655,1,0,35101
28,0,3.655,1,0,35101
28,0,3.655,1,0,35101
28,0,3.655,1,0,35101
28,0,3.655,1,0,35101
28,0,3.655,1,0,35101
28,0,3.655,1,0,35101
28,0,3.655,1,0,35101
28,0,3.655,1,0,35101
28,0,3.655,1,0,35101
28,0,3.655,1,0,35101
28,0,3.655,1,0,35101
28,0,3.655,1,0,35101
28,0,3.655,1,0,35101
28,0,3.655,1,0,35101
28,0,3.655,1,0,35101
28,0,3.655,1,0,35101
28,0,3.655,1,0,35101
28,0,3.655,1,0,35101
28,0,3.655,1,0,35101
28,0,3.655,1,0,35101
28,0,3.655,1,0,35101
28,0,3.655,1,0,35101
28,0,3.655,1,0,35101
28,0,3.655,1,0,35101
28,0,3.655,1,0,35101
28,0,3.655,1,0,35101
28,0,3.655,1,0,35101
28,0,3.655,1,0,35101
28,0,3.655,1,0,35101
28,0,3.655,1,0,35101
28,0,3.655,1,0,35101
28,0,3.655,1,0,35101
28,0,3.655,1,0,35101
28,0,3.655,1,0,35101
28,0,3.655,1,0,35101
28,0,3.655,1,0,35101
28,0,3.655,1,0,35101
28,0,3.655,1,0,35101
28,0,3.655,1,0,35101
28,0,3.655,1,0,35101
28,0,3.655,1,0,35101
28,0,3.655,1,0,35101
28,0,3.655,1,0,35101
28,0,3.655,1,0,35101
28,0,3.655,1,0,35101
28,0,3.655,1,0,35101
28,0,3.655,1,0,35101
28,0,3.655,1,0,35101
28,0,3.655,1,0,35101
28,0,3.655,1,0,35101
28,0,3.655,1,0,35101
28,0,3.655,1,0,35101
28,0,3.655,1,0,35101
28,0,3.655,1,0,35101
28,0,3.655,1,0,35101
28,0,3.655,1,0,35101
28,0,3.655,1,0,35101
28,0,3.655,1,0,35101
28,0,3.655,1,0,35101
28,0,3.655,1,0,35101
28,0,3.655,1,0,35101
28,0,3.655,1,0,35101
28,0,3.655,1,0,35101
28,0,3.655,1,0,35101
28,0,3.655,1,0,35101
28,0,3.655,1,0,35101
28,0,3.655,1,0,35101
28,0,3.655,1,0,35101
28,0,3.655,1,0,35101
28,0,3.655,1,0,35101
28,0,3.655,1,0,35101
28,0,3.655,1,0,35101
28,0,3.655,1,0,35101
28,0,3.655,1,0,35101
28,0,3.655,1,0,35101
28,0,3.655,1,0,35101
28,0,3.655,1,0,35101
28,0,3.655,1,0,35101
28,0,3.655,1,0,35101
28,0,3.655,1,0,35101
28,0,3.655,1,0,35101
28,0,3.655,1,0,35101
28,0,3.655,1,0,35101
28,0,3.655,1,0,35101
28,0,3.655,1,0,35101
28,0,3.655,1,0,35101
28,0,3.655,1,0,35101
28,0,3.655,1,0,35101
28,0,3.655,1,0,35101
28,0,3.655,1,0,35101
28,0,3.655,1,0,35101
28,0,3.655,1,0,35101
28,0,3.655,1,0,35101
28,0,3.655,1,0,35101
28,0,3.655,1,0,35101
28,0,3.655,1,0,35101
28,0,3.655,1,0,35101
28,0,3.655,1,0,35101
28,0,3.655,1,0,35101
28,0,3.655,1,0,35101
28,0,3.655,1,0,35101
28,0,3.655,1,0,35101
28,0,3.655,1,0,35101
28,0,3.655,1,0,35101
28,0,3.655,1,0,35101
28,0,3.655,1,0,35101
28,0,3.655,1,0,35101
28,0,3.655,1,0,35101
28,0,3.655,1,0,35101
28,0,3.655,1,0,35101
28,0,3.655,1,0,35101
28,0,3.655,1,0,35101
28,0,3.655,1,0,35101
28,0,3.655,1,0,35101
28,0,3.655,1,0,35101
28,0,3.655,1,0,35101
28,0,3.655,1,0,35101
28,0,3.655,1,0,35101
28,0,3.655,1,0,35101
28,0,3.655,1,0,35101
28,0,3.655,1,0,35101
28,0,3.655,1,0,35101
28,0,3.655,1,0,35101
28,0,3.655,1,0,35101
28,0,3.655,1,0,35101
28,0,3.655,1,0,35101
28,0,3.655,1,0,35101
28,0,3.655,1,0,35101
28,0,3.655,1,0,35101
28,0,3.655,1,0,35101
28,0,3.655,1,0,35101
28,0,3.655,1,0,35101
28,0,3.655,1,0,35101
28,0,3.655,1,0,35101
28,0,3.655,1,0,35101
28,0,3.655,1,0,35101
28,0,3.655,1,0,35101
28,0,3.655,1,0,35101
28,0,3.655,1,0,35101
28,0,3.655,1,0,35101
28,0,3.655,1,0,35101
28,0,3.655,1,0,35101
28,0,3.655,1,0,35101
28,0,3.655,1,0,35101
28,0,3.655,1,0,35101
28,0,3.655,1,0,35101
28,0,3.655,1,0,35101
28,0,3.655,1,0,35101
28,0,3.655,1,0,35101
28,0,3.655,1,0,35101
28,0,3.655,1,0,35101
28,0,3.655,1,0,35101
28,0,3.655,1,0,35101
28,0,3.655,1,0,35101
28,0,3.655,1,0,35101
28,0,3.655,1,0,35101
28,0,3.655,1,0,35101
28,0,3.655,1,0,35101
28,0,3.655,1,0,35101
28,0,3.655,1,0,35101
28,0,3.655,1,0,35101
28,0,3.655,1,0,35101
28,0,3.655,1,0,35101
28,0,3.655,1,0,35101
28,0,3.655,1,0,35101
28,0,3.655,1,0,35101
28,0,3.655,1,0,35101
28,0,3.655,1,0,35101
28,0,3.655,1,0,35101
28,0,3.655,1,0,35101
28,0,3.655,1,0,35101
28,0,3.655,1,0,35101
28,0,3.655,1,0,35101
28,0,3.655,1,0,35101
28,0,3.655,1,0,35101
28,0,3.655,1,0,35101
28,0,3.655,1,0,35101
28,0,3.655,1,0,35101
28,0,3.655,1,0,35101
28,0,3.655,1,0,35101
28,0,3.655,1,0,35101
28,0,3.655,1,0,35101
28,0,3.655,1,0,35101
28,0,3.655,1,0,35101
28,0,3.655,1,0,35101
28,0,3.655,1,0,35101
28,0,3.655,1,0,35101
28,0,3.655,1,0,35101
28,0,3.655,1,0,35101
28,0,3.655,1,0,35101
28,0,3.655,1,0,35101
28,0,3.655,1,0,35101
28,0,3.655,1,0,35101
28,0,3.655,1,0,35101
28,0,3.655,1,0,35101
28,0,3.655,1,0,35101
28,0,3.655,1,0,35101
28,0,3.655,1,0,35101
28,0,3.655,1,0,35101
28,0,3.655,1,0,35101
28,0,3.655,1,0,35101
28,0,3.655,1,0,35101
28,0,3.655,1,0,35101
28,0,3.655,1,0,35101
28,0,3.655,1,0,35101
28,0,3.655,1,0,35101
28,0,3.655,1,0,35101
28,0,3.655,1,0,35101
28,0,3.655,1,0,35101
28,0,3.655,1,0,35101
28,0,3.655,1,0,35101
28,0,3.655,1,0,35101
28,0,3.655,1,0,35101
28,0,3.655,1,0,35101
28,0,3.655,1,0,35101
28,0,3.655,1,0,35101
28,0,3.655,1,0,35101
28,0,3.655,1,0,35101
28,0,3.655,1,0,35101
28,0,3.655,1,0,35101
28,0,3.655,1,0,35101
28,0,3.655,1,0,35101
28,0,3.655,1,0,35101
28,0,3.655,1,0,35101
28,0,3.655,1,0,35101
28,0,3.655,1,0,35101
28,0,3.655,1,0,35101
28,0,3.655,1,0,35101
28,0,3.655,1,0,35101
28,0,3.655,1,0,35101
28,0,3.655,1,0,35101
28,0,3.655,1,0,35101
28,0,3.655,1,0,35101
28,0,3.655,1,0,35101
28,0,3.655,1,0,35101
28,0,3.655,1,0,35101
28,0,3.655,1,0,35101
28,0,3.655,1,0,35101
28,0,3.655,1,0,35101
28,0,3.655,1,0,35101
28,0,3.655,1,0,35101
28,0,3.655,1,0,35101
28,0,3.655,1,0,35101
28,0,3.655,1,0,35101
28,0,3.655,1,0,35101
28,0,3.655,1,0,35101
28,0,3.655,1,0,35101
28,0,3.655,1,0,35101
28,0,3.655,1,0,35101
28,0,3.655,1,0,35101
28,0,3.655,1,0,35101
28,0,3.655,1,0,35101
28,0,3.655,1,0,35101
28,0,3.655,1,0,35101
28,0,3.655,1,0,35101
28,0,3.655,1,0,35101
28,0,3.655,1,0,35101
28,0,3.655,1,0,35101
28,0,3.655,1,0,35101
28,0,3.655,1,0,35101
28,0,3.655,1,0,35101
28,0,3.655,1,0,35101
28,0,3.655,1,0,35101
28,0,3.655,1,0,35101
28,0,3.655,1,0,35101
28,0,3.655,1,0,35101
28,0,3.655,1,0,35101
28,0,3.655,1,0,35101
28,0,3.655,1,0,35101
28,0,3.655,1,0,35101
28,0,3.655,1,0,35101
28,0,3.655,1,0,35101
28,0,3.655,1,0,35101
28,0,3.655,1,0,35101
28,0,3.655,1,0,35101
28,0,3.655,1,0,35101
28,0,3.655,1,0,35101
28,0,3.655,1,0,35101
28,0,3.655,1,0,35101
28,0,3.655,1,0,35101
28,0,3.655,1,0,35101
28,0,3.655,1,0,35101
28,0,3.655,1,0,35101
28,0,3.655,1,0,35101
28,0,3.655,1,0,35101
28,0,3.655,1,0,35101
28,0,3.655,1,0,35101
28,0,3.655,1,0,35101
28,0,3.655,1,0,35101
28,0,3.655,1,0,35101
28,0,3.655,1,0,35101
28,0,3.655,1,0,35101
28,0,3.655,1,0,35101
28,0,3.655,1,0,35101
28,0,3.655,1,0,35101
28,0,3.655,1,0,35101
28,0,3.655,1,0,35101
28,0,3.655,1,0,35101
28,0,3.655,1,0,35101
28,0,3.655,1,0,35101
28,0,3.655,1,0,35101
28,0,3.655,1,0,35101
28,0,3.655,1,0,35101
28,0,3.655,1,0,35101
28,0,3.655,1,0,35101
28,0,3.655,1,0,35101
28,0,3.655,1,0,35101
28,0,3.655,1,0,35101
28,0,3.655,1,0,35101
28,0,3.655,1,0,35101
28,0,3.655,1,0,35101
28,0,3.655,1,0,35101
28,0,3.655,1,0,35101
28,0,3.655,1,0,35101
28,0,3.655,1,0,35101
28,0,3.655,1,0,35101
28,0,3.655,1,0,35101
28,0,3.655,1,0,35101
28,0,3.655,1,0,35101
28,0,3.655,1,0,35101
28,0,3.655,1,0,35101
28,0,3.655,1,0,35101
28,0,3.655,1,0,35101
28,0,3.655,1,0,35101
28,0,3.655,1,0,35101
28,0,3.655,1,0,35101
28,0,3.655,1,0,35101
28,0,3.655,1,0,35101
28,0,3.655,1,0,35101
28,0,3.655,1,0,35101
28,0,3.655,1,0,35101
28,0,3.655,1,0,35101
28,0,3.655,1,0,35101
28,0,3.655,1,0,35101
28,0,3.655,1,0,35101
28,0,3.655,1,0,35101
28,0,3.655,1,0,35101
28,0,3.655,1,0,35101
28,0,3.655,1,0,35101
28,0,3.655,1,0,35101
28,0,3.655,1,0,35101
28,0,3.655,1,0,35101
28,0,3.655,1,0,35101
28,0,3.655,1,0,35101
28,0,3.655,1,0,35101
28,0,3.655,1,0,35101
28,0,3.655,1,0,35101
28,0,3.655,1,0,35101
28,0,3.655,1,0,35101
28,0,3.655,1,0,35101
28,0,3.655,1,0,35101
28,0,3.655,1,0,35101
28,0,3.655,1,0,35101
28,0,3.655,1,0,35101
28,0,3.655,1,0,35101
28,0,3.655,1,0,35101
28,0,3.655,1,0,35101
28,0,3.655,1,0,35101
28,0,3.655,1,0,35101
28,0,3.655,1,0,35101
28,0,3.655,1,0,35101
28,0,3.655,1,0,35101
28,0,3.655,1,0,35101
28,0,3.655,1,0,35101
28,0,3.655,1,0,35101
28,0,3.655,1,0,35101
28,0,3.655,1,0,35101
28,0,3.655,1,0,35101
28,0,3.655,1,0,35101
28,0,3.655,1,0,35101
28,0,3.655,1,0,35101
28,0,3.655,1,0,35101
28,0,3.655,1,0,35101
28,0,3.655,1,0,35101
28,0,3.655,1,0,35101
28,0,3.655,1,0,35101
28,0,3.655,1,0,35101
28,0,3.655,1,0,35101
28,0,3.655,1,0,35101
28,0,3.655,1,0,35101
28,0,3.655,1,0,35101
28,0,3.655,1,0,35101
28,0,3.655,1,0,35101
28,0,3.655,1,0,35101
28,0,3.655,1,0,35101
28,0,3.655,1,0,35101
28,0,3.655,1,0,35101
28,0,3.655,1,0,35101
28,0,3.655,1,0,35101
28,0,3.655,1,0,35101
28,0,3.655,1,0,35101
28,0,3.655,1,0,35101
28,0,3.655,1,0,35101
28,0,3.655,1,0,35101
28,0,3.655,1,0,35101
28,0,3.655,1,0,35101
28,0,3.655,1,0,35101
28,0,3.655,1,0,35101
28,0,3.655,1,0,35101
28,0,3.655,1,0,35101
28,0,3.655,1,0,35101
28,0,3.655,1,0,35101
28,0,3.655,1,0,35101
28,0,3.655,1,0,35101
28,0,3.655,1,0,35101
28,0,3.655,1,0,35101
28,0,3.655,1,0,35101
28,0,3.655,1,0,35101
28,0,3.655,1,0,35101
28,0,3.655,1,0,35101
28,0,3.655,1,0,35101
28,0,3.655,1,0,35101
28,0,3.655,1,0,35101
28,0,3.655,1,0,35101
28,0,3.655,1,0,35101
28,0,3.655,1,0,35101
28,0,3.655,1,0,35101
28,0,3.655,1,0,35101
28,0,3.655,1,0,35101
28,0,3.655,1,0,35101
28,0,3.655,1,0,35101
28,0,3.655,1,0,35101
28,0,3.655,1,0,35101
28,0,3.655,1,0,35101
28,0,3.655,1,0,35101
28,0,3.655,1,0,35101
28,0,3.655,1,0,35101
28,0,3.655,1,0,35101
28,0,3.655,1,0,35101
28,0,3.655,1,0,35101
28,0,3.655,1,0,35101
28,0,3.655,1,0,35101
28,0,3.655,1,0,35101
28,0,3.655,1,0,35101
28,0,3.655,1,0,35101
28,0,3.655,1,0,35101
28,0,3.655,1,0,35101
28,0,3.655,1,0,35101
28,0,3.655,1,0,35101
28,0,3.655,1,0,35101
28,0,3.655,1,0,35101
28,0,3.655,1,0,35101
28,0,3.655,1,0,35101
28,0,3.655,1,0,35101
28,0,3.655,1,0,35101
28,0,3.655,1,0,35101
28,0,3.655,1,0,35101
28,0,3.655,1,0,35101
28,0,3.655,1,0,35101
28,0,3.655,1,0,35101
28,0,3.655,1,0,35101
28,0,3.655,1,0,35101
28,0,3.655,1,0,35101
28,0,3.655,1,0,35101
28,0,3.655,1,0,35101
28,0,3.655,1,0,35101
28,0,3.655,1,0,35101
28,0,3.655,1,0,35101
28,0,3.655,1,0,35101
28,0,3.655,1,0,35101
28,0,3.655,1,0,35101
28,0,3.655,1,0,35101
28,0,3.655,1,0,35101
28,0,3.655,1,0,35101
28,0,3.655,1,0,35101
28,0,3.655,1,0,35101
28,0,3.655,1,0,35101
28,0,3.655,1,0,35101
28,0,3.655,1,0,35101
28,0,3.655,1,0,35101
28,0,3.655,1,0,35101
28,0,3.655,1,0,35101
28,0,3.655,1,0,35101
28,0,3.655,1,0,35101
28,0,3.655,1,0,35101
28,0,3.655,1,0,35101
28,0,3.655,1,0,35101
28,0,3.655,1,0,35101
28,0,3.655,1,0,35101
28,0,3.655,1,0,35101
28,0,3.655,1,0,35101
28,0,3.655,1,0,35101
28,0,3.655,1,0,35101
28,0,3.655,1,0,35101
28,0,3.655,1,0,35101
28,0,3.655,1,0,35101
28,0,3.655,1,0,35101
28,0,3.655,1,0,35101
28,0,3.655,1,0,35101
28,0,3.655,1,0,35101
28,0,3.655,1,0,35101
28,0,3.655,1,0,35101
28,0,3.655,1,0,35101
28,0,3.655,1,0,35101
28,0,3.655,1,0,35101
28,0,3.655,1,0,35101
28,0,3.655,1,0,35101
28,0,3.655,1,0,35101
28,0,3.655,1,0,35101
28,0,3.655,1,0,35101
28,0,3.655,1,0,35101
28,0,3.655,1,0,35101
28,0,3.655,1,0,35101
28,0,3.655,1,0,35101
28,0,3.655,1,0,35101
28,0,3.655,1,0,35101
28,0,3.655,1,0,35101
28,0,3.655,1,0,35101
28,0,3.655,1,0,35101
28,0,3.655,1,0,35101
28,0,3.655,1,0,35101
28,0,3.655,1,0,35101
28,0,3.655,1,0,35101
28,0,3.655,1,0,35101
28,0,3.655,1,0,35101
28,0,3.655,1,0,35101
28,0,3.655,1,0,35101
28,0,3.655,1,0,35101
28,0,3.655,1,0,35101
28,0,3.655,1,0,35101
28,0,3.655,1,0,35101
28,0,3.655,1,0,35101
28,0,3.655,1,0,35101
28,0,3.655,1,0,35101
28,0,3.655,1,0,35101
28,0,3.655,1,0,35101
28,0,3.655,1,0,35101
28,0,3.655,1,0,35101
28,0,3.655,1,0,35101
28,0,3.655,1,0,35101
28,0,3.655,1,0,35101
28,0,3.655,1,0,35101
28,0,3.655,1,0,35101
28,0,3.655,1,0,35101
28,0,3.655,1,0,35101
28,0,3.655,1,0,35101
28,0,3.655,1,0,35101
28,0,3.655,1,0,35101
28,0,3.655,1,0,35101
28,0,3.655,1,0,35101
28,0,3.655,1,0,35101
28,0,3.655,1,0,35101
28,0,3.655,1,0,35101
28,0,3.655,1,0,35101
28,0,3.655,1,0,35101
28,0,3.655,1,0,35101
28,0,3.655,1,0,35101
28,0,3.655,1,0,35101
28,0,3.655,1,0,35101
28,0,3.655,1,0,35101
28,0,3.655,1,0,35101
28,0,3.655,1,0,35101
28,0,3.655,1,0,35101
28,0,3.655,1,0,35101
28,0,3.655,1,0,35101
28,0,3.655,1,0,35101
28,0,3.655,1,0,35101
28,0,3.655,1,0,35101
28,0,3.655,1,0,35101
28,0,3.655,1,0,35101
28,0,3.655,1,0,35101
28,0,3.655,1,0,35101
28,0,3.655,1,0,35101
28,0,3.655,1,0,35101
28,0,3.655,1,0,35101
28,0,3.655,1,0,35101
28,0,3.655,1,0,35101
28,0,3.655,1,0,35101
28,0,3.655,1,0,35101
28,0,3.655,1,0,35101
28,0,3.655,1,0,35101
28,0,3.655,1,0,35101
28,0,3.655,1,0,35101
28,0,3.655,1,0,35101
28,0,3.655,1,0,35101
28,0,3.655,1,0,35101
28,0,3.655,1,0,35101
28,0,3.655,1,0,35101
28,0,3.655,1,0,35101
28,0,3.655,1,0,35101
28,0,3.655,1,0,35101
28,0,3.655,1,0,35101
28,0,3.655,1,0,35101
28,0,3.655,1,0,35101
28,0,3.655,1,0,35101
28,0,3.655,1,0,35101
28,0,3.655,1,0,35101
28,0,3.655,1,0,35101
28,0,3.655,1,0,35101
28,0,3.655,1,0,35101
28,0,3.655,1,0,35101
28,0,3.655,1,0,35101
28,0,3.655,1,0,35101
28,0,3.655,1,0,35101
28,0,3.655,1,0,35101
28,0,3.655,1,0,35101
28,0,3.655,1,0,35101
28,0,3.655,1,0,35101
28,0,3.655,1,0,35101
28,0,3.655,1,0,35101
28,0,3.655,1,0,35101
28,0,3.655,1,0,35101
28,0,3.655,1,0,35101
28,0,3.655,1,0,35101
28,0,3.655,1,0,35101
28,0,3.655,1,0,35101
28,0,3.655,1,0,35101
28,0,3.655,1,0,35101
28,0,3.655,1,0,35101
28,0,3.655,1,0,35101
28,0,3.655,1,0,35101
28,0,3.655,1,0,35101
28,0,3.655,1,0,35101
28,0,3.655,1,0,35101
28,0,3.655,1,0,35101
28,0,3.655,1,0,35101
28,0,3.655,1,0,35101
28,0,3.655,1,0,35101
28,0,3.655,1,0,35101
28,0,3.655,1,0,35101
28,0,3.655,1,0,35101
28,0,3.655,1,0,35101
28,0,3.655,1,0,35101
28,0,3.655,1,0,35101
28,0,3.655,1,0,35101
28,0,3.655,1,0,35101
28,0,3.655,1,0,35101
28,0,3.655,1,0,35101
28,0,3.655,1,0,35101
28,0,3.655,1,0,35101
28,0,3.655,1,0,35101
28,0,3.655,1,0,35101
28,0,3.655,1,0,35101
28,0,3.655,1,0,35101
28,0,3.655,1,0,35101
28,0,3.655,1,0,35101
28,0,3.655,1,0,35101
28,0,3.655,1,0,35101
28,0,3.655,1,0,35101
28,0,3.655,1,0,35101
28,0,3.655,1,0,35101
28,0,3.655,1,0,35101
28,0,3.655,1,0,35101
28,0,3.655,1,0,35101
28,0,3.655,1,0,35101
28,0,3.655,1,0,35101
28,0,3.655,1,0,35101
28,0,3.655,1,0,35101
28,0,3.655,1,0,35101
28,0,3.655,1,0,35101
28,0,3.655,1,0,35101
28,0,3.655,1,0,35101
28,0,3.655,1,0,35101
28,0,3.655,1,0,35101
28,0,3.655,1,0,35101
28,0,3.655,1,0,35101
28,0,3.655,1,0,35101
28,0,3.655,1,0,35101
28,0,3.655,1,0,35101
28,0,3.655,1,0,35101
28,0,3.655,1,0,35101
28,0,3.655,1,0,35101
28,0,3.655,1,0,35101
28,0,3.655,1,0,35101
28,0,3.655,1,0,35101
28,0,3.655,1,0,35101
28,0,3.655,1,0,35101
28,0,3.655,1,0,35101
28,0,3.655,1,0,35101
28,0,3.655,1,0,35101
28,0,3.655,1,0,35101
28,0,3.655,1,0,35101
28,0,3.655,1,0,35101
28,0,3.655,1,0,35101
28,0,3.655,1,0,35101
28,0,3.655,1,0,35101
28,0,3.655,1,0,35101
28,0,3.655,1,0,35101
28,0,3.655,1,0,35101
28,0,3.655,1,0,35101
28,0,3.655,1,0,35101
28,0,3.655,1,0,35101
28,0,3.655,1,0,35101
28,0,3.655,1,0,35101
28,0,3.655,1,0,35101
28,0,3.655,1,0,35101
28,0,3.655,1,0,35101
28,0,3.655,1,0,35101
28,0,3.655,1,0,35101
28,0,3.655,1,0,35101
28,0,3.655,1,0,35101
28,0,3.655,1,0,35101
28,0,3.655,1,0,35101
28,0,3.655,1,0,35101
28,0,3.655,1,0,35101
28,0,3.655,1,0,35101
28,0,3.655,1,0,35101
28,0,3.655,1,0,35101
28,0,3.655,1,0,35101
28,0,3.655,1,0,35101
28,0,3.655,1,0,35101
28,0,3.655,1,0,35101
28,0,3.655,1,0,35101
28,0,3.655,1,0,35101
28,0,3.655,1,0,35101
28,0,3.655,1,0,35101
28,0,3.655,1,0,35101
28,0,3.655,1,0,35101
28,0,3.655,1,0,35101
28,0,3.655,1,0,35101
28,0,3.655,1,0,35101
28,0,3.655,1,0,35101
28,0,3.655,1,0,35101
28,0,3.655,1,0,35101
28,0,3.655,1,0,35101
28,0,3.655,1,0,35101
28,0,3.655,1,0,35101
28,0,3.655,1,0,35101
28,0,3.655,1,0,35101
28,0,3.655,1,0,35101
28,0,3.655,1,0,35101
28,0,3.655,1,0,35101
28,0,3.655,1,0,35101
28,0,3.655,1,0,35101
28,0,3.655,1,0,35101
28,0,3.655,1,0,35101
28,0,3.655,1,0,35101
28,0,3.655,1,0,35101
28,0,3.655,1,0,35101
28,0,3.655,1,0,35101
28,0,3.655,1,0,35101
28,0,3.655,1,0,35101
28,0,3.655,1,0,35101
28,0,3.655,1,0,35101
28,0,3.655,1,0,35101
28,0,3.655,1,0,35101
28,0,3.655,1,0,35101
28,0,3.655,1,0,35101
28,0,3.655,1,0,35101
28,0,3.655,1,0,35101
28,0,3.655,1,0,35101
28,0,3.655,1,0,35101
28,0,3.655,1,0,35101
28,0,3.655,1,0,35101
28,0,3.655,1,0,35101
28,0,3.655,1,0,35101
28,0,3.655,1,0,35101
28,0,3.655,1,0,35101
28,0,3.655,1,0,35101
28,0,3.655,1,0,35101
28,0,3.655,1,0,35101
28,0,3.655,1,0,35101
28,0,3.655,1,0,35101
28,0,3.655,1,0,35101
28,0,3.655,1,0,35101
28,0,3.655,1,0,35101
28,0,3.655,1,0,35101
28,0,3.655,1,0,35101
28,0,3.655,1,0,35101
28,0,3.655,1,0,35101
28,0,3.655,1,0,35101
28,0,3.655,1,0,35101
28,0,3.655,1,0,35101
28,0,3.655,1,0,35101
28,0,3.655,1,0,35101
28,0,3.655,1,0,35101
28,0,3.655,1,0,35101
28,0,3.655,1,0,35101
28,0,3.655,1,0,35101
28,0,3.655,1,0,35101
28,0,3.655,1,0,35101
28,0,3.655,1,0,35101
28,0,3.655,1,0,35101
28,0,3.655,1,0,35101
28,0,3.655,1,0,35101
28,0,3.655,1,0,35101
28,0,3.655,1,0,35101
28,0,3.655,1,0,35101
28,0,3.655,1,0,35101
28,0,3.655,1,0,35101
28,0,3.655,1,0,35101
28,0,3.655,1,0,35101
28,0,3.655,1,0,35101
28,0,3.655,1,0,35101
28,0,3.655,1,0,35101
28,0,3.655,1,0,35101
28,0,3.655,1,0,35101
28,0,3.655,1,0,35101
28,0,3.655,1,0,35101
28,0,3.655,1,0,35101
28,0,3.655,1,0,35101
28,0,3.655,1,0,35101
28,0,3.655,1,0,35101
28,0,3.655,1,0,35101
28,0,3.655,1,0,35101
28,0,3.655,1,0,35101
28,0,3.655,1,0,35101
28,0,3.655,1,0,35101
28,0,3.655,1,0,35101
28,0,3.655,1,0,35101
28,0,3.655,1,0,35101
28,0,3.655,1,0,35101
28,0,3.655,1,0,35101
28,0,3.655,1,0,35101
28,0,3.655,1,0,35101
28,0,3.655,1,0,35101
28,0,3.655,1,0,35101
28,0,3.655,1,0,35101
28,0,3.655,1,0,35101
28,0,3.655,1,0,35101
28,0,3.655,1,0,35101
28,0,3.655,1,0,35101
28,0,3.655,1,0,35101
28,0,3.655,1,0,35101
28,0,3.655,1,0,35101
28,0,3.655,1,0,35101
28,0,3.655,1,0,35101
28,0,3.655,1,0,35101
28,0,3.655,1,0,35101
28,0,3.655,1,0,35101
28,0,3.655,1,0,35101
28,0,3.655,1,0,35101
28,0,3.655,1,0,35101
28,0,3.655,1,0,35101
28,0,3.655,1,0,35101
28,0,3.655,1,0,35101
28,0,3.655,1,0,35101
28,0,3.655,1,0,35101
28,0,3.655,1,0,35101
28,0,3.655,1,0,35101
28,0,3.655,1,0,35101
28,0,3.655,1,0,35101
28,0,3.655,1,0,35101
28,0,3.655,1,0,35101
28,0,3.655,1,0,35101
28,0,3.655,1,0,35101
28,0,3.655,1,0,35101
28,0,3.655,1,0,35101
28,0,3.655,1,0,35101
28,0,3.655,1,0,35101
28,0,3.655,1,0,35101
28,0,3.655,1,0,35101
28,0,3.655,1,0,35101
28,0,3.655,1,0,35101
28,0,3.655,1,0,35101
28,0,3.655,1,0,35101
28,0,3.655,1,0,35101
28,0,3.655,1,0,35101
28,0,3.655,1,0,35101
28,0,3.655,1,0,35101
28,0,3.655,1,0,35101
28,0,3.655,1,0,35101
28,0,3.655,1,0,35101
28,0,3.655,1,0,35101
28,0,3.655,1,0,35101
28,0,3.655,1,0,35101
28,0,3.655,1,0,35101
28,0,3.655,1,0,35101
28,0,3.655,1,0,35101
28,0,3.655,1,0,35101
28,0,3.655,1,0,35101
28,0,3.655,1,0,35101
28,0,3.655,1,0,35101
28,0,3.655,1,0,35101
28,0,3.655,1,0,35101
28,0,3.655,1,0,35101
28,0,3.655,1,0,35101
28,0,3.655,1,0,35101
28,0,3.655,1,0,35101
28,0,3.655,1,0,35101
28,0,3.655,1,0,35101
28,0,3.655,1,0,35101
28,0,3.655,1,0,35101
28,0,3.655,1,0,35101
28,0,3.655,1,0,35101
28,0,3.655,1,0,35101
28,0,3.655,1,0,35101
28,0,3.655,1,0,35101
28,0,3.655,1,0,35101
28,0,3.655,1,0,35101
28,0,3.655,1,0,35101
28,0,3.655,1,0,35101
28,0,3.655,1,0,35101
28,0,3.655,1,0,35101
28,0,3.655,1,0,35101
28,0,3.655,1,0,35101
28,0,3.655,1,0,35101
28,0,3.655,1,0,35101
28,0,3.655,1,0,35101
28,0,3.655,1,0,35101
28,0,3.655,1,0,35101
28,0,3.655,1,0,35101
28,0,3.655,1,0,35101
28,0,3.655,1,0,35101
28,0,3.655,1,0,35101
28,0,3.655,1,0,35101
28,0,3.655,1,0,35101
28,0,3.655,1,0,35101
28,0,3.655,1,0,35101
28,0,3.655,1,0,35101
28,0,3.655,1,0,35101
28,0,3.655,1,0,35101
28,0,3.655,1,0,35101
28,0,3.655,1,0,35101
28,0,3.655,1,0,35101
28,0,3.655,1,0,35101
28,0,3.655,1,0,35101
28,0,3.655,1,0,35101
28,0,3.655,1,0,35101
28,0,3.655,1,0,35101
28,0,3.655,1,0,35101
28,0,3.655,1,0,35101
28,0,3.655,1,0,35101
28,0,3.655,1,0,35101
28,0,3.655,1,0,35101
28,0,3.655,1,0,35101
28,0,3.655,1,0,35101
28,0,3.655,1,0,35101
28,0,3.655,1,0,35101
28,0,3.655,1,0,35101
28,0,3.655,1,0,35101
28,0,3.655,1,0,35101
28,0,3.655,1,0,35101
28,0,3.655,1,0,35101
28,0,3.655,1,0,35101
28,0,3.655,1,0,35101
28,0,3.655,1,0,35101
28,0,3.655,1,0,35101
28,0,3.655,1,0,35101
28,0,3.655,1,0,35101
28,0,3.655,1,0,35101
28,0,3.655,1,0,35101
28,0,3.655,1,0,35101
28,0,3.655,1,0,35101
28,0,3.655,1,0,35101
28,0,3.655,1,0,35101
28,0,3.655,1,0,35101
28,0,3.655,1,0,35101
28,0,3.655,1,0,35101
28,0,3.655,1,0,35101
28,0,3.655,1,0,35101
28,0,3.655,1,0,35101
28,0,3.655,1,0,35101
28,0,3.655,1,0,35101
28,0,3.655,1,0,35101
28,0,3.655,1,0,35101
28,0,3.655,1,0,35101
28,0,3.655,1,0,35101
28,0,3.655,1,0,35101
28,0,3.655,1,0,35101
28,0,3.655,1,0,35101
28,0,3.655,1,0,35101
28,0,3.655,1,0,35101
28,0,3.655,1,0,35101
28,0,3.655,1,0,35101
28,0,3.655,1,0,35101
28,0,3.655,1,0,35101
28,0,3.655,1,0,35101
28,0,3.655,1,0,35101
28,0,3.655,1,0,35101
28,0,3.655,1,0,35101
28,0,3.655,1,0,35101
28,0,3.655,1,0,35101
28,0,3.655,1,0,35101
28,0,3.655,1,0,35101
28,0,3.655,1,0,35101
28,0,3.655,1,0,35101
28,0,3.655,1,0,35101
28,0,3.655,1,0,35101
28,0,3.655,1,0,35101
28,0,3.655,1,0,35101
28,0,3.655,1,0,35101
28,0,3.655,1,0,35101
28,0,3.655,1,0,35101
28,0,3.655,1,0,35101
28,0,3.655,1,0,35101
28,0,3.655,1,0,35101
28,0,3.655,1,0,35101
28,0,3.655,1,0,35101
28,0,3.655,1,0,35101
28,0,3.655,1,0,35101
28,0,3.655,1,0,35101
28,0,3.655,1,0,35101
28,0,3.655,1,0,35101
28,0,3.655,1,0,35101
28,0,3.655,1,0,35101
28,0,3.655,1,0,35101
28,0,3.655,1,0,35101
28,0,3.655,1,0,35101
28,0,3.655,1,0,35101
28,0,3.655,1,0,35101
28,0,3.655,1,0,35101
28,0,3.655,1,0,35101
28,0,3.655,1,0,35101
28,0,3.655,1,0,35101
28,0,3.655,1,0,35101
28,0,3.655,1,0,35101
28,0,3.655,1,0,35101
28,0,3.655,1,0,35101
28,0,3.655,1,0,35101
28,0,3.655,1,0,35101
28,0,3.655,1,0,35101
28,0,3.655,1,0,35101
28,0,3.655,1,0,35101
28,0,3.655,1,0,35101
28,0,3.655,1,0,35101
28,0,3.655,1,0,35101
28,0,3.655,1,0,35101
28,0,3.655,1,0,35101
28,0,3.655,1,0,35101
28,0,3.655,1,0,35101
28,0,3.655,1,0,35101
28,0,3.655,1,0,35101
28,0,3.655,1,0,35101
28,0,3.655,1,0,35101
28,0,3.655,1,0,35101
28,0,3.655,1,0,35101
28,0,3.655,1,0,35101
28,0,3.655,1,0,35101
28,0,3.655,1,0,35101
28,0,3.655,1,0,35101
28,0,3.655,1,0,35101
28,0,3.655,1,0,35101
28,0,3.655,1,0,35101
28,0,3.655,1,0,35101
28,0,3.655,1,0,35101
28,0,3.655,1,0,35101
28,0,3.655,1,0,35101
28,0,3.655,1,0,35101
28,0,3.655,1,0,35101
28,0,3.655,1,0,35101
28,0,3.655,1,0,35101
28,0,3.655,1,0,35101
28,0,3.655,1,0,35101
28,0,3.655,1,0,35101
28,0,3.655,1,0,35101
28,0,3.655,1,0,35101
28,0,3.655,1,0,35101
28,0,3.655,1,0,35101
28,0,3.655,1,0,35101
28,0,3.655,1,0,35101
28,0,3.655,1,0,35101
28,0,3.655,1,0,35101
28,0,3.655,1,0,35101
28,0,3.655,1,0,35101
28,0,3.655,1,0,35101
28,0,3.655,1,0,35101
28,0,3.655,1,0,35101
28,0,3.655,1,0,35101
28,0,3.655,1,0,35101
28,0,3.655,1,0,35101
28,0,3.655,1,0,35101
28,0,3.655,1,0,35101
28,0,3.655,1,0,35101
28,0,3.655,1,0,35101
28,0,3.655,1,0,35101
28,0,3.655,1,0,35101
28,0,3.655,1,0,35101
28,0,3.655,1,0,35101
28,0,3.655,1,0,35101
28,0,3.655,1,0,35101
28,0,3.655,1,0,35101
28,0,3.655,1,0,35101
28,0,3.655,1,0,35101
28,0,3.655,1,0,35101
28,0,3.655,1,0,35101
28,0,3.655,1,0,35101
28,0,3.655,1,0,35101
28,0,3.655,1,0,35101
28,0,3.655,1,0,35101
28,0,3.655,1,0,35101
28,0,3.655,1,0,35101
28,0,3.655,1,0,35101
28,0,3.655,1,0,35101
28,0,3.655,1,0,35101
28,0,3.655,1,0,35101
28,0,3.655,1,0,35101
28,0,3.655,1,0,35101
28,0,3.655,1,0,35101
28,0,3.655,1,0,35101
28,0,3.655,1,0,35101
28,0,3.655,1,0,35101
28,0,3.655,1,0,35101
28,0,3.655,1,0,35101
28,0,3.655,1,0,35101
28,0,3.655,1,0,35101
28,0,3.655,1,0,35101
28,0,3.655,1,0,35101
28,0,3.655,1,0,35101
28,0,3.655,1,0,35101
28,0,3.655,1,0,35101
28,0,3.655,1,0,35101
28,0,3.655,1,0,35101
28,0,3.655,1,0,35101
28,0,3.655,1,0,35101
28,0,3.655,1,0,35101
28,0,3.655,1,0,35101
28,0,3.655,1,0,35101
28,0,3.655,1,0,35101
28,0,3.655,1,0,35101
28,0,3.655,1,0,35101
28,0,3.655,1,0,35101
28,0,3.655,1,0,35101
28,0,3.655,1,0,35101
28,0,3.655,1,0,35101
28,0,3.655,1,0,35101
28,0,3.655,1,0,35101
28,0,3.655,1,0,35101
28,0,3.655,1,0,35101
28,0,3.655,1,0,35101
28,0,3.655,1,0,35101
28,0,3.655,1,0,35101
28,0,3.655,1,0,35101
28,0,3.655,1,0,35101
28,0,3.655,1,0,35101
28,0,3.655,1,0,35101
28,0,3.655,1,0,35101
28,0,3.655,1,0,35101
28,0,3.655,1,0,35101
28,0,3.655,1,0,35101
28,0,3.655,1,0,35101
28,0,3.655,1,0,35101
28,0,3.655,1,0,35101
28,0,3.655,1,0,35101
28,0,3.655,1,0,35101
28,0,3.655,1,0,35101
28,0,3.655,1,0,35101
28,0,3.655,1,0,35101
28,0,3.655,1,0,35101
28,0,3.655,1,0,35101
28,0,3.655,1,0,35101
28,0,3.655,1,0,35101
28,0,3.655,1,0,35101
28,0,3.655,1,0,35101
28,0,3.655,1,0,35101
28,0,3.655,1,0,35101
28,0,3.655,1,0,35101
28,0,3.655,1,0,35101
28,0,3.655,1,0,35101
28,0,3.655,1,0,35101
28,0,3.655,1,0,35101
28,0,3.655,1,0,35101
28,0,3.655,1,0,35101
28,0,3.655,1,0,35101
28,0,3.655,1,0,35101
28,0,3.655,1,0,35101
28,0,3.655,1,0,35101
28,0,3.655,1,0,35101
28,0,3.655,1,0,35101
28,0,3.655,1,0,35101
28,0,3.655,1,0,35101
28,0,3.655,1,0,35101
28,0,3.655,1,0,35101
28,0,3.655,1,0,35101
28,0,3.655,1,0,35101
28,0,3.655,1,0,35101
28,0,3.655,1,0,35101
28,0,3.655,1,0,35101
28,0,3.655,1,0,35101
28,0,3.655,1,0,35101
28,0,3.655,1,0,35101
28,0,3.655,1,0,35101
28,0,3.655,1,0,35101
28,0,3.655,1,0,35101
28,0,3.655,1,0,35101
28,0,3.655,1,0,35101
28,0,3.655,1,0,35101
28,0,3.655,1,0,35101
28,0,3.655,1,0,35101
28,0,3.655,1,0,35101
28,0,3.655,1,0,35101
28,0,3.655,1,0,35101
28,0,3.655,1,0,35101
28,0,3.655,1,0,35101
28,0,3.655,1,0,35101
28,0,3.655,1,0,35101
28,0,3.655,1,0,35101
28,0,3.655,1,0,35101
28,0,3.655,1,0,35101
28,0,3.655,1,0,35101
28,0,3.655,1,0,35101
28,0,3.655,1,0,35101
28,0,3.655,1,0,35101
28,0,3.655,1,0,35101
28,0,3.655,1,0,35101
28,0,3.655,1,0,35101
28,0,3.655,1,0,35101
28,0,3.655,1,0,35101
28,0,3.655,1,0,35101
28,0,3.655,1,0,35101
28,0,3.655,1,0,35101
28,0,3.655,1,0,35101
28,0,3.655,1,0,35101
28,0,3.655,1,0,35101
28,0,3.655,1,0,35101
28,0,3.655,1,0,35101
28,0,3.655,1,0,35101
28,0,3.655,1,0,35101
28,0,3.655,1,0,35101
28,0,3.655,1,0,35101
28,0,3.655,1,0,35101
28,0,3.655,1,0,35101
28,0,3.655,1,0,35101
28,0,3.655,1,0,35101
28,0,3.655,1,0,35101
28,0,3.655,1,0,35101
28,0,3.655,1,0,35101
28,0,3.655,1,0,35101
28,0,3.655,1,0,35101
28,0,3.655,1,0,35101
28,0,3.655,1,0,35101
28,0,3.655,1,0,35101
28,0,3.655,1,0,35101
28,0,3.655,1,0,35101
28,0,3.655,1,0,35101
28,0,3.655,1,0,35101
28,0,3.655,1,0,35101
28,0,3.655,1,0,35101
28,0,3.655,1,0,35101
28,0,3.655,1,0,35101
28,0,3.655,1,0,35101
28,0,3.655,1,0,35101
28,0,3.655,1,0,35101
28,0,3.655,1,0,35101
28,0,3.655,1,0,35101
28,0,3.655,1,0,35101
28,0,3.655,1,0,35101
28,0,3.655,1,0,35101
28,0,3.655,1,0,35101
28,0,3.655,1,0,35101
28,0,3.655,1,0,35101
28,0,3.655,1,0,35101
28,0,3.655,1,0,35101
28,0,3.655,1,0,35101
28,0,3.655,1,0,35101
28,0,3.655,1,0,35101
28,0,3.655,1,0,35101
28,0,3.655,1,0,35101
28,0,3.655,1,0,35101
28,0,3.655,1,0,35101
28,0,3.655,1,0,35101
28,0,3.655,1,0,35101
28,0,3.655,1,0,35101
28,0,3.655,1,0,35101
28,0,3.655,1,0,35101
28,0,3.655,1,0,35101
28,0,3.655,1,0,35101
28,0,3.655,1,0,35101
28,0,3.655,1,0,35101
28,0,3.655,1,0,35101
28,0,3.655,1,0,35101
28,0,3.655,1,0,35101
28,0,3.655,1,0,35101
28,0,3.655,1,0,35101
28,0,3.655,1,0,35101
28,0,3.655,1,0,35101
28,0,3.655,1,0,35101
28,0,3.655,1,0,35101
28,0,3.655,1,0,35101
28,0,3.655,1,0,35101
28,0,3.655,1,0,35101
28,0,3.655,1,0,35101
28,0,3.655,1,0,35101
28,0,3.655,1,0,35101
28,0,3.655,1,0,35101
28,0,3.655,1,0,35101
28,0,3.655,1,0,35101
28,0,3.655,1,0,35101
28,0,3.655,1,0,35101
28,0,3.655,1,0,35101
28,0,3.655,1,0,35101
28,0,3.655,1,0,35101
28,0,3.655,1,0,35101
28,0,3.655,1,0,35101
28,0,3.655,1,0,35101
28,0,3.655,1,0,35101
28,0,3.655,1,0,35101
28,0,3.655,1,0,35101
28,0,3.655,1,0,35101
28,0,3.655,1,0,35101
28,0,3.655,1,0,35101
28,0,3.655,1,0,35101
28,0,3.655,1,0,35101
28,0,3.655,1,0,35101
28,0,3.655,1,0,35101
28,0,3.655,1,0,35101
28,0,3.655,1,0,35101
28,0,3.655,1,0,35101
28,0,3.655,1,0,35101
28,0,3.655,1,0,35101
28,0,3.655,1,0,35101
28,0,3.655,1,0,35101
28,0,3.655,1,0,35101
28,0,3.655,1,0,35101
28,0,3.655,1,0,35101
28,0,3.655,1,0,35101
28,0,3.655,1,0,35101
28,0,3.655,1,0,35101
28,0,3.655,1,0,35101
28,0,3.655,1,0,35101
28,0,3.655,1,0,35101
28,0,3.655,1,0,35101
28,0,3.655,1,0,35101
28,0,3.655,1,0,35101
28,0,3.655,1,0,35101
28,0,3.655,1,0,35101
28,0,3.655,1,0,35101
28,0,3.655,1,0,35101
28,0,3.655,1,0,35101
28,0,3.655,1,0,35101
28,0,3.655,1,0,35101
28,0,3.655,1,0,35101
28,0,3.655,1,0,35101
28,0,3.655,1,0,35101
28,0,3.655,1,0,35101
28,0,3.655,1,0,35101
28,0,3.655,1,0,35101
28,0,3.655,1,0,35101
28,0,3.655,1,0,35101
28,0,3.655,1,0,35101
28,0,3.655,1,0,35101
28,0,3.655,1,0,35101
28,0,3.655,1,0,35101
28,0,3.655,1,0,35101
28,0,3.655,1,0,35101
28,0,3.655,1,0,35101
28,0,3.655,1,0,35101
28,0,3.655,1,0,35101
28,0,3.655,1,0,35101
28,0,3.655,1,0,35101
28,0,3.655,1,0,35101
28,0,3.655,1,0,35101
28,0,3.655,1,0,35101
28,0,3.655,1,0,35101
28,0,3.655,1,0,35101
28,0,3.655,1,0,35101
28,0,3.655,1,0,35101
28,0,3.655,1,0,35101
28,0,3.655,1,0,35101
28,0,3.655,1,0,35101
28,0,3.655,1,0,35101
28,0,3.655,1,0,35101
28,0,3.655,1,0,35101
28,0,3.655,1,0,35101
28,0,3.655,1,0,35101
28,0,3.655,1,0,35101
28,0,3.655,1,0,35101
28,0,3.655,1,0,35101
28,0,3.655,1,0,35101
28,0,3.655,1,0,35101
28,0,3.655,1,0,35101
28,0,3.655,1,0,35101
28,0,3.655,1,0,35101
28,0,3.655,1,0,35101
28,0,3.655,1,0,35101
28,0,3.655,1,0,35101
28,0,3.655,1,0,35101
28,0,3.655,1,0,35101
28,0,3.655,1,0,35101
28,0,3.655,1,0,35101
28,0,3.655,1,0,35101
28,0,3.655,1,0,35101
28,0,3.655,1,0,35101
28,0,3.655,1,0,35101
28,0,3.655,1,0,35101
28,0,3.655,1,0,35101
28,0,3.655,1,0,35101
28,0,3.655,1,0,35101
28,0,3.655,1,0,35101
28,0,3.655,1,0,35101
28,0,3.655,1,0,35101
28,0,3.655,1,0,35101
28,0,3.655,1,0,35101
28,0,3.655,1,0,35101
28,0,3.655,1,0,35101
28,0,3.655,1,0,35101
28,0,3.655,1,0,35101
28,0,3.655,1,0,35101
28,0,3.655,1,0,35101
28,0,3.655,1,0,35101
28,0,3.655,1,0,35101
28,0,3.655,1,0,35101
28,0,3.655,1,0,35101
28,0,3.655,1,0,35101
28,0,3.655,1,0,35101
28,0,3.655,1,0,35101
28,0,3.655,1,0,35101
28,0,3.655,1,0,35101
28,0,3.655,1,0,35101
28,0,3.655,1,0,35101
28,0,3.655,1,0,35101
28,0,3.655,1,0,35101
28,0,3.655,1,0,35101
28,0,3.655,1,0,35101
28,0,3.655,1,0,35101
28,0,3.655,1,0,35101
28,0,3.655,1,0,35101
28,0,3.655,1,0,35101
28,0,3.655,1,0,35101
28,0,3.655,1,0,35101
28,0,3.655,1,0,35101
28,0,3.655,1,0,35101
28,0,3.655,1,0,35101
28,0,3.655,1,0,35101
28,0,3.655,1,0,35101
28,0,3.655,1,0,35101
28,0,3.655,1,0,35101
28,0,3.655,1,0,35101
28,0,3.655,1,0,35101
28,0,3.655,1,0,35101
28,0,3.655,1,0,35101
28,0,3.655,1,0,35101
28,0,3.655,1,0,35101
28,0,3.655,1,0,35101
28,0,3.655,1,0,35101
28,0,3.655,1,0,35101
28,0,3.655,1,0,35101
28,0,3.655,1,0,35101
28,0,3.655,1,0,35101
28,0,3.655,1,0,35101
28,0,3.655,1,0,35101
28,0,3.655,1,0,35101
28,0,3.655,1,0,35101
28,0,3.655,1,0,35101
28,0,3.655,1,0,35101
28,0,3.655,1,0,35101
28,0,3.655,1,0,35101
28,0,3.655,1,0,35101
28,0,3.655,1,0,35101
28,0,3.655,1,0,35101
28,0,3.655,1,0,35101
28,0,3.655,1,0,35101
28,0,3.655,1,0,35101
28,0,3.655,1,0,35101
28,0,3.655,1,0,35101
28,0,3.655,1,0,35101
28,0,3.655,1,0,35101
28,0,3.655,1,0,35101
28,0,3.655,1,0,35101
28,0,3.655,1,0,35101
28,0,3.655,1,0,35101
28,0,3.655,1,0,35101
28,0,3.655,1,0,35101
28,0,3.655,1,0,35101
28,0,3.655,1,0,35101
28,0,3.655,1,0,35101
28,0,3.655,1,0,35101
28,0,3.655,1,0,35101
28,0,3.655,1,0,35101
28,0,3.655,1,0,35101
28,0,3.655,1,0,35101
28,0,3.655,1,0,35101
28,0,3.655,1,0,35101
28,0,3.655,1,0,35101
28,0,3.655,1,0,35101
28,0,3.655,1,0,35101
28,0,3.655,1,0,35101
28,0,3.655,1,0,35101
28,0,3.655,1,0,35101
28,0,3.655,1,0,35101
28,0,3.655,1,0,35101
28,0,3.655,1,0,35101
28,0,3.655,1,0,35101
28,0,3.655,1,0,35101
28,0,3.655,1,0,35101
28,0,3.655,1,0,35101
28,0,3.655,1,0,35101
28,0,3.655,1,0,35101
28,0,3.655,1,0,35101
28,0,3.655,1,0,35101
28,0,3.655,1,0,35101
28,0,3.655,1,0,35101
28,0,3.655,1,0,35101
28,0,3.655,1,0,35101
28,0,3.655,1,0,35101
28,0,3.655,1,0,35101
28,0,3.655,1,0,35101
28,0,3.655,1,0,35101
28,0,3.655,1,0,35101
28,0,3.655,1,0,35101
28,0,3.655,1,0,35101
28,0,3.655,1,0,35101
28,0,3.655,1,0,35101
28,0,3.655,1,0,35101
28,0,3.655,1,0,35101
28,0,3.655,1,0,35101
28,0,3.655,1,0,35101
28,0,3.655,1,0,35101
28,0,3.655,1,0,35101
28,0,3.655,1,0,35101
28,0,3.655,1,0,35101
28,0,3.655,1,0,35101
28,0,3.655,1,0,35101
28,0,3.655,1,0,35101
28,0,3.655,1,0,35101
28,0,3.655,1,0,35101
28,0,3.655,1,0,35101
28,0,3.655,1,0,35101
28,0,3.655,1,0,35101
28,0,3.655,1,0,35101
28,0,3.655,1,0,35101
28,0,3.655,1,0,35101
28,0,3.655,1,0,35101
28,0,3.655,1,0,35101
28,0,3.655,1,0,35101
28,0,3.655,1,0,35101
28,0,3.655,1,0,35101
28,0,3.655,1,0,35101
28,0,3.655,1,0,35101
28,0,3.655,1,0,35101
28,0,3.655,1,0,35101
28,0,3.655,1,0,35101
28,0,3.655,1,0,35101
28,0,3.655,1,0,35101
28,0,3.655,1,0,35101
28,0,3.655,1,0,35101
28,0,3.655,1,0,35101
28,0,3.655,1,0,35101
28,0,3.655,1,0,35101
28,0,3.655,1,0,35101
28,0,3.655,1,0,35101
28,0,3.655,1,0,35101
28,0,3.655,1,0,35101
28,0,3.655,1,0,35101
28,0,3.655,1,0,35101
28,0,3.655,1,0,35101
28,0,3.655,1,0,35101
28,0,3.655,1,0,35101
28,0,3.655,1,0,35101
28,0,3.655,1,0,35101
28,0,3.655,1,0,35101
28,0,3.655,1,0,35101
28,0,3.655,1,0,35101
28,0,3.655,1,0,35101
28,0,3.655,1,0,35101
28,0,3.655,1,0,35101
28,0,3.655,1,0,35101
28,0,3.655,1,0,35101
28,0,3.655,1,0,35101
28,0,3.655,1,0,35101
28,0,3.655,1,0,35101
28,0,3.655,1,0,35101
28,0,3.655,1,0,35101
28,0,3.655,1,0,35101
28,0,3.655,1,0,35101
28,0,3.655,1,0,35101
28,0,3.655,1,0,35101
28,0,3.655,1,0,35101
28,0,3.655,1,0,35101
28,0,3.655,1,0,35101
28,0,3.655,1,0,35101
28,0,3.655,1,0,35101
28,0,3.655,1,0,35101
28,0,3.655,1,0,35101
28,0,3.655,1,0,35101
28,0,3.655,1,0,35101
28,0,3.655,1,0,35101
28,0,3.655,1,0,35101
28,0,3.655,1,0,35101
28,0,3.655,1,0,35101
28,0,3.655,1,0,35101
28,0,3.655,1,0,35101
28,0,3.655,1,0,35101
28,0,3.655,1,0,35101
28,0,3.655,1,0,35101
28,0,3.655,1,0,35101
28,0,3.655,1,0,35101
28,0,3.655,1,0,35101
28,0,3.655,1,0,35101
28,0,3.655,1,0,35101
28,0,3.655,1,0,35101
28,0,3.655,1,0,35101
28,0,3.655,1,0,35101
28,0,3.655,1,0,35101
28,0,3.655,1,0,35101
28,0,3.655,1,0,35101
28,0,3.655,1,0,35101
28,0,3.655,1,0,35101
28,0,3.655,1,0,35101
28,0,3.655,1,0,35101
28,0,3.655,1,0,35101
28,0,3.655,1,0,35101
28,0,3.655,1,0,35101
28,0,3.655,1,0,35101
28,0,3.655,1,0,35101
28,0,3.655,1,0,35101
28,0,3.655,1,0,35101
28,0,3.655,1,0,35101
28,0,3.655,1,0,35101
28,0,3.655,1,0,35101
28,0,3.655,1,0,35101
28,0,3.655,1,0,35101
28,0,3.655,1,0,35101
28,0,3.655,1,0,35101
28,0,3.655,1,0,35101
28,0,3.655,1,0,35101
28,0,3.655,1,0,35101
28,0,3.655,1,0,35101
28,0,3.655,1,0,35101
28,0,3.655,1,0,35101
28,0,3.655,1,0,35101
28,0,3.655,1,0,35101
28,0,3.655,1,0,35101
28,0,3.655,1,0,35101
28,0,3.655,1,0,35101
28,0,3.655,1,0,35101
28,0,3.655,1,0,35101
28,0,3.655,1,0,35101
28,0,3.655,1,0,35101
28,0,3.655,1,0,35101
28,0,3.655,1,0,35101
28,0,3.655,1,0,35101
28,0,3.655,1,0,35101
28,0,3.655,1,0,35101
28,0,3.655,1,0,35101
28,0,3.655,1,0,35101
28,0,3.655,1,0,35101
28,0,3.655,1,0,35101
28,0,3.655,1,0,35101
28,0,3.655,1,0,35101
28,0,3.655,1,0,35101
28,0,3.655,1,0,35101
28,0,3.655,1,0,35101
28,0,3.655,1,0,35101
28,0,3.655,1,0,35101
28,0,3.655,1,0,35101
28,0,3.655,1,0,35101
28,0,3.655,1,0,35101
28,0,3.655,1,0,35101
28,0,3.655,1,0,35101
28,0,3.655,1,0,35101
28,0,3.655,1,0,35101
28,0,3.655,1,0,35101
28,0,3.655,1,0,35101
28,0,3.655,1,0,35101
28,0,3.655,1,0,35101
28,0,3.655,1,0,35101
28,0,3.655,1,0,35101
28,0,3.655,1,0,35101
28,0,3.655,1,0,35101
28,0,3.655,1,0,35101
28,0,3.655,1,0,35101
28,0,3.655,1,0,35101
28,0,3.655,1,0,35101
28,0,3.655,1,0,35101
28,0,3.655,1,0,35101
28,0,3.655,1,0,35101
28,0,3.655,1,0,35101
28,0,3.655,1,0,35101
28,0,3.655,1,0,35101
28,0,3.655,1,0,35101
28,0,3.655,1,0,35101
28,0,3.655,1,0,35101
28,0,3.655,1,0,35101
28,0,3.655,1,0,35101
28,0,3.655,1,0,35101
28,0,3.655,1,0,35101
28,0,3.655,1,0,35101
28,0,3.655,1,0,35101
28,0,3.655,1,0,35101
28,0,3.655,1,0,35101
28,0,3.655,1,0,35101
28,0,3.655,1,0,35101
28,0,3.655,1,0,35101
28,0,3.655,1,0,35101
28,0,3.655,1,0,35101
28,0,3.655,1,0,35101
28,0,3.655,1,0,35101
28,0,3.655,1,0,35101
28,0,3.655,1,0,35101
28,0,3.655,1,0,35101
28,0,3.655,1,0,35101
28,0,3.655,1,0,35101
28,0,3.655,1,0,35101
28,0,3.655,1,0,35101
28,0,3.655,1,0,35101
28,0,3.655,1,0,35101
28,0,3.655,1,0,35101
28,0,3.655,1,0,35101
28,0,3.655,1,0,35101
28,0,3.655,1,0,35101
28,0,3.655,1,0,35101
28,0,3.655,1,0,35101
28,0,3.655,1,0,35101
28,0,3.655,1,0,35101
28,0,3.655,1,0,35101
28,0,3.655,1,0,35101
28,0,3.655,1,0,35101
28,0,3.655,1,0,35101
28,0,3.655,1,0,35101
28,0,3.655,1,0,35101
28,0,3.655,1,0,35101
28,0,3.655,1,0,35101
28,0,3.655,1,0,35101
28,0,3.655,1,0,35101
28,0,3.655,1,0,35101
28,0,3.655,1,0,35101
28,0,3.655,1,0,35101
28,0,3.655,1,0,35101
28,0,3.655,1,0,35101
28,0,3.655,1,0,35101
28,0,3.655,1,0,35101
28,0,3.655,1,0,35101
28,0,3.655,1,0,35101
28,0,3.655,1,0,35101
28,0,3.655,1,0,35101
28,0,3.655,1,0,35101
28,0,3.655,1,0,35101
28,0,3.655,1,0,35101
28,0,3.655,1,0,35101
28,0,3.655,1,0,35101
28,0,3.655,1,0,35101
28,0,3.655,1,0,35101
28,0,3.655,1,0,35101
28,0,3.655,1,0,35101
28,0,3.655,1,0,35101
28,0,3.655,1,0,35101
28,0,3.655,1,0,35101
28,0,3.655,1,0,35101
28,0,3.655,1,0,35101
28,0,3.655,1,0,35101
28,0,3.655,1,0,35101
28,0,3.655,1,0,35101
28,0,3.655,1,0,35101
28,0,3.655,1,0,35101
28,0,3.655,1,0,35101
28,0,3.655,1,0,35101
28,0,3.655,1,0,35101
28,0,3.655,1,0,35101
28,0,3.655,1,0,35101
28,0,3.655,1,0,35101
28,0,3.655,1,0,35101
28,0,3.655,1,0,35101
28,0,3.655,1,0,35101
28,0,3.655,1,0,35101
28,0,3.655,1,0,35101
28,0,3.655,1,0,35101
28,0,3.655,1,0,35101
28,0,3.655,1,0,35101
28,0,3.655,1,0,35101
28,0,3.655,1,0,35101
28,0,3.655,1,0,35101
28,0,3.655,1,0,35101
28,0,3.655,1,0,35101
28,0,3.655,1,0,35101
28,0,3.655,1,0,35101
28,0,3.655,1,0,35101
28,0,3.655,1,0,35101
28,0,3.655,1,0,35101
28,0,3.655,1,0,35101
28,0,3.655,1,0,35101
28,0,3.655,1,0,35101
28,0,3.655,1,0,35101
28,0,3.655,1,0,35101
28,0,3.655,1,0,35101
28,0,3.655,1,0,35101
28,0,3.655,1,0,35101
28,0,3.655,1,0,35101
28,0,3.655,1,0,35101
28,0,3.655,1,0,35101
28,0,3.655,1,0,35101
28,0,3.655,1,0,35101
28,0,3.655,1,0,35101
28,0,3.655,1,0,35101
28,0,3.655,1,0,35101
28,0,3.655,1,0,35101
28,0,3.655,1,0,35101
28,0,3.655,1,0,35101
28,0,3.655,1,0,35101
28,0,3.655,1,0,35101
28,0,3.655,1,0,35101
28,0,3.655,1,0,35101
28,0,3.655,1,0,35101
28,0,3.655,1,0,35101
28,0,3.655,1,0,35101
28,0,3.655,1,0,35101
28,0,3.655,1,0,35101
28,0,3.655,1,0,35101
28,0,3.655,1,0,35101
28,0,3.655,1,0,35101
28,0,3.655,1,0,35101
28,0,3.655,1,0,35101
28,0,3.655,1,0,35101
28,0,3.655,1,0,35101
28,0,3.655,1,0,35101
28,0,3.655,1,0,35101
28,0,3.655,1,0,35101
28,0,3.655,1,0,35101
28,0,3.655,1,0,35101
28,0,3.655,1,0,35101
28,0,3.655,1,0,35101
28,0,3.655,1,0,35101
28,0,3.655,1,0,35101
28,0,3.655,1,0,35101
28,0,3.655,1,0,35101
28,0,3.655,1,0,35101
28,0,3.655,1,0,35101
28,0,3.655,1,0,35101
28,0,3.655,1,0,35101
28,0,3.655,1,0,35101
28,0,3.655,1,0,35101
28,0,3.655,1,0,35101
28,0,3.655,1,0,35101
28,0,3.655,1,0,35101
28,0,3.655,1,0,35101
28,0,3.655,1,0,35101
28,0,3.655,1,0,35101
28,0,3.655,1,0,35101
28,0,3.655,1,0,35101
28,0,3.655,1,0,35101
28,0,3.655,1,0,35101
28,0,3.655,1,0,35101
28,0,3.655,1,0,35101
28,0,3.655,1,0,35101
28,0,3.655,1,0,35101
28,0,3.655,1,0,35101
28,0,3.655,1,0,35101
28,0,3.655,1,0,35101
28,0,3.655,1,0,35101
28,0,3.655,1,0,35101
28,0,3.655,1,0,35101
28,0,3.655,1,0,35101
28,0,3.655,1,0,35101
28,0,3.655,1,0,35101
28,0,3.655,1,0,35101
28,0,3.655,1,0,35101
28,0,3.655,1,0,35101
28,0,3.655,1,0,35101
28,0,3.655,1,0,35101
28,0,3.655,1,0,35101
28,0,3.655,1,0,35101
28,0,3.655,1,0,35101
28,0,3.655,1,0,35101
28,0,3.655,1,0,35101
28,0,3.655,1,0,35101
28,0,3.655,1,0,35101
28,0,3.655,1,0,35101
28,0,3.655,1,0,35101
28,0,3.655,1,0,35101
28,0,3.655,1,0,35101
28,0,3.655,1,0,35101
28,0,3.655,1,0,35101
28,0,3.655,1,0,35101
28,0,3.655,1,0,35101
28,0,3.655,1,0,35101
28,0,3.655,1,0,35101
28,0,3.655,1,0,35101
28,0,3.655,1,0,35101
28,0,3.655,1,0,35101
28,0,3.655,1,0,35101
28,0,3.655,1,0,35101
28,0,3.655,1,0,35101
28,0,3.655,1,0,35101
28,0,3.655,1,0,35101
28,0,3.655,1,0,35101
28,0,3.655,1,0,35101
28,0,3.655,1,0,35101
28,0,3.655,1,0,35101
28,0,3.655,1,0,35101
28,0,3.655,1,0,35101
28,0,3.655,1,0,35101
28,0,3.655,1,0,35101
28,0,3.655,1,0,35101
28,0,3.655,1,0,35101
28,0,3.655,1,0,35101
28,0,3.655,1,0,35101
28,0,3.655,1,0,35101
28,0,3.655,1,0,35101
28,0,3.655,1,0,35101
28,0,3.655,1,0,35101
28,0,3.655,1,0,35101
28,0,3.655,1,0,35101
28,0,3.655,1,0,35101
28,0,3.655,1,0,35101
28,0,3.655,1,0,35101
28,0,3.655,1,0,35101
28,0,3.655,1,0,35101
28,0,3.655,1,0,35101
28,0,3.655,1,0,35101
28,0,3.655,1,0,35101
28,0,3.655,1,0,35101
28,0,3.655,1,0,35101
28,0,3.655,1,0,35101
28,0,3.655,1,0,35101
28,0,3.655,1,0,35101
28,0,3.655,1,0,35101
28,0,3.655,1,0,35101
28,0,3.655,1,0,35101
28,0,3.655,1,0,35101
28,0,3.655,1,0,35101
28,0,3.655,1,0,35101
28,0,3.655,1,0,35101
28,0,3.655,1,0,35101
28,0,3.655,1,0,35101
28,0,3.655,1,0,35101
28,0,3.655,1,0,35101
28,0,3.655,1,0,35101
28,0,3.655,1,0,35101
28,0,3.655,1,0,35101
28,0,3.655,1,0,35101
28,0,3.655,1,0,35101
28,0,3.655,1,0,35101
28,0,3.655,1,0,35101
28,0,3.655,1,0,35101
28,0,3.655,1,0,35101
28,0,3.655,1,0,35101
28,0,3.655,1,0,35101
28,0,3.655,1,0,35101
28,0,3.655,1,0,35101
28,0,3.655,1,0,35101
28,0,3.655,1,0,35101
28,0,3.655,1,0,35101
28,0,3.655,1,0,35101
28,0,3.655,1,0,35101
28,0,3.655,1,0,35101
28,0,3.655,1,0,35101
28,0,3.655,1,0,35101
28,0,3.655,1,0,35101
28,0,3.655,1,0,35101
28,0,3.655,1,0,35101
28,0,3.655,1,0,35101
28,0,3.655,1,0,35101
28,0,3.655,1,0,35101
28,0,3.655,1,0,35101
28,0,3.655,1,0,35101
28,0,3.655,1,0,35101
28,0,3.655,1,0,35101
28,0,3.655,1,0,35101
28,0,3.655,1,0,35101
28,0,3.655,1,0,35101
28,0,3.655,1,0,35101
28,0,3.655,1,0,35101
28,0,3.655,1,0,35101
28,0,3.655,1,0,35101
28,0,3.655,1,0,35101
28,0,3.655,1,0,35101
28,0,3.655,1,0,35101
28,0,3.655,1,0,35101
28,0,3.655,1,0,35101
28,0,3.655,1,0,35101
28,0,3.655,1,0,35101
28,0,3.655,1,0,35101
28,0,3.655,1,0,35101
28,0,3.655,1,0,35101
28,0,3.655,1,0,35101
28,0,3.655,1,0,35101
28,0,3.655,1,0,35101
28,0,3.655,1,0,35101
28,0,3.655,1,0,35101
28,0,3.655,1,0,35101
28,0,3.655,1,0,35101
28,0,3.655,1,0,35101
28,0,3.655,1,0,35101
28,0,3.655,1,0,35101
28,0,3.655,1,0,35101
28,0,3.655,1,0,35101
28,0,3.655,1,0,35101
28,0,3.655,1,0,35101
28,0,3.655,1,0,35101
28,0,3.655,1,0,35101
28,0,3.655,1,0,35101
28,0,3.655,1,0,35101
28,0,3.655,1,0,35101
28,0,3.655,1,0,35101
28,0,3.655,1,0,35101
28,0,3.655,1,0,35101
28,0,3.655,1,0,35101
28,0,3.655,1,0,35101
28,0,3.655,1,0,35101
28,0,3.655,1,0,35101
28,0,3.655,1,0,35101
28,0,3.655,1,0,35101
28,0,3.655,1,0,35101
28,0,3.655,1,0,35101
28,0,3.655,1,0,35101
28,0,3.655,1,0,35101
28,0,3.655,1,0,35101
28,0,3.655,1,0,35101
28,0,3.655,1,0,35101
28,0,3.655,1,0,35101
28,0,3.655,1,0,35101
28,0,3.655,1,0,35101
28,0,3.655,1,0,35101
28,0,3.655,1,0,35101
28,0,3.655,1,0,35101
28,0,3.655,1,0,35101
28,0,3.655,1,0,35101
28,0,3.655,1,0,35101
28,0,3.655,1,0,35101
28,0,3.655,1,0,35101
28,0,3.655,1,0,35101
28,0,3.655,1,0,35101
28,0,3.655,1,0,35101
28,0,3.655,1,0,35101
28,0,3.655,1,0,35101
28,0,3.655,1,0,35101
28,0,3.655,1,0,35101
28,0,3.655,1,0,35101
28,0,3.655,1,0,35101
28,0,3.655,1,0,35101
28,0,3.655,1,0,35101
28,0,3.655,1,0,35101
28,0,3.655,1,0,35101
28,0,3.655,1,0,35101
28,0,3.655,1,0,35101
28,0,3.655,1,0,35101
28,0,3.655,1,0,35101
28,0,3.655,1,0,35101
28,0,3.655,1,0,35101
28,0,3.655,1,0,35101
28,0,3.655,1,0,35101
28,0,3.655,1,0,35101
28,0,3.655,1,0,35101
28,0,3.655,1,0,35101
28,0,3.655,1,0,35101
28,0,3.655,1,0,35101
28,0,3.655,1,0,35101
28,0,3.655,1,0,35101
28,0,3.655,1,0,35101
28,0,3.655,1,0,35101
28,0,3.655,1,0,35101
28,0,3.655,1,0,35101
28,0,3.655,1,0,35101
28,0,3.655,1,0,35101
28,0,3.655,1,0,35101
28,0,3.655,1,0,35101
28,0,3.655,1,0,35101
28,0,3.655,1,0,35101
28,0,3.655,1,0,35101
28,0,3.655,1,0,35101
28,0,3.655,1,0,35101
28,0,3.655,1,0,35101
28,0,3.655,1,0,35101
28,0,3.655,1,0,35101
28,0,3.655,1,0,35101
28,0,3.655,1,0,35101
28,0,3.655,1,0,35101
28,0,3.655,1,0,35101
28,0,3.655,1,0,35101
28,0,3.655,1,0,35101
28,0,3.655,1,0,35101
28,0,3.655,1,0,35101
28,0,3.655,1,0,35101
28,0,3.655,1,0,35101
28,0,3.655,1,0,35101
28,0,3.655,1,0,35101
28,0,3.655,1,0,35101
28,0,3.655,1,0,35101
28,0,3.655,1,0,35101
28,0,3.655,1,0,35101
28,0,3.655,1,0,35101
28,0,3.655,1,0,35101
28,0,3.655,1,0,35101
28,0,3.655,1,0,35101
28,0,3.655,1,0,35101
28,0,3.655,1,0,35101
28,0,3.655,1,0,35101
28,0,3.655,1,0,35101
28,0,3.655,1,0,35101
28,0,3.655,1,0,35101
28,0,3.655,1,0,35101
28,0,3.655,1,0,35101
28,0,3.655,1,0,35101
28,0,3.655,1,0,35101
28,0,3.655,1,0,35101
28,0,3.655,1,0,35101
28,0,3.655,1,0,35101
28,0,3.655,1,0,35101
28,0,3.655,1,0,35101
28,0,3.655,1,0,35101
28,0,3.655,1,0,35101
28,0,3.655,1,0,35101
28,0,3.655,1,0,35101
28,0,3.655,1,0,35101
28,0,3.655,1,0,35101
28,0,3.655,1,0,35101
28,0,3.655,1,0,35101
28,0,3.655,1,0,35101
28,0,3.655,1,0,35101
28,0,3.655,1,0,35101
28,0,3.655,1,0,35101
28,0,3.655,1,0,35101
28,0,3.655,1,0,35101
28,0,3.655,1,0,35101
28,0,3.655,1,0,35101
28,0,3.655,1,0,35101
28,0,3.655,1,0,35101
28,0,3.655,1,0,35101
28,0,3.655,1,0,35101
28,0,3.655,1,0,35101
28,0,3.655,1,0,35101
28,0,3.655,1,0,35101
28,0,3.655,1,0,35101
28,0,3.655,1,0,35101
28,0,3.655,1,0,35101
28,0,3.655,1,0,35101
28,0,3.655,1,0,35101
28,0,3.655,1,0,35101
28,0,3.655,1,0,35101
28,0,3.655,1,0,35101
28,0,3.655,1,0,35101
28,0,3.655,1,0,35101
28,0,3.655,1,0,35101
28,0,3.655,1,0,35101
28,0,3.655,1,0,35101
28,0,3.655,1,0,35101
28,0,3.655,1,0,35101
28,0,3.655,1,0,35101
28,0,3.655,1,0,35101
28,0,3.655,1,0,35101
28,0,3.655,1,0,35101
28,0,3.655,1,0,35101
28,0,3.655,1,0,35101
28,0,3.655,1,0,35101
28,0,3.655,1,0,35101
28,0,3.655,1,0,35101
28,0,3.655,1,0,35101
28,0,3.655,1,0,35101
28,0,3.655,1,0,35101
28,0,3.655,1,0,35101
28,0,3.655,1,0,35101
28,0,3.655,1,0,35101
28,0,3.655,1,0,35101
28,0,3.655,1,0,35101
28,0,3.655,1,0,35101
28,0,3.655,1,0,35101
28,0,3.655,1,0,35101
28,0,3.655,1,0,35101
28,0,3.655,1,0,35101
28,0,3.655,1,0,35101
28,0,3.655,1,0,35101
28,0,3.655,1,0,35101
28,0,3.655,1,0,35101
28,0,3.655,1,0,35101
28,0,3.655,1,0,35101
28,0,3.655,1,0,35101
28,0,3.655,1,0,35101
28,0,3.655,1,0,35101
28,0,3.655,1,0,35101
28,0,3.655,1,0,35101
28,0,3.655,1,0,35101
28,0,3.655,1,0,35101
28,0,3.655,1,0,35101
28,0,3.655,1,0,35101
28,0,3.655,1,0,35101
28,0,3.655,1,0,35101
28,0,3.655,1,0,35101
28,0,3.655,1,0,35101
28,0,3.655,1,0,35101
28,0,3.655,1,0,35101
28,0,3.655,1,0,35101
28,0,3.655,1,0,35101
28,0,3.655,1,0,35101
28,0,3.655,1,0,35101
28,0,3.655,1,0,35101
28,0,3.655,1,0,35101
28,0,3.655,1,0,35101
28,0,3.655,1,0,35101
28,0,3.655,1,0,35101
28,0,3.655,1,0,35101
28,0,3.655,1,0,35101
28,0,3.655,1,0,35101
28,0,3.655,1,0,35101
28,0,3.655,1,0,35101
28,0,3.655,1,0,35101
28,0,3.655,1,0,35101
28,0,3.655,1,0,35101
28,0,3.655,1,0,35101
28,0,3.655,1,0,35101
28,0,3.655,1,0,35101
28,0,3.655,1,0,35101
28,0,3.655,1,0,35101
28,0,3.655,1,0,35101
28,0,3.655,1,0,35101
28,0,3.655,1,0,35101
28,0,3.655,1,0,35101
28,0,3.655,1,0,35101
28,0,3.655,1,0,35101
28,0,3.655,1,0,35101
28,0,3.655,1,0,35101
28,0,3.655,1,0,35101
28,0,3.655,1,0,35101
28,0,3.655,1,0,35101
28,0,3.655,1,0,35101
28,0,3.655,1,0,35101
28,0,3.655,1,0,35101
28,0,3.655,1,0,35101
28,0,3.655,1,0,35101
28,0,3.655,1,0,35101
28,0,3.655,1,0,35101
28,0,3.655,1,0,35101
28,0,3.655,1,0,35101
28,0,3.655,1,0,35101
28,0,3.655,1,0,35101
28,0,3.655,1,0,35101
28,0,3.655,1,0,35101
28,0,3.655,1,0,35101
28,0,3.655,1,0,35101
28,0,3.655,1,0,35101
28,0,3.655,1,0,35101
28,0,3.655,1,0,35101
28,0,3.655,1,0,35101
28,0,3.655,1,0,35101
28,0,3.655,1,0,35101
28,0,3.655,1,0,35101
28,0,3.655,1,0,35101
28,0,3.655,1,0,35101
28,0,3.655,1,0,35101
28,0,3.655,1,0,35101
28,0,3.655,1,0,35101
28,0,3.655,1,0,35101
28,0,3.655,1,0,35101
28,0,3.655,1,0,35101
28,0,3.655,1,0,35101
28,0,3.655,1,0,35101
28,0,3.655,1,0,35101
28,0,3.655,1,0,35101
28,0,3.655,1,0,35101
28,0,3.655,1,0,35101
28,0,3.655,1,0,35101
28,0,3.655,1,0,35101
28,0,3.655,1,0,35101
28,0,3.655,1,0,35101
28,0,3.655,1,0,35101
28,0,3.655,1,0,35101
28,0,3.655,1,0,35101
28,0,3.655,1,0,35101
28,0,3.655,1,0,35101
28,0,3.655,1,0,35101
28,0,3.655,1,0,35101
28,0,3.655,1,0,35101
28,0,3.655,1,0,35101
28,0,3.655,1,0,35101
28,0,3.655,1,0,35101
28,0,3.655,1,0,35101
28,0,3.655,1,0,35101
28,0,3.655,1,0,35101
28,0,3.655,1,0,35101
28,0,3.655,1,0,35101
28,0,3.655,1,0,35101
28,0,3.655,1,0,35101
28,0,3.655,1,0,35101
28,0,3.655,1,0,35101
28,0,3.655,1,0,35101
28,0,3.655,1,0,35101
28,0,3.655,1,0,35101
28,0,3.655,1,0,35101
28,0,3.655,1,0,35101
28,0,3.655,1,0,35101
28,0,3.655,1,0,35101
28,0,3.655,1,0,35101
28,0,3.655,1,0,35101
28,0,3.655,1,0,35101
28,0,3.655,1,0,35101
28,0,3.655,1,0,35101
28,0,3.655,1,0,35101
28,0,3.655,1,0,35101
28,0,3.655,1,0,35101
28,0,3.655,1,0,35101
28,0,3.655,1,0,35101
28,0,3.655,1,0,35101
28,0,3.655,1,0,35101
28,0,3.655,1,0,35101
28,0,3.655,1,0,35101
28,0,3.655,1,0,35101
28,0,3.655,1,0,35101
28,0,3.655,1,0,35101
28,0,3.655,1,0,35101
28,0,3.655,1,0,35101
28,0,3.655,1,0,35101
28,0,3.655,1,0,35101
28,0,3.655,1,0,35101
28,0,3.655,1,0,35101
28,0,3.655,1,0,35101
28,0,3.655,1,0,35101
28,0,3.655,1,0,35101
28,0,3.655,1,0,35101
28,0,3.655,1,0,35101
28,0,3.655,1,0,35101
28,0,3.655,1,0,35101
28,0,3.655,1,0,35101
28,0,3.655,1,0,35101
28,0,3.655,1,0,35101
28,0,3.655,1,0,35101
28,0,3.655,1,0,35101
28,0,3.655,1,0,35101
28,0,3.655,1,0,35101
28,0,3.655,1,0,35101
28,0,3.655,1,0,35101
28,0,3.655,1,0,35101
28,0,3.655,1,0,35101
28,0,3.655,1,0,35101
28,0,3.655,1,0,35101
28,0,3.655,1,0,35101
28,0,3.655,1,0,35101
28,0,3.655,1,0,35101
28,0,3.655,1,0,35101
28,0,3.655,1,0,35101
28,0,3.655,1,0,35101
28,0,3.655,1,0,35101
28,0,3.655,1,0,35101
28,0,3.655,1,0,35101
28,0,3.655,1,0,35101
28,0,3.655,1,0,35101
28,0,3.655,1,0,35101
28,0,3.655,1,0,35101
28,0,3.655,1,0,35101
28,0,3.655,1,0,35101
28,0,3.655,1,0,35101
28,0,3.655,1,0,35101
28,0,3.655,1,0,35101
28,0,3.655,1,0,35101
28,0,3.655,1,0,35101
28,0,3.655,1,0,35101
28,0,3.655,1,0,35101
28,0,3.655,1,0,35101
28,0,3.655,1,0,35101
28,0,3.655,1,0,35101
28,0,3.655,1,0,35101
28,0,3.655,1,0,35101
28,0,3.655,1,0,35101
28,0,3.655,1,0,35101
28,0,3.655,1,0,35101
28,0,3.655,1,0,35101
28,0,3.655,1,0,35101
28,0,3.655,1,0,35101
28,0,3.655,1,0,35101
28,0,3.655,1,0,35101
28,0,3.655,1,0,35101
28,0,3.655,1,0,35101
28,0,3.655,1,0,35101
28,0,3.655,1,0,35101
28,0,3.655,1,0,35101
28,0,3.655,1,0,35101
28,0,3.655,1,0,35101
28,0,3.655,1,0,35101
28,0,3.655,1,0,35101
28,0,3.655,1,0,35101
28,0,3.655,1,0,35101
28,0,3.655,1,0,35101
28,0,3.655,1,0,35101
28,0,3.655,1,0,35101
28,0,3.655,1,0,35101
28,0,3.655,1,0,35101
28,0,3.655,1,0,35101
28,0,3.655,1,0,35101
28,0,3.655,1,0,35101
28,0,3.655,1,0,35101
28,0,3.655,1,0,35101
28,0,3.655,1,0,35101
28,0,3.655,1,0,35101
28,0,3.655,1,0,35101
28,0,3.655,1,0,35101
28,0,3.655,1,0,35101
28,0,3.655,1,0,35101
28,0,3.655,1,0,35101
28,0,3.655,1,0,35101
28,0,3.655,1,0,35101
28,0,3.655,1,0,35101
28,0,3.655,1,0,35101
28,0,3.655,1,0,35101
28,0,3.655,1,0,35101
28,0,3.655,1,0,35101
28,0,3.655,1,0,35101
28,0,3.655,1,0,35101
28,0,3.655,1,0,35101
28,0,3.655,1,0,35101
28,0,3.655,1,0,35101
28,0,3.655,1,0,35101
28,0,3.655,1,0,35101
28,0,3.655,1,0,35101
28,0,3.655,1,0,35101
28,0,3.655,1,0,35101
28,0,3.655,1,0,35101
28,0,3.655,1,0,35101
28,0,3.655,1,0,35101
28,0,3.655,1,0,35101
28,0,3.655,1,0,35101
28,0,3.655,1,0,35101
28,0,3.655,1,0,35101
28,0,3.655,1,0,35101
28,0,3.655,1,0,35101
28,0,3.655,1,0,35101
28,0,3.655,1,0,35101
28,0,3.655,1,0,35101
28,0,3.655,1,0,35101
28,0,3.655,1,0,35101
28,0,3.655,1,0,35101
28,0,3.655,1,0,35101
28,0,3.655,1,0,35101
28,0,3.655,1,0,35101
28,0,3.655,1,0,35101
28,0,3.655,1,0,35101
28,0,3.655,1,0,35101
28,0,3.655,1,0,35101
28,0,3.655,1,0,35101
28,0,3.655,1,0,35101
28,0,3.655,1,0,35101
28,0,3.655,1,0,35101
28,0,3.655,1,0,35101
28,0,3.655,1,0,35101
28,0,3.655,1,0,35101
28,0,3.655,1,0,35101
28,0,3.655,1,0,35101
28,0,3.655,1,0,35101
28,0,3.655,1,0,35101
28,0,3.655,1,0,35101
28,0,3.655,1,0,35101
28,0,3.655,1,0,35101
28,0,3.655,1,0,35101
28,0,3.655,1,0,35101
28,0,3.655,1,0,35101
28,0,3.655,1,0,35101
28,0,3.655,1,0,35101
28,0,3.655,1,0,35101
28,0,3.655,1,0,35101
28,0,3.655,1,0,35101
28,0,3.655,1,0,35101
28,0,3.655,1,0,35101
28,0,3.655,1,0,35101
28,0,3.655,1,0,35101
28,0,3.655,1,0,35101
28,0,3.655,1,0,35101
28,0,3.655,1,0,35101
28,0,3.655,1,0,35101
28,0,3.655,1,0,35101
28,0,3.655,1,0,35101
28,0,3.655,1,0,35101
28,0,3.655,1,0,35101
28,0,3.655,1,0,35101
28,0,3.655,1,0,35101
28,0,3.655,1,0,35101
28,0,3.655,1,0,35101
28,0,3.655,1,0,35101
28,0,3.655,1,0,35101
28,0,3.655,1,0,35101
28,0,3.655,1,0,35101
28,0,3.655,1,0,35101
28,0,3.655,1,0,35101
28,0,3.655,1,0,35101
28,0,3.655,1,0,35101
28,0,3.655,1,0,35101
28,0,3.655,1,0,35101
28,0,3.655,1,0,35101
28,0,3.655,1,0,35101
28,0,3.655,1,0,35101
28,0,3.655,1,0,35101
28,0,3.655,1,0,35101
28,0,3.655,1,0,35101
28,0,3.655,1,0,35101
28,0,3.655,1,0,35101
28,0,3.655,1,0,35101
28,0,3.655,1,0,35101
28,0,3.655,1,0,35101
28,0,3.655,1,0,35101
28,0,3.655,1,0,35101
28,0,3.655,1,0,35101
28,0,3.655,1,0,35101
28,0,3.655,1,0,35101
28,0,3.655,1,0,35101
28,0,3.655,1,0,35101
28,0,3.655,1,0,35101
28,0,3.655,1,0,35101
28,0,3.655,1,0,35101
28,0,3.655,1,0,35101
28,0,3.655,1,0,35101
28,0,3.655,1,0,35101
28,0,3.655,1,0,35101
28,0,3.655,1,0,35101
28,0,3.655,1,0,35101
28,0,3.655,1,0,35101
28,0,3.655,1,0,35101
28,0,3.655,1,0,35101
28,0,3.655,1,0,35101
28,0,3.655,1,0,35101
28,0,3.655,1,0,35101
28,0,3.655,1,0,35101
28,0,3.655,1,0,35101
28,0,3.655,1,0,35101
28,0,3.655,1,0,35101
28,0,3.655,1,0,35101
28,0,3.655,1,0,35101
28,0,3.655,1,0,35101
28,0,3.655,1,0,35101
28,0,3.655,1,0,35101
28,0,3.655,1,0,35101
28,0,3.655,1,0,35101
28,0,3.655,1,0,35101
28,0,3.655,1,0,35101
28,0,3.655,1,0,35101
28,0,3.655,1,0,35101
28,0,3.655,1,0,35101
28,0,3.655,1,0,35101
28,0,3.655,1,0,35101
28,0,3.655,1,0,35101
28,0,3.655,1,0,35101
28,0,3.655,1,0,35101
28,0,3.655,1,0,35101
28,0,3.655,1,0,35101
28,0,3.655,1,0,35101
28,0,3.655,1,0,35101
28,0,3.655,1,0,35101
28,0,3.655,1,0,35101
28,0,3.655,1,0,35101
28,0,3.655,1,0,35101
28,0,3.655,1,0,35101
28,0,3.655,1,0,35101
28,0,3.655,1,0,35101
28,0,3.655,1,0,35101
28,0,3.655,1,0,35101
28,0,3.655,1,0,35101
28,0,3.655,1,0,35101
28,0,3.655,1,0,35101
28,0,3.655,1,0,35101
28,0,3.655,1,0,35101
28,0,3.655,1,0,35101
28,0,3.655,1,0,35101
28,0,3.655,1,0,35101
28,0,3.655,1,0,35101
28,0,3.655,1,0,35101
28,0,3.655,1,0,35101
28,0,3.655,1,0,35101
28,0,3.655,1,0,35101
28,0,3.655,1,0,35101
28,0,3.655,1,0,35101
28,0,3.655,1,0,35101
28,0,3.655,1,0,35101
28,0,3.655,1,0,35101
28,0,3.655,1,0,35101
28,0,3.655,1,0,35101
28,0,3.655,1,0,35101
28,0,3.655,1,0,35101
28,0,3.655,1,0,35101
28,0,3.655,1,0,35101
28,0,3.655,1,0,35101
28,0,3.655,1,0,35101
28,0,3.655,1,0,35101
28,0,3.655,1,0,35101
28,0,3.655,1,0,35101
28,0,3.655,1,0,35101
28,0,3.655,1,0,35101
28,0,3.655,1,0,35101
28,0,3.655,1,0,35101
28,0,3.655,1,0,35101
28,0,3.655,1,0,35101
28,0,3.655,1,0,35101
28,0,3.655,1,0,35101
28,0,3.655,1,0,35101
28,0,3.655,1,0,35101
28,0,3.655,1,0,35101
28,0,3.655,1,0,35101
28,0,3.655,1,0,35101
28,0,3.655,1,0,35101
28,0,3.655,1,0,35101
28,0,3.655,1,0,35101
28,0,3.655,1,0,35101
28,0,3.655,1,0,35101
28,0,3.655,1,0,35101
28,0,3.655,1,0,35101
28,0,3.655,1,0,35101
28,0,3.655,1,0,35101
28,0,3.655,1,0,35101
28,0,3.655,1,0,35101
28,0,3.655,1,0,35101
28,0,3.655,1,0,35101
28,0,3.655,1,0,35101
28,0,3.655,1,0,35101
28,0,3.655,1,0,35101
28,0,3.655,1,0,35101
28,0,3.655,1,0,35101
28,0,3.655,1,0,35101
28,0,3.655,1,0,35101
28,0,3.655,1,0,35101
28,0,3.655,1,0,35101
28,0,3.655,1,0,35101
28,0,3.655,1,0,35101
28,0,3.655,1,0,35101
28,0,3.655,1,0,35101
28,0,3.655,1,0,35101
28,0,3.655,1,0,35101
28,0,3.655,1,0,35101
28,0,3.655,1,0,35101
28,0,3.655,1,0,35101
28,0,3.655,1,0,35101
28,0,3.655,1,0,35101
28,0,3.655,1,0,35101
28,0,3.655,1,0,35101
28,0,3.655,1,0,35101
28,0,3.655,1,0,35101
28,0,3.655,1,0,35101
28,0,3.655,1,0,35101
28,0,3.655,1,0,35101
28,0,3.655,1,0,35101
28,0,3.655,1,0,35101
28,0,3.655,1,0,35101
28,0,3.655,1,0,35101
28,0,3.655,1,0,35101
28,0,3.655,1,0,35101
28,0,3.655,1,0,35101
28,0,3.655,1,0,35101
28,0,3.655,1,0,35101
28,0,3.655,1,0,35101
28,0,3.655,1,0,35101
28,0,3.655,1,0,35101
28,0,3.655,1,0,35101
28,0,3.655,1,0,35101
28,0,3.655,1,0,35101
28,0,3.655,1,0,35101
28,0,3.655,1,0,35101
28,0,3.655,1,0,35101
28,0,3.655,1,0,35101
28,0,3.655,1,0,35101
28,0,3.655,1,0,35101
28,0,3.655,1,0,35101
28,0,3.655,1,0,35101
28,0,3.655,1,0,35101
28,0,3.655,1,0,35101
28,0,3.655,1,0,35101
28,0,3.655,1,0,35101
28,0,3.655,1,0,35101
28,0,3.655,1,0,35101
28,0,3.655,1,0,35101
28,0,3.655,1,0,35101
28,0,3.655,1,0,35101
28,0,3.655,1,0,35101
28,0,3.655,1,0,35101
28,0,3.655,1,0,35101
28,0,3.655,1,0,35101
28,0,3.655,1,0,35101
28,0,3.655,1,0,35101
28,0,3.655,1,0,35101
28,0,3.655,1,0,35101
28,0,3.655,1,0,35101
28,0,3.655,1,0,35101
28,0,3.655,1,0,35101
28,0,3.655,1,0,35101
28,0,3.655,1,0,35101
28,0,3.655,1,0,35101
28,0,3.655,1,0,35101
28,0,3.655,1,0,35101
28,0,3.655,1,0,35101
28,0,3.655,1,0,35101
28,0,3.655,1,0,35101
28,0,3.655,1,0,35101
28,0,3.655,1,0,35101
28,0,3.655,1,0,35101
28,0,3.655,1,0,35101
28,0,3.655,1,0,35101
28,0,3.655,1,0,35101
28,0,3.655,1,0,35101
28,0,3.655,1,0,35101
28,0,3.655,1,0,35101
28,0,3.655,1,0,35101
28,0,3.655,1,0,35101
28,0,3.655,1,0,35101
28,0,3.655,1,0,35101
28,0,3.655,1,0,35101
28,0,3.655,1,0,35101
28,0,3.655,1,0,35101
28,0,3.655,1,0,35101
28,0,3.655,1,0,35101
28,0,3.655,1,0,35101
28,0,3.655,1,0,35101
28,0,3.655,1,0,35101
28,0,3.655,1,0,35101
28,0,3.655,1,0,35101
28,0,3.655,1,0,35101
28,0,3.655,1,0,35101
28,0,3.655,1,0,35101
28,0,3.655,1,0,35101
28,0,3.655,1,0,35101
28,0,3.655,1,0,35101
28,0,3.655,1,0,35101
28,0,3.655,1,0,35101
28,0,3.655,1,0,35101
28,0,3.655,1,0,35101
28,0,3.655,1,0,35101
28,0,3.655,1,0,35101
28,0,3.655,1,0,35101
28,0,3.655,1,0,35101
28,0,3.655,1,0,35101
28,0,3.655,1,0,35101
28,0,3.655,1,0,35101
28,0,3.655,1,0,35101
28,0,3.655,1,0,35101
28,0,3.655,1,0,35101
28,0,3.655,1,0,35101
28,0,3.655,1,0,35101
28,0,3.655,1,0,35101
28,0,3.655,1,0,35101
28,0,3.655,1,0,35101
28,0,3.655,1,0,35101
28,0,3.655,1,0,35101
28,0,3.655,1,0,35101
28,0,3.655,1,0,35101
28,0,3.655,1,0,35101
28,0,3.655,1,0,35101
28,0,3.655,1,0,35101
28,0,3.655,1,0,35101
28,0,3.655,1,0,35101
28,0,3.655,1,0,35101
28,0,3.655,1,0,35101
28,0,3.655,1,0,35101
28,0,3.655,1,0,35101
28,0,3.655,1,0,35101
28,0,3.655,1,0,35101
28,0,3.655,1,0,35101
28,0,3.655,1,0,35101
28,0,3.655,1,0,35101
28,0,3.655,1,0,35101
28,0,3.655,1,0,35101
28,0,3.655,1,0,35101
28,0,3.655,1,0,35101
28,0,3.655,1,0,35101
28,0,3.655,1,0,35101
28,0,3.655,1,0,35101
28,0,3.655,1,0,35101
28,0,3.655,1,0,35101
28,0,3.655,1,0,35101
28,0,3.655,1,0,35101
28,0,3.655,1,0,35101
28,0,3.655,1,0,35101
28,0,3.655,1,0,35101
28,0,3.655,1,0,35101
28,0,3.655,1,0,35101
28,0,3.655,1,0,35101
28,0,3.655,1,0,35101
28,0,3.655,1,0,35101
28,0,3.655,1,0,35101
28,0,3.655,1,0,35101
28,0,3.655,1,0,35101
28,0,3.655,1,0,35101
28,0,3.655,1,0,35101
28,0,3.655,1,0,35101
28,0,3.655,1,0,35101
28,0,3.655,1,0,35101
28,0,3.655,1,0,35101
28,0,3.655,1,0,35101
28,0,3.655,1,0,35101
28,0,3.655,1,0,35101
28,0,3.655,1,0,35101
28,0,3.655,1,0,35101
28,0,3.655,1,0,35101
28,0,3.655,1,0,35101
28,0,3.655,1,0,35101
28,0,3.655,1,0,35101
28,0,3.655,1,0,35101
28,0,3.655,1,0,35101
28,0,3.655,1,0,35101
28,0,3.655,1,0,35101
28,0,3.655,1,0,35101
28,0,3.655,1,0,35101
28,0,3.655,1,0,35101
28,0,3.655,1,0,35101
28,0,3.655,1,0,35101
28,0,3.655,1,0,35101
28,0,3.655,1,0,35101
28,0,3.655,1,0,35101
28,0,3.655,1,0,35101
28,0,3.655,1,0,35101
28,0,3.655,1,0,35101
28,0,3.655,1,0,35101
28,0,3.655,1,0,35101
28,0,3.655,1,0,35101
28,0,3.655,1,0,35101
28,0,3.655,1,0,35101
28,0,3.655,1,0,35101
28,0,3.655,1,0,35101
28,0,3.655,1,0,35101
28,0,3.655,1,0,35101
28,0,3.655,1,0,35101
28,0,3.655,1,0,35101
28,0,3.655,1,0,35101
28,0,3.655,1,0,35101
28,0,3.655,1,0,35101
28,0,3.655,1,0,35101
28,0,3.655,1,0,35101
28,0,3.655,1,0,35101
28,0,3.655,1,0,35101
28,0,3.655,1,0,35101
28,0,3.655,1,0,35101
28,0,3.655,1,0,35101
28,0,3.655,1,0,35101
28,0,3.655,1,0,35101
28,0,3.655,1,0,35101
28,0,3.655,1,0,35101
28,0,3.655,1,0,35101
28,0,3.655,1,0,35101
28,0,3.655,1,0,35101
28,0,3.655,1,0,35101
28,0,3.655,1,0,35101
28,0,3.655,1,0,35101
28,0,3.655,1,0,35101
28,0,3.655,1,0,35101
28,0,3.655,1,0,35101
28,0,3.655,1,0,35101
28,0,3.655,1,0,35101
28,0,3.655,1,0,35101
28,0,3.655,1,0,35101
28,0,3.655,1,0,35101
28,0,3.655,1,0,35101
28,0,3.655,1,0,35101
28,0,3.655,1,0,35101
28,0,3.655,1,0,35101
28,0,3.655,1,0,35101
28,0,3.655,1,0,35101
28,0,3.655,1,0,35101
28,0,3.655,1,0,35101
28,0,3.655,1,0,35101
28,0,3.655,1,0,35101
28,0,3.655,1,0,35101
28,0,3.655,1,0,35101
28,0,3.655,1,0,35101
28,0,3.655,1,0,35101
28,0,3.655,1,0,35101
28,0,3.655,1,0,35101
28,0,3.655,1,0,35101
28,0,3.655,1,0,35101
28,0,3.655,1,0,35101
28,0,3.655,1,0,35101
28,0,3.655,1,0,35101
28,0,3.655,1,0,35101
28,0,3.655,1,0,35101
28,0,3.655,1,0,35101
28,0,3.655,1,0,35101
28,0,3.655,1,0,35101
28,0,3.655,1,0,35101
28,0,3.655,1,0,35101
28,0,3.655,1,0,35101
28,0,3.655,1,0,35101
28,0,3.655,1,0,35101
28,0,3.655,1,0,35101
28,0,3.655,1,0,35101
28,0,3.655,1,0,35101
28,0,3.655,1,0,35101
28,0,3.655,1,0,35101
28,0,3.655,1,0,35101
28,0,3.655,1,0,35101
28,0,3.655,1,0,35101
28,0,3.655,1,0,35101
28,0,3.655,1,0,35101
28,0,3.655,1,0,35101
28,0,3.655,1,0,35101
28,0,3.655,1,0,35101
28,0,3.655,1,0,35101
28,0,3.655,1,0,35101
28,0,3.655,1,0,35101
28,0,3.655,1,0,35101
28,0,3.655,1,0,35101
28,0,3.655,1,0,35101
28,0,3.655,1,0,35101
28,0,3.655,1,0,35101
28,0,3.655,1,0,35101
28,0,3.655,1,0,35101
28,0,3.655,1,0,35101
28,0,3.655,1,0,35101
28,0,3.655,1,0,35101
28,0,3.655,1,0,35101
28,0,3.655,1,0,35101
28,0,3.655,1,0,35101
28,0,3.655,1,0,35101
28,0,3.655,1,0,35101
28,0,3.655,1,0,35101
28,0,3.655,1,0,35101
28,0,3.655,1,0,35101
28,0,3.655,1,0,35101
28,0,3.655,1,0,35101
28,0,3.655,1,0,35101
28,0,3.655,1,0,35101
28,0,3.655,1,0,35101
28,0,3.655,1,0,35101
28,0,3.655,1,0,35101
28,0,3.655,1,0,35101
28,0,3.655,1,0,35101
28,0,3.655,1,0,35101
28,0,3.655,1,0,35101
28,0,3.655,1,0,35101
28,0,3.655,1,0,35101
28,0,3.655,1,0,35101
28,0,3.655,1,0,35101
28,0,3.655,1,0,35101
28,0,3.655,1,0,35101
28,0,3.655,1,0,35101
28,0,3.655,1,0,35101
28,0,3.655,1,0,35101
28,0,3.655,1,0,35101
28,0,3.655,1,0,35101
28,0,3.655,1,0,35101
28,0,3.655,1,0,35101
28,0,3.655,1,0,35101
28,0,3.655,1,0,35101
28,0,3.655,1,0,35101
28,0,3.655,1,0,35101
28,0,3.655,1,0,35101
28,0,3.655,1,0,35101
28,0,3.655,1,0,35101
28,0,3.655,1,0,35101
28,0,3.655,1,0,35101
28,0,3.655,1,0,35101
28,0,3.655,1,0,35101
28,0,3.655,1,0,35101
28,0,3.655,1,0,35101
28,0,3.655,1,0,35101
28,0,3.655,1,0,35101
28,0,3.655,1,0,35101
28,0,3.655,1,0,35101
28,0,3.655,1,0,35101
28,0,3.655,1,0,35101
28,0,3.655,1,0,35101
28,0,3.655,1,0,35101
28,0,3.655,1,0,35101
28,0,3.655,1,0,35101
28,0,3.655,1,0,35101
28,0,3.655,1,0,35101
28,0,3.655,1,0,35101
28,0,3.655,1,0,35101
28,0,3.655,1,0,35101
28,0,3.655,1,0,35101
28,0,3.655,1,0,35101
28,0,3.655,1,0,35101
28,0,3.655,1,0,35101
28,0,3.655,1,0,35101
28,0,3.655,1,0,35101
28,0,3.655,1,0,35101
28,0,3.655,1,0,35101
28,0,3.655,1,0,35101
28,0,3.655,1,0,35101
28,0,3.655,1,0,35101
28,0,3.655,1,0,35101
28,0,3.655,1,0,35101
28,0,3.655,1,0,35101
28,0,3.655,1,0,35101
28,0,3.655,1,0,35101
28,0,3.655,1,0,35101
28,0,3.655,1,0,35101
28,0,3.655,1,0,35101
28,0,3.655,1,0,35101
28,0,3.655,1,0,35101
28,0,3.655,1,0,35101
28,0,3.655,1,0,35101
28,0,3.655,1,0,35101
28,0,3.655,1,0,35101
28,0,3.655,1,0,35101
28,0,3.655,1,0,35101
28,0,3.655,1,0,35101
28,0,3.655,1,0,35101
28,0,3.655,1,0,35101
28,0,3.655,1,0,35101
28,0,3.655,1,0,35101
28,0,3.655,1,0,35101
28,0,3.655,1,0,35101
28,0,3.655,1,0,35101
28,0,3.655,1,0,35101
28,0,3.655,1,0,35101
28,0,3.655,1,0,35101
28,0,3.655,1,0,35101
28,0,3.655,1,0,35101
28,0,3.655,1,0,35101
28,0,3.655,1,0,35101
28,0,3.655,1,0,35101
28,0,3.655,1,0,35101
28,0,3.655,1,0,35101
28,0,3.655,1,0,35101
28,0,3.655,1,0,35101
28,0,3.655,1,0,35101
28,0,3.655,1,0,35101
28,0,3.655,1,0,35101
28,0,3.655,1,0,35101
28,0,3.655,1,0,35101
28,0,3.655,1,0,35101
28,0,3.655,1,0,35101
28,0,3.655,1,0,35101
28,0,3.655,1,0,35101
28,0,3.655,1,0,35101
28,0,3.655,1,0,35101
28,0,3.655,1,0,35101
28,0,3.655,1,0,35101
28,0,3.655,1,0,35101
28,0,3.655,1,0,35101
28,0,3.655,1,0,35101
28,0,3.655,1,0,35101
28,0,3.655,1,0,35101
28,0,3.655,1,0,35101
28,0,3.655,1,0,35101
28,0,3.655,1,0,35101
28,0,3.655,1,0,35101
28,0,3.655,1,0,35101
28,0,3.655,1,0,35101
28,0,3.655,1,0,35101
28,0,3.655,1,0,35101
28,0,3.655,1,0,35101
28,0,3.655,1,0,35101
28,0,3.655,1,0,35101
28,0,3.655,1,0,35101
28,0,3.655,1,0,35101
28,0,3.655,1,0,35101
28,0,3.655,1,0,35101
28,0,3.655,1,0,35101
28,0,3.655,1,0,35101
28,0,3.655,1,0,35101
28,0,3.655,1,0,35101
28,0,3.655,1,0,35101
28,0,3.655,1,0,35101
28,0,3.655,1,0,35101
28,0,3.655,1,0,35101
28,0,3.655,1,0,35101
28,0,3.655,1,0,35101
28,0,3.655,1,0,35101
28,0,3.655,1,0,35101
28,0,3.655,1,0,35101
28,0,3.655,1,0,35101
28,0,3.655,1,0,35101
28,0,3.655,1,0,35101
28,0,3.655,1,0,35101
28,0,3.655,1,0,35101
28,0,3.655,1,0,35101
28,0,3.655,1,0,35101
28,0,3.655,1,0,35101
28,0,3.655,1,0,35101
28,0,3.655,1,0,35101
28,0,3.655,1,0,35101
28,0,3.655,1,0,35101
28,0,3.655,1,0,35101
28,0,3.655,1,0,35101
28,0,3.655,1,0,35101
28,0,3.655,1,0,35101
28,0,3.655,1,0,35101
28,0,3.655,1,0,35101
28,0,3.655,1,0,35101
28,0,3.655,1,0,35101
28,0,3.655,1,0,35101
28,0,3.655,1,0,35101
28,0,3.655,1,0,35101
28,0,3.655,1,0,35101
28,0,3.655,1,0,35101
28,0,3.655,1,0,35101
28,0,3.655,1,0,35101
28,0,3.655,1,0,35101
28,0,3.655,1,0,35101
28,0,3.655,1,0,35101
28,0,3.655,1,0,35101
28,0,3.655,1,0,35101
28,0,3.655,1,0,35101
28,0,3.655,1,0,35101
28,0,3.655,1,0,35101
28,0,3.655,1,0,35101
28,0,3.655,1,0,35101
28,0,3.655,1,0,35101
28,0,3.655,1,0,35101
28,0,3.655,1,0,35101
28,0,3.655,1,0,35101
28,0,3.655,1,0,35101
28,0,3.655,1,0,35101
28,0,3.655,1,0,35101
28,0,3.655,1,0,35101
28,0,3.655,1,0,35101
28,0,3.655,1,0,35101
28,0,3.655,1,0,35101
28,0,3.655,1,0,35101
28,0,3.655,1,0,35101
28,0,3.655,1,0,35101
28,0,3.655,1,0,35101
28,0,3.655,1,0,35101
28,0,3.655,1,0,35101
28,0,3.655,1,0,35101
28,0,3.655,1,0,35101
28,0,3.655,1,0,35101
28,0,3.655,1,0,35101
28,0,3.655,1,0,35101
28,0,3.655,1,0,35101
28,0,3.655,1,0,35101
28,0,3.655,1,0,35101
28,0,3.655,1,0,35101
28,0,3.655,1,0,35101
28,0,3.655,1,0,35101
28,0,3.655,1,0,35101
28,0,3.655,1,0,35101
28,0,3.655,1,0,35101
28,0,3.655,1,0,35101
28,0,3.655,1,0,35101
28,0,3.655,1,0,35101
28,0,3.655,1,0,35101
28,0,3.655,1,0,35101
28,0,3.655,1,0,35101
28,0,3.655,1,0,35101
28,0,3.655,1,0,35101
28,0,3.655,1,0,35101
28,0,3.655,1,0,35101
28,0,3.655,1,0,35101
28,0,3.655,1,0,35101
28,0,3.655,1,0,35101
28,0,3.655,1,0,35101
28,0,3.655,1,0,35101
28,0,3.655,1,0,35101
28,0,3.655,1,0,35101
28,0,3.655,1,0,35101
28,0,3.655,1,0,35101
28,0,3.655,1,0,35101
28,0,3.655,1,0,35101
28,0,3.655,1,0,35101
28,0,3.655,1,0,35101
28,0,3.655,1,0,35101
28,0,3.655,1,0,35101
28,0,3.655,1,0,35101
28,0,3.655,1,0,35101
28,0,3.655,1,0,35101
28,0,3.655,1,0,35101
28,0,3.655,1,0,35101
28,0,3.655,1,0,35101
28,0,3.655,1,0,35101
28,0,3.655,1,0,35101
28,0,3.655,1,0,35101
28,0,3.655,1,0,35101
28,0,3.655,1,0,35101
28,0,3.655,1,0,35101
28,0,3.655,1,0,35101
28,0,3.655,1,0,35101
28,0,3.655,1,0,35101
28,0,3.655,1,0,35101
28,0,3.655,1,0,35101
28,0,3.655,1,0,35101
28,0,3.655,1,0,35101
28,0,3.655,1,0,35101
28,0,3.655,1,0,35101
28,0,3.655,1,0,35101
28,0,3.655,1,0,35101
28,0,3.655,1,0,35101
28,0,3.655,1,0,35101
28,0,3.655,1,0,35101
28,0,3.655,1,0,35101
28,0,3.655,1,0,35101
28,0,3.655,1,0,35101
28,0,3.655,1,0,35101
28,0,3.655,1,0,35101
28,0,3.655,1,0,35101
28,0,3.655,1,0,35101
28,0,3.655,1,0,35101
28,0,3.655,1,0,35101
28,0,3.655,1,0,35101
28,0,3.655,1,0,35101
28,0,3.655,1,0,35101
28,0,3.655,1,0,35101
28,0,3.655,1,0,35101
28,0,3.655,1,0,35101
28,0,3.655,1,0,35101
28,0,3.655,1,0,35101
28,0,3.655,1,0,35101
28,0,3.655,1,0,35101
28,0,3.655,1,0,35101
28,0,3.655,1,0,35101
28,0,3.655,1,0,35101
28,0,3.655,1,0,35101
28,0,3.655,1,0,35101
28,0,3.655,1,0,35101
28,0,3.655,1,0,35101
28,0,3.655,1,0,35101
28,0,3.655,1,0,35101
28,0,3.655,1,0,35101
28,0,3.655,1,0,35101
28,0,3.655,1,0,35101
28,0,3.655,1,0,35101
28,0,3.655,1,0,35101
28,0,3.655,1,0,35101
28,0,3.655,1,0,35101
28,0,3.655,1,0,35101
28,0,3.655,1,0,35101
28,0,3.655,1,0,35101
28,0,3.655,1,0,35101
28,0,3.655,1,0,35101
28,0,3.655,1,0,35101
28,0,3.655,1,0,35101
28,0,3.655,1,0,35101
28,0,3.655,1,0,35101
28,0,3.655,1,0,35101
28,0,3.655,1,0,35101
28,0,3.655,1,0,35101
28,0,3.655,1,0,35101
28,0,3.655,1,0,35101
28,0,3.655,1,0,35101
28,0,3.655,1,0,35101
28,0,3.655,1,0,35101
28,0,3.655,1,0,35101
28,0,3.655,1,0,35101
28,0,3.655,1,0,35101
28,0,3.655,1,0,35101
28,0,3.655,1,0,35101
28,0,3.655,1,0,35101
28,0,3.655,1,0,35101
28,0,3.655,1,0,35101
28,0,3.655,1,0,35101
28,0,3.655,1,0,35101
28,0,3.655,1,0,35101
28,0,3.655,1,0,35101
28,0,3.655,1,0,35101
28,0,3.655,1,0,35101
28,0,3.655,1,0,35101
28,0,3.655,1,0,35101
28,0,3.655,1,0,35101
28,0,3.655,1,0,35101
28,0,3.655,1,0,35101
28,0,3.655,1,0,35101
28,0,3.655,1,0,35101
28,0,3.655,1,0,35101
28,0,3.655,1,0,35101
28,0,3.655,1,0,35101
28,0,3.655,1,0,35101
28,0,3.655,1,0,35101
28,0,3.655,1,0,35101
28,0,3.655,1,0,35101
28,0,3.655,1,0,35101
28,0,3.655,1,0,35101
28,0,3.655,1,0,35101
28,0,3.655,1,0,35101
28,0,3.655,1,0,35101
28,0,3.655,1,0,35101
28,0,3.655,1,0,35101
28,0,3.655,1,0,35101
28,0,3.655,1,0,35101
28,0,3.655,1,0,35101
28,0,3.655,1,0,35101
28,0,3.655,1,0,35101
28,0,3.655,1,0,35101
28,0,3.655,1,0,35101
28,0,3.655,1,0,35101
28,0,3.655,1,0,35101
28,0,3.655,1,0,35101
28,0,3.655,1,0,35101
28,0,3.655,1,0,35101
28,0,3.655,1,0,35101
28,0,3.655,1,0,35101
28,0,3.655,1,0,35101
28,0,3.655,1,0,35101
28,0,3.655,1,0,35101
28,0,3.655,1,0,35101
28,0,3.655,1,0,35101
28,0,3.655,1,0,35101
28,0,3.655,1,0,35101
28,0,3.655,1,0,35101
28,0,3.655,1,0,35101
28,0,3.655,1,0,35101
28,0,3.655,1,0,35101
28,0,3.655,1,0,35101
28,0,3.655,1,0,35101
28,0,3.655,1,0,35101
28,0,3.655,1,0,35101
28,0,3.655,1,0,35101
28,0,3.655,1,0,35101
28,0,3.655,1,0,35101
28,0,3.655,1,0,35101
28,0,3.655,1,0,35101
28,0,3.655,1,0,35101
28,0,3.655,1,0,35101
28,0,3.655,1,0,35101
28,0,3.655,1,0,35101
28,0,3.655,1,0,35101
28,0,3.655,1,0,35101
28,0,3.655,1,0,35101
28,0,3.655,1,0,35101
28,0,3.655,1,0,35101
28,0,3.655,1,0,35101
28,0,3.655,1,0,35101
28,0,3.655,1,0,35101
28,0,3.655,1,0,35101
28,0,3.655,1,0,35101
28,0,3.655,1,0,35101
28,0,3.655,1,0,35101
28,0,3.655,1,0,35101
28,0,3.655,1,0,35101
28,0,3.655,1,0,35101
28,0,3.655,1,0,35101
28,0,3.655,1,0,35101
28,0,3.655,1,0,35101
28,0,3.655,1,0,35101
28,0,3.655,1,0,35101
28,0,3.655,1,0,35101
28,0,3.655,1,0,35101
28,0,3.655,1,0,35101
28,0,3.655,1,0,35101
28,0,3.655,1,0,35101
28,0,3.655,1,0,35101
28,0,3.655,1,0,35101
28,0,3.655,1,0,35101
28,0,3.655,1,0,35101
28,0,3.655,1,0,35101
28,0,3.655,1,0,35101
28,0,3.655,1,0,35101
28,0,3.655,1,0,35101
28,0,3.655,1,0,35101
28,0,3.655,1,0,35101
28,0,3.655,1,0,35101
28,0,3.655,1,0,35101
28,0,3.655,1,0,35101
28,0,3.655,1,0,35101
28,0,3.655,1,0,35101
28,0,3.655,1,0,35101
28,0,3.655,1,0,35101
28,0,3.655,1,0,35101
28,0,3.655,1,0,35101
28,0,3.655,1,0,35101
28,0,3.655,1,0,35101
28,0,3.655,1,0,35101
28,0,3.655,1,0,35101
28,0,3.655,1,0,35101
28,0,3.655,1,0,35101
28,0,3.655,1,0,35101
28,0,3.655,1,0,35101
28,0,3.655,1,0,35101
28,0,3.655,1,0,35101
28,0,3.655,1,0,35101
28,0,3.655,1,0,35101
28,0,3.655,1,0,35101
28,0,3.655,1,0,35101
28,0,3.655,1,0,35101
28,0,3.655,1,0,35101
28,0,3.655,1,0,35101
28,0,3.655,1,0,35101
28,0,3.655,1,0,35101
28,0,3.655,1,0,35101
28,0,3.655,1,0,35101
28,0,3.655,1,0,35101
28,0,3.655,1,0,35101
28,0,3.655,1,0,35101
28,0,3.655,1,0,35101
28,0,3.655,1,0,35101
28,0,3.655,1,0,35101
28,0,3.655,1,0,35101
28,0,3.655,1,0,35101
28,0,3.655,1,0,35101
28,0,3.655,1,0,35101
28,0,3.655,1,0,35101
28,0,3.655,1,0,35101
28,0,3.655,1,0,35101
28,0,3.655,1,0,35101
28,0,3.655,1,0,35101
28,0,3.655,1,0,35101
28,0,3.655,1,0,35101
28,0,3.655,1,0,35101
28,0,3.655,1,0,35101
28,0,3.655,1,0,35101
28,0,3.655,1,0,35101
28,0,3.655,1,0,35101
28,0,3.655,1,0,35101
28,0,3.655,1,0,35101
28,0,3.655,1,0,35101
28,0,3.655,1,0,35101
28,0,3.655,1,0,35101
28,0,3.655,1,0,35101
28,0,3.655,1,0,35101
28,0,3.655,1,0,35101
28,0,3.655,1,0,35101
28,0,3.655,1,0,35101
28,0,3.655,1,0,35101
28,0,3.655,1,0,35101
28,0,3.655,1,0,35101
28,0,3.655,1,0,35101
28,0,3.655,1,0,35101
28,0,3.655,1,0,35101
28,0,3.655,1,0,35101
28,0,3.655,1,0,35101
28,0,3.655,1,0,35101
28,0,3.655,1,0,35101
28,0,3.655,1,0,35101
28,0,3.655,1,0,35101
28,0,3.655,1,0,35101
28,0,3.655,1,0,35101
28,0,3.655,1,0,35101
28,0,3.655,1,0,35101
28,0,3.655,1,0,35101
28,0,3.655,1,0,35101
28,0,3.655,1,0,35101
28,0,3.655,1,0,35101
28,0,3.655,1,0,35101
28,0,3.655,1,0,35101
28,0,3.655,1,0,35101
28,0,3.655,1,0,35101
28,0,3.655,1,0,35101
28,0,3.655,1,0,35101
28,0,3.655,1,0,35101
28,0,3.655,1,0,35101
28,0,3.655,1,0,35101
28,0,3.655,1,0,35101
28,0,3.655,1,0,35101
28,0,3.655,1,0,35101
28,0,3.655,1,0,35101
28,0,3.655,1,0,35101
28,0,3.655,1,0,35101
28,0,3.655,1,0,35101
28,0,3.655,1,0,35101
28,0,3.655,1,0,35101
28,0,3.655,1,0,35101
28,0,3.655,1,0,35101
28,0,3.655,1,0,35101
28,0,3.655,1,0,35101
28,0,3.655,1,0,35101
28,0,3.655,1,0,35101
28,0,3.655,1,0,35101
28,0,3.655,1,0,35101
28,0,3.655,1,0,35101
28,0,3.655,1,0,35101
28,0,3.655,1,0,35101
28,0,3.655,1,0,35101
28,0,3.655,1,0,35101
28,0,3.655,1,0,35101
28,0,3.655,1,0,35101
28,0,3.655,1,0,35101
28,0,3.655,1,0,35101
28,0,3.655,1,0,35101
28,0,3.655,1,0,35101
28,0,3.655,1,0,35101
28,0,3.655,1,0,35101
28,0,3.655,1,0,35101
28,0,3.655,1,0,35101
28,0,3.655,1,0,35101
28,0,3.655,1,0,35101
28,0,3.655,1,0,35101
28,0,3.655,1,0,35101
28,0,3.655,1,0,35101
28,0,3.655,1,0,35101
28,0,3.655,1,0,35101
28,0,3.655,1,0,35101
28,0,3.655,1,0,35101
28,0,3.655,1,0,35101
28,0,3.655,1,0,35101
28,0,3.655,1,0,35101
28,0,3.655,1,0,35101
28,0,3.655,1,0,35101
28,0,3.655,1,0,35101
28,0,3.655,1,0,35101
28,0,3.655,1,0,35101
28,0,3.655,1,0,35101
28,0,3.655,1,0,35101
28,0,3.655,1,0,35101
28,0,3.655,1,0,35101
28,0,3.655,1,0,35101
28,0,3.655,1,0,35101
28,0,3.655,1,0,35101
28,0,3.655,1,0,35101
28,0,3.655,1,0,35101
28,0,3.655,1,0,35101
28,0,3.655,1,0,35101
28,0,3.655,1,0,35101
28,0,3.655,1,0,35101
28,0,3.655,1,0,35101
28,0,3.655,1,0,35101
28,0,3.655,1,0,35101
28,0,3.655,1,0,35101
28,0,3.655,1,0,35101
28,0,3.655,1,0,35101
28,0,3.655,1,0,35101
28,0,3.655,1,0,35101
28,0,3.655,1,0,35101
28,0,3.655,1,0,35101
28,0,3.655,1,0,35101
28,0,3.655,1,0,35101
28,0,3.655,1,0,35101
28,0,3.655,1,0,35101
28,0,3.655,1,0,35101
28,0,3.655,1,0,35101
28,0,3.655,1,0,35101
28,0,3.655,1,0,35101
28,0,3.655,1,0,35101
28,0,3.655,1,0,35101
28,0,3.655,1,0,35101
28,0,3.655,1,0,35101
28,0,3.655,1,0,35101
28,0,3.655,1,0,35101
28,0,3.655,1,0,35101
28,0,3.655,1,0,35101
28,0,3.655,1,0,35101
28,0,3.655,1,0,35101
28,0,3.655,1,0,35101
28,0,3.655,1,0,35101
28,0,3.655,1,0,35101
28,0,3.655,1,0,35101
28,0,3.655,1,0,35101
28,0,3.655,1,0,35101
28,0,3.655,1,0,35101
28,0,3.655,1,0,35101
28,0,3.655,1,0,35101
28,0,3.655,1,0,35101
28,0,3.655,1,0,35101
28,0,3.655,1,0,35101
28,0,3.655,1,0,35101
28,0,3.655,1,0,35101
28,0,3.655,1,0,35101
28,0,3.655,1,0,35101
28,0,3.655,1,0,35101
28,0,3.655,1,0,35101
28,0,3.655,1,0,35101
28,0,3.655,1,0,35101
28,0,3.655,1,0,35101
28,0,3.655,1,0,35101
28,0,3.655,1,0,35101
28,0,3.655,1,0,35101
28,0,3.655,1,0,35101
28,0,3.655,1,0,35101
28,0,3.655,1,0,35101
28,0,3.655,1,0,35101
28,0,3.655,1,0,35101
28,0,3.655,1,0,35101
28,0,3.655,1,0,35101
28,0,3.655,1,0,35101
28,0,3.655,1,0,35101
28,0,3.655,1,0,35101
28,0,3.655,1,0,35101
28,0,3.655,1,0,35101
28,0,3.655,1,0,35101
28,0,3.655,1,0,35101
28,0,3.655,1,0,35101
28,0,3.655,1,0,35101
28,0,3.655,1,0,35101
28,0,3.655,1,0,35101
28,0,3.655,1,0,35101
28,0,3.655,1,0,35101
28,0,3.655,1,0,35101
28,0,3.655,1,0,35101
28,0,3.655,1,0,35101
28,0,3.655,1,0,35101
28,0,3.655,1,0,35101
28,0,3.655,1,0,35101
28,0,3.655,1,0,35101
28,0,3.655,1,0,35101
28,0,3.655,1,0,35101
28,0,3.655,1,0,35101
28,0,3.655,1,0,35101
28,0,3.655,1,0,35101
28,0,3.655,1,0,35101
28,0,3.655,1,0,35101
28,0,3.655,1,0,35101
28,0,3.655,1,0,35101
28,0,3.655,1,0,35101
28,0,3.655,1,0,35101
28,0,3.655,1,0,35101
28,0,3.655,1,0,35101
28,0,3.655,1,0,35101
28,0,3.655,1,0,35101
28,0,3.655,1,0,35101
28,0,3.655,1,0,35101
28,0,3.655,1,0,35101
28,0,3.655,1,0,35101
28,0,3.655,1,0,35101
28,0,3.655,1,0,35101
28,0,3.655,1,0,35101
28,0,3.655,1,0,35101
28,0,3.655,1,0,35101
28,0,3.655,1,0,35101
28,0,3.655,1,0,35101
28,0,3.655,1,0,35101
28,0,3.655,1,0,35101
28,0,3.655,1,0,35101
28,0,3.655,1,0,35101
28,0,3.655,1,0,35101
28,0,3.655,1,0,35101
28,0,3.655,1,0,35101
28,0,3.655,1,0,35101
28,0,3.655,1,0,35101
28,0,3.655,1,0,35101
28,0,3.655,1,0,35101
28,0,3.655,1,0,35101
28,0,3.655,1,0,35101
28,0,3.655,1,0,35101
28,0,3.655,1,0,35101
28,0,3.655,1,0,35101
28,0,3.655,1,0,35101
28,0,3.655,1,0,35101
28,0,3.655,1,0,35101
28,0,3.655,1,0,35101
28,0,3.655,1,0,35101
28,0,3.655,1,0,35101
28,0,3.655,1,0,35101
28,0,3.655,1,0,35101
28,0,3.655,1,0,35101
28,0,3.655,1,0,35101
28,0,3.655,1,0,35101
28,0,3.655,1,0,35101
28,0,3.655,1,0,35101
28,0,3.655,1,0,35101
28,0,3.655,1,0,35101
28,0,3.655,1,0,35101
28,0,3.655,1,0,35101
28,0,3.655,1,0,35101
28,0,3.655,1,0,35101
28,0,3.655,1,0,35101
28,0,3.655,1,0,35101
28,0,3.655,1,0,35101
28,0,3.655,1,0,35101
28,0,3.655,1,0,35101
28,0,3.655,1,0,35101
28,0,3.655,1,0,35101
28,0,3.655,1,0,35101
28,0,3.655,1,0,35101
28,0,3.655,1,0,35101
28,0,3.655,1,0,35101
28,0,3.655,1,0,35101
28,0,3.655,1,0,35101
28,0,3.655,1,0,35101
28,0,3.655,1,0,35101
28,0,3.655,1,0,35101
28,0,3.655,1,0,35101
28,0,3.655,1,0,35101
28,0,3.655,1,0,35101
28,0,3.655,1,0,35101
28,0,3.655,1,0,35101
28,0,3.655,1,0,35101
28,0,3.655,1,0,35101
28,0,3.655,1,0,35101
28,0,3.655,1,0,35101
28,0,3.655,1,0,35101
28,0,3.655,1,0,35101
28,0,3.655,1,0,35101
28,0,3.655,1,0,35101
28,0,3.655,1,0,35101
28,0,3.655,1,0,35101
28,0,3.655,1,0,35101
28,0,3.655,1,0,35101
28,0,3.655,1,0,35101
28,0,3.655,1,0,35101
28,0,3.655,1,0,35101
28,0,3.655,1,0,35101
28,0,3.655,1,0,35101
28,0,3.655,1,0,35101
28,0,3.655,1,0,35101
28,0,3.655,1,0,35101
28,0,3.655,1,0,35101
28,0,3.655,1,0,35101
28,0,3.655,1,0,35101
28,0,3.655,1,0,35101
28,0,3.655,1,0,35101
28,0,3.655,1,0,35101
28,0,3.655,1,0,35101
28,0,3.655,1,0,35101
28,0,3.655,1,0,35101
28,0,3.655,1,0,35101
28,0,3.655,1,0,35101
28,0,3.655,1,0,35101
28,0,3.655,1,0,35101
28,0,3.655,1,0,35101
28,0,3.655,1,0,35101
28,0,3.655,1,0,35101
28,0,3.655,1,0,35101
28,0,3.655,1,0,35101
28,0,3.655,1,0,35101
28,0,3.655,1,0,35101
28,0,3.655,1,0,35101
28,0,3.655,1,0,35101
28,0,3.655,1,0,35101
28,0,3.655,1,0,35101
28,0,3.655,1,0,35101
28,0,3.655,1,0,35101
28,0,3.655,1,0,35101
28,0,3.655,1,0,35101
28,0,3.655,1,0,35101
28,0,3.655,1,0,35101
28,0,3.655,1,0,35101
28,0,3.655,1,0,35101
28,0,3.655,1,0,35101
28,0,3.655,1,0,35101
28,0,3.655,1,0,35101
28,0,3.655,1,0,35101
28,0,3.655,1,0,35101
28,0,3.655,1,0,35101
28,0,3.655,1,0,35101
28,0,3.655,1,0,35101
28,0,3.655,1,0,35101
28,0,3.655,1,0,35101
28,0,3.655,1,0,35101
28,0,3.655,1,0,35101
28,0,3.655,1,0,35101
28,0,3.655,1,0,35101
28,0,3.655,1,0,35101
28,0,3.655,1,0,35101
28,0,3.655,1,0,35101
28,0,3.655,1,0,35101
28,0,3.655,1,0,35101
28,0,3.655,1,0,35101
28,0,3.655,1,0,35101
28,0,3.655,1,0,35101
28,0,3.655,1,0,35101
28,0,3.655,1,0,35101
28,0,3.655,1,0,35101
28,0,3.655,1,0,35101
28,0,3.655,1,0,35101
28,0,3.655,1,0,35101
28,0,3.655,1,0,35101
28,0,3.655,1,0,35101
28,0,3.655,1,0,35101
28,0,3.655,1,0,35101
28,0,3.655,1,0,35101
28,0,3.655,1,0,35101
28,0,3.655,1,0,35101
28,0,3.655,1,0,35101
28,0,3.655,1,0,35101
28,0,3.655,1,0,35101
28,0,3.655,1,0,35101
28,0,3.655,1,0,35101
28,0,3.655,1,0,35101
28,0,3.655,1,0,35101
28,0,3.655,1,0,35101
28,0,3.655,1,0,35101
28,0,3.655,1,0,35101
28,0,3.655,1,0,35101
28,0,3.655,1,0,35101
28,0,3.655,1,0,35101
28,0,3.655,1,0,35101
28,0,3.655,1,0,35101
28,0,3.655,1,0,35101
28,0,3.655,1,0,35101
28,0,3.655,1,0,35101
28,0,3.655,1,0,35101
28,0,3.655,1,0,35101
28,0,3.655,1,0,35101
28,0,3.655,1,0,35101
28,0,3.655,1,0,35101
28,0,3.655,1,0,35101
28,0,3.655,1,0,35101
28,0,3.655,1,0,35101
28,0,3.655,1,0,35101
28,0,3.655,1,0,35101
28,0,3.655,1,0,35101
28,0,3.655,1,0,35101
28,0,3.655,1,0,35101
28,0,3.655,1,0,35101
28,0,3.655,1,0,35101
28,0,3.655,1,0,35101
28,0,3.655,1,0,35101
28,0,3.655,1,0,35101
28,0,3.655,1,0,35101
28,0,3.655,1,0,35101
28,0,3.655,1,0,35101
28,0,3.655,1,0,35101
28,0,3.655,1,0,35101
28,0,3.655,1,0,35101
28,0,3.655,1,0,35101
28,0,3.655,1,0,35101
28,0,3.655,1,0,35101
28,0,3.655,1,0,35101
28,0,3.655,1,0,35101
28,0,3.655,1,0,35101
28,0,3.655,1,0,35101
28,0,3.655,1,0,35101
28,0,3.655,1,0,35101
28,0,3.655,1,0,35101
28,0,3.655,1,0,35101
28,0,3.655,1,0,35101
28,0,3.655,1,0,35101
28,0,3.655,1,0,35101
28,0,3.655,1,0,35101
28,0,3.655,1,0,35101
28,0,3.655,1,0,35101
28,0,3.655,1,0,35101
28,0,3.655,1,0,35101
28,0,3.655,1,0,35101
28,0,3.655,1,0,35101
28,0,3.655,1,0,35101
28,0,3.655,1,0,35101
28,0,3.655,1,0,35101
28,0,3.655,1,0,35101
28,0,3.655,1,0,35101
28,0,3.655,1,0,35101
28,0,3.655,1,0,35101
28,0,3.655,1,0,35101
28,0,3.655,1,0,35101
28,0,3.655,1,0,35101
28,0,3.655,1,0,35101
28,0,3.655,1,0,35101
28,0,3.655,1,0,35101
28,0,3.655,1,0,35101
28,0,3.655,1,0,35101
28,0,3.655,1,0,35101
28,0,3.655,1,0,35101
28,0,3.655,1,0,35101
28,0,3.655,1,0,35101
28,0,3.655,1,0,35101
28,0,3.655,1,0,35101
28,0,3.655,1,0,35101
28,0,3.655,1,0,35101
28,0,3.655,1,0,35101
28,0,3.655,1,0,35101
28,0,3.655,1,0,35101
28,0,3.655,1,0,35101
28,0,3.655,1,0,35101
28,0,3.655,1,0,35101
28,0,3.655,1,0,35101
28,0,3.655,1,0,35101
28,0,3.655,1,0,35101
28,0,3.655,1,0,35101
28,0,3.655,1,0,35101
28,0,3.655,1,0,35101
28,0,3.655,1,0,35101
28,0,3.655,1,0,35101
28,0,3.655,1,0,35101
28,0,3.655,1,0,35101
28,0,3.655,1,0,35101
28,0,3.655,1,0,35101
28,0,3.655,1,0,35101
28,0,3.655,1,0,35101
28,0,3.655,1,0,35101
28,0,3.655,1,0,35101
28,0,3.655,1,0,35101
28,0,3.655,1,0,35101
28,0,3.655,1,0,35101
28,0,3.655,1,0,35101
28,0,3.655,1,0,35101
28,0,3.655,1,0,35101
28,0,3.655,1,0,35101
28,0,3.655,1,0,35101
28,0,3.655,1,0,35101
28,0,3.655,1,0,35101
28,0,3.655,1,0,35101
28,0,3.655,1,0,35101
28,0,3.655,1,0,35101
28,0,3.655,1,0,35101
28,0,3.655,1,0,35101
28,0,3.655,1,0,35101
28,0,3.655,1,0,35101
28,0,3.655,1,0,35101
28,0,3.655,1,0,35101
28,0,3.655,1,0,35101
28,0,3.655,1,0,35101
28,0,3.655,1,0,35101
28,0,3.655,1,0,35101
28,0,3.655,1,0,35101
28,0,3.655,1,0,35101
28,0,3.655,1,0,35101
28,0,3.655,1,0,35101
28,0,3.655,1,0,35101
28,0,3.655,1,0,35101
28,0,3.655,1,0,35101
28,0,3.655,1,0,35101
28,0,3.655,1,0,35101
28,0,3.655,1,0,35101
28,0,3.655,1,0,35101
28,0,3.655,1,0,35101
28,0,3.655,1,0,35101
28,0,3.655,1,0,35101
28,0,3.655,1,0,35101
28,0,3.655,1,0,35101
28,0,3.655,1,0,35101
28,0,3.655,1,0,35101
28,0,3.655,1,0,35101
28,0,3.655,1,0,35101
28,0,3.655,1,0,35101
28,0,3.655,1,0,35101
28,0,3.655,1,0,35101
28,0,3.655,1,0,35101
28,0,3.655,1,0,35101
28,0,3.655,1,0,35101
28,0,3.655,1,0,35101
28,0,3.655,1,0,35101
28,0,3.655,1,0,35101
28,0,3.655,1,0,35101
28,0,3.655,1,0,35101
28,0,3.655,1,0,35101
28,0,3.655,1,0,35101
28,0,3.655,1,0,35101
28,0,3.655,1,0,35101
28,0,3.655,1,0,35101
28,0,3.655,1,0,35101
28,0,3.655,1,0,35101
28,0,3.655,1,0,35101
28,0,3.655,1,0,35101
28,0,3.655,1,0,35101
28,0,3.655,1,0,35101
28,0,3.655,1,0,35101
28,0,3.655,1,0,35101
28,0,3.655,1,0,35101
28,0,3.655,1,0,35101
28,0,3.655,1,0,35101
28,0,3.655,1,0,35101
28,0,3.655,1,0,35101
28,0,3.655,1,0,35101
28,0,3.655,1,0,35101
28,0,3.655,1,0,35101
28,0,3.655,1,0,35101
28,0,3.655,1,0,35101
28,0,3.655,1,0,35101
28,0,3.655,1,0,35101
28,0,3.655,1,0,35101
28,0,3.655,1,0,35101
28,0,3.655,1,0,35101
28,0,3.655,1,0,35101
28,0,3.655,1,0,35101
28,0,3.655,1,0,35101
28,0,3.655,1,0,35101
28,0,3.655,1,0,35101
28,0,3.655,1,0,35101
28,0,3.655,1,0,35101
28,0,3.655,1,0,35101
28,0,3.655,1,0,35101
28,0,3.655,1,0,35101
28,0,3.655,1,0,35101
28,0,3.655,1,0,35101
28,0,3.655,1,0,35101
28,0,3.655,1,0,35101
28,0,3.655,1,0,35101
28,0,3.655,1,0,35101
28,0,3.655,1,0,35101
28,0,3.655,1,0,35101
28,0,3.655,1,0,35101
28,0,3.655,1,0,35101
28,0,3.655,1,0,35101
28,0,3.655,1,0,35101
28,0,3.655,1,0,35101
28,0,3.655,1,0,35101
28,0,3.655,1,0,35101
28,0,3.655,1,0,35101
28,0,3.655,1,0,35101
28,0,3.655,1,0,35101
28,0,3.655,1,0,35101
28,0,3.655,1,0,35101
28,0,3.655,1,0,35101
28,0,3.655,1,0,35101
28,0,3.655,1,0,35101
28,0,3.655,1,0,35101
28,0,3.655,1,0,35101
28,0,3.655,1,0,35101
28,0,3.655,1,0,35101
28,0,3.655,1,0,35101
28,0,3.655,1,0,35101
28,0,3.655,1,0,35101
28,0,3.655,1,0,35101
28,0,3.655,1,0,35101
28,0,3.655,1,0,35101
28,0,3.655,1,0,35101
28,0,3.655,1,0,35101
28,0,3.655,1,0,35101
28,0,3.655,1,0,35101
28,0,3.655,1,0,35101
28,0,3.655,1,0,35101
28,0,3.655,1,0,35101
28,0,3.655,1,0,35101
28,0,3.655,1,0,35101
28,0,3.655,1,0,35101
28,0,3.655,1,0,35101
28,0,3.655,1,0,35101
28,0,3.655,1,0,35101
28,0,3.655,1,0,35101
28,0,3.655,1,0,35101
28,0,3.655,1,0,35101
28,0,3.655,1,0,35101
28,0,3.655,1,0,35101
28,0,3.655,1,0,35101
28,0,3.655,1,0,35101
28,0,3.655,1,0,35101
28,0,3.655,1,0,35101
28,0,3.655,1,0,35101
28,0,3.655,1,0,35101
28,0,3.655,1,0,35101
28,0,3.655,1,0,35101
28,0,3.655,1,0,35101
28,0,3.655,1,0,35101
28,0,3.655,1,0,35101
28,0,3.655,1,0,35101
28,0,3.655,1,0,35101
28,0,3.655,1,0,35101
28,0,3.655,1,0,35101
28,0,3.655,1,0,35101
28,0,3.655,1,0,35101
28,0,3.655,1,0,35101
28,0,3.655,1,0,35101
28,0,3.655,1,0,35101
28,0,3.655,1,0,35101
28,0,3.655,1,0,35101
28,0,3.655,1,0,35101
28,0,3.655,1,0,35101
28,0,3.655,1,0,35101
28,0,3.655,1,0,35101
28,0,3.655,1,0,35101
28,0,3.655,1,0,35101
28,0,3.655,1,0,35101
28,0,3.655,1,0,35101
28,0,3.655,1,0,35101
28,0,3.655,1,0,35101
28,0,3.655,1,0,35101
28,0,3.655,1,0,35101
28,0,3.655,1,0,35101
28,0,3.655,1,0,35101
28,0,3.655,1,0,35101
28,0,3.655,1,0,35101
28,0,3.655,1,0,35101
28,0,3.655,1,0,35101
28,0,3.655,1,0,35101
28,0,3.655,1,0,35101
28,0,3.655,1,0,35101
28,0,3.655,1,0,35101
28,0,3.655,1,0,35101
28,0,3.655,1,0,35101
28,0,3.655,1,0,35101
28,0,3.655,1,0,35101
28,0,3.655,1,0,35101
28,0,3.655,1,0,35101
28,0,3.655,1,0,35101
28,0,3.655,1,0,35101
28,0,3.655,1,0,35101
28,0,3.655,1,0,35101
28,0,3.655,1,0,35101
28,0,3.655,1,0,35101
28,0,3.655,1,0,35101
28,0,3.655,1,0,35101
28,0,3.655,1,0,35101
28,0,3.655,1,0,35101
28,0,3.655,1,0,35101
28,0,3.655,1,0,35101
28,0,3.655,1,0,35101
28,0,3.655,1,0,35101
28,0,3.655,1,0,35101
28,0,3.655,1,0,35101
28,0,3.655,1,0,35101
28,0,3.655,1,0,35101
28,0,3.655,1,0,35101
28,0,3.655,1,0,35101
28,0,3.655,1,0,35101
28,0,3.655,1,0,35101
28,0,3.655,1,0,35101
28,0,3.655,1,0,35101
28,0,3.655,1,0,35101
28,0,3.655,1,0,35101
28,0,3.655,1,0,35101
28,0,3.655,1,0,35101
28,0,3.655,1,0,35101
28,0,3.655,1,0,35101
28,0,3.655,1,0,35101
28,0,3.655,1,0,35101
28,0,3.655,1,0,35101
28,0,3.655,1,0,35101
28,0,3.655,1,0,35101
28,0,3.655,1,0,35101
28,0,3.655,1,0,35101
28,0,3.655,1,0,35101
28,0,3.655,1,0,35101
28,0,3.655,1,0,35101
28,0,3.655,1,0,35101
28,0,3.655,1,0,35101
28,0,3.655,1,0,35101
28,0,3.655,1,0,35101
28,0,3.655,1,0,35101
28,0,3.655,1,0,35101
28,0,3.655,1,0,35101
28,0,3.655,1,0,35101
28,0,3.655,1,0,35101
28,0,3.655,1,0,35101
28,0,3.655,1,0,35101
28,0,3.655,1,0,35101
28,0,3.655,1,0,35101
28,0,3.655,1,0,35101
28,0,3.655,1,0,35101
28,0,3.655,1,0,35101
28,0,3.655,1,0,35101
28,0,3.655,1,0,35101
28,0,3.655,1,0,35101
28,0,3.655,1,0,35101
28,0,3.655,1,0,35101
28,0,3.655,1,0,35101
28,0,3.655,1,0,35101
28,0,3.655,1,0,35101
28,0,3.655,1,0,35101
28,0,3.655,1,0,35101
28,0,3.655,1,0,35101
28,0,3.655,1,0,35101
28,0,3.655,1,0,35101
28,0,3.655,1,0,35101
28,0,3.655,1,0,35101
28,0,3.655,1,0,35101
28,0,3.655,1,0,35101
28,0,3.655,1,0,35101
28,0,3.655,1,0,35101
28,0,3.655,1,0,35101
28,0,3.655,1,0,35101
28,0,3.655,1,0,35101
28,0,3.655,1,0,35101
28,0,3.655,1,0,35101
28,0,3.655,1,0,35101
28,0,3.655,1,0,35101
28,0,3.655,1,0,35101
28,0,3.655,1,0,35101
28,0,3.655,1,0,35101
28,0,3.655,1,0,35101
28,0,3.655,1,0,35101
28,0,3.655,1,0,35101
28,0,3.655,1,0,35101
28,0,3.655,1,0,35101
28,0,3.655,1,0,35101
28,0,3.655,1,0,35101
28,0,3.655,1,0,35101
28,0,3.655,1,0,35101
28,0,3.655,1,0,35101
28,0,3.655,1,0,35101
28,0,3.655,1,0,35101
28,0,3.655,1,0,35101
28,0,3.655,1,0,35101
28,0,3.655,1,0,35101
28,0,3.655,1,0,35101
28,0,3.655,1,0,35101
28,0,3.655,1,0,35101
28,0,3.655,1,0,35101
28,0,3.655,1,0,35101
28,0,3.655,1,0,35101
28,0,3.655,1,0,35101
28,0,3.655,1,0,35101
28,0,3.655,1,0,35101
28,0,3.655,1,0,35101
28,0,3.655,1,0,35101
28,0,3.655,1,0,35101
28,0,3.655,1,0,35101
28,0,3.655,1,0,35101
28,0,3.655,1,0,35101
28,0,3.655,1,0,35101
28,0,3.655,1,0,35101
28,0,3.655,1,0,35101
28,0,3.655,1,0,35101
28,0,3.655,1,0,35101
28,0,3.655,1,0,35101
28,0,3.655,1,0,35101
28,0,3.655,1,0,35101
28,0,3.655,1,0,35101
28,0,3.655,1,0,35101
28,0,3.655,1,0,35101
28,0,3.655,1,0,35101
28,0,3.655,1,0,35101
28,0,3.655,1,0,35101
28,0,3.655,1,0,35101
28,0,3.655,1,0,35101
28,0,3.655,1,0,35101
28,0,3.655,1,0,35101
28,0,3.655,1,0,35101
28,0,3.655,1,0,35101
28,0,3.655,1,0,35101
28,0,3.655,1,0,35101
28,0,3.655,1,0,35101
28,0,3.655,1,0,35101
28,0,3.655,1,0,35101
28,0,3.655,1,0,35101
28,0,3.655,1,0,35101
28,0,3.655,1,0,35101
28,0,3.655,1,0,35101
28,0,3.655,1,0,35101
28,0,3.655,1,0,35101
28,0,3.655,1,0,35101
28,0,3.655,1,0,35101
28,0,3.655,1,0,35101
28,0,3.655,1,0,35101
28,0,3.655,1,0,35101
28,0,3.655,1,0,35101
28,0,3.655,1,0,35101
28,0,3.655,1,0,35101
28,0,3.655,1,0,35101
28,0,3.655,1,0,35101
28,0,3.655,1,0,35101
28,0,3.655,1,0,35101
28,0,3.655,1,0,35101
28,0,3.655,1,0,35101
28,0,3.655,1,0,35101
28,0,3.655,1,0,35101
28,0,3.655,1,0,35101
28,0,3.655,1,0,35101
28,0,3.655,1,0,35101
28,0,3.655,1,0,35101
28,0,3.655,1,0,35101
28,0,3.655,1,0,35101
28,0,3.655,1,0,35101
28,0,3.655,1,0,35101
28,0,3.655,1,0,35101
28,0,3.655,1,0,35101
28,0,3.655,1,0,35101
28,0,3.655,1,0,35101
28,0,3.655,1,0,35101
28,0,3.655,1,0,35101
28,0,3.655,1,0,35101
28,0,3.655,1,0,35101
28,0,3.655,1,0,35101
28,0,3.655,1,0,35101
28,0,3.655,1,0,35101
28,0,3.655,1,0,35101
28,0,3.655,1,0,35101
28,0,3.655,1,0,35101
28,0,3.655,1,0,35101
28,0,3.655,1,0,35101
28,0,3.655,1,0,35101
28,0,3.655,1,0,35101
28,0,3.655,1,0,35101
28,0,3.655,1,0,35101
28,0,3.655,1,0,35101
28,0,3.655,1,0,35101
28,0,3.655,1,0,35101
28,0,3.655,1,0,35101
28,0,3.655,1,0,35101
28,0,3.655,1,0,35101
28,0,3.655,1,0,35101
28,0,3.655,1,0,35101
28,0,3.655,1,0,35101
28,0,3.655,1,0,35101
28,0,3.655,1,0,35101
28,0,3.655,1,0,35101
28,0,3.655,1,0,35101
28,0,3.655,1,0,35101
28,0,3.655,1,0,35101
28,0,3.655,1,0,35101
28,0,3.655,1,0,35101
28,0,3.655,1,0,35101
28,0,3.655,1,0,35101
28,0,3.655,1,0,35101
28,0,3.655,1,0,35101
28,0,3.655,1,0,35101
28,0,3.655,1,0,35101
28,0,3.655,1,0,35101
28,0,3.655,1,0,35101
28,0,3.655,1,0,35101
28,0,3.655,1,0,35101
28,0,3.655,1,0,35101
28,0,3.655,1,0,35101
28,0,3.655,1,0,35101
28,0,3.655,1,0,35101
28,0,3.655,1,0,35101
28,0,3.655,1,0,35101
28,0,3.655,1,0,35101
28,0,3.655,1,0,35101
28,0,3.655,1,0,35101
28,0,3.655,1,0,35101
28,0,3.655,1,0,35101
28,0,3.655,1,0,35101
28,0,3.655,1,0,35101
28,0,3.655,1,0,35101
28,0,3.655,1,0,35101
28,0,3.655,1,0,35101
28,0,3.655,1,0,35101
28,0,3.655,1,0,35101
28,0,3.655,1,0,35101
28,0,3.655,1,0,35101
28,0,3.655,1,0,35101
28,0,3.655,1,0,35101
28,0,3.655,1,0,35101
28,0,3.655,1,0,35101
28,0,3.655,1,0,35101
28,0,3.655,1,0,35101
28,0,3.655,1,0,35101
28,0,3.655,1,0,35101
28,0,3.655,1,0,35101
28,0,3.655,1,0,35101
28,0,3.655,1,0,35101
28,0,3.655,1,0,35101
28,0,3.655,1,0,35101
28,0,3.655,1,0,35101
28,0,3.655,1,0,35101
28,0,3.655,1,0,35101
28,0,3.655,1,0,35101
28,0,3.655,1,0,35101
28,0,3.655,1,0,35101
28,0,3.655,1,0,35101
28,0,3.655,1,0,35101
28,0,3.655,1,0,35101
28,0,3.655,1,0,35101
28,0,3.655,1,0,35101
28,0,3.655,1,0,35101
28,0,3.655,1,0,35101
28,0,3.655,1,0,35101
28,0,3.655,1,0,35101
28,0,3.655,1,0,35101
28,0,3.655,1,0,35101
28,0,3.655,1,0,35101
28,0,3.655,1,0,35101
28,0,3.655,1,0,35101
28,0,3.655,1,0,35101
28,0,3.655,1,0,35101
28,0,3.655,1,0,35101
28,0,3.655,1,0,35101
28,0,3.655,1,0,35101
28,0,3.655,1,0,35101
28,0,3.655,1,0,35101
28,0,3.655,1,0,35101
28,0,3.655,1,0,35101
28,0,3.655,1,0,35101
28,0,3.655,1,0,35101
28,0,3.655,1,0,35101
28,0,3.655,1,0,35101
28,0,3.655,1,0,35101
28,0,3.655,1,0,35101
28,0,3.655,1,0,35101
28,0,3.655,1,0,35101
28,0,3.655,1,0,35101
28,0,3.655,1,0,35101
28,0,3.655,1,0,35101
28,0,3.655,1,0,35101
28,0,3.655,1,0,35101
28,0,3.655,1,0,35101
28,0,3.655,1,0,35101
28,0,3.655,1,0,35101
28,0,3.655,1,0,35101
28,0,3.655,1,0,35101
28,0,3.655,1,0,35101
28,0,3.655,1,0,35101
28,0,3.655,1,0,35101
28,0,3.655,1,0,35101
28,0,3.655,1,0,35101
28,0,3.655,1,0,35101
28,0,3.655,1,0,35101
28,0,3.655,1,0,35101
28,0,3.655,1,0,35101
28,0,3.655,1,0,35101
28,0,3.655,1,0,35101
28,0,3.655,1,0,35101
28,0,3.655,1,0,35101
28,0,3.655,1,0,35101
28,0,3.655,1,0,35101
28,0,3.655,1,0,35101
28,0,3.655,1,0,35101
28,0,3.655,1,0,35101
28,0,3.655,1,0,35101
28,0,3.655,1,0,35101
28,0,3.655,1,0,35101
28,0,3.655,1,0,35101
28,0,3.655,1,0,35101
28,0,3.655,1,0,35101
28,0,3.655,1,0,35101
28,0,3.655,1,0,35101
28,0,3.655,1,0,35101
28,0,3.655,1,0,35101
28,0,3.655,1,0,35101
28,0,3.655,1,0,35101
28,0,3.655,1,0,35101
28,0,3.655,1,0,35101
28,0,3.655,1,0,35101
28,0,3.655,1,0,35101
28,0,3.655,1,0,35101
28,0,3.655,1,0,35101
28,0,3.655,1,0,35101
28,0,3.655,1,0,35101
28,0,3.655,1,0,35101
28,0,3.655,1,0,35101
28,0,3.655,1,0,35101
28,0,3.655,1,0,35101
28,0,3.655,1,0,35101
28,0,3.655,1,0,35101
28,0,3.655,1,0,35101
28,0,3.655,1,0,35101
28,0,3.655,1,0,35101
28,0,3.655,1,0,35101
28,0,3.655,1,0,35101
28,0,3.655,1,0,35101
28,0,3.655,1,0,35101
28,0,3.655,1,0,35101
28,0,3.655,1,0,35101
28,0,3.655,1,0,35101
28,0,3.655,1,0,35101
28,0,3.655,1,0,35101
28,0,3.655,1,0,35101
28,0,3.655,1,0,35101
28,0,3.655,1,0,35101
28,0,3.655,1,0,35101
28,0,3.655,1,0,35101
28,0,3.655,1,0,35101
28,0,3.655,1,0,35101
28,0,3.655,1,0,35101
28,0,3.655,1,0,35101
28,0,3.655,1,0,35101
28,0,3.655,1,0,35101
28,0,3.655,1,0,35101
28,0,3.655,1,0,35101
28,0,3.655,1,0,35101
28,0,3.655,1,0,35101
28,0,3.655,1,0,35101
28,0,3.655,1,0,35101
28,0,3.655,1,0,35101
28,0,3.655,1,0,35101
28,0,3.655,1,0,35101
28,0,3.655,1,0,35101
28,0,3.655,1,0,35101
28,0,3.655,1,0,35101
28,0,3.655,1,0,35101
28,0,3.655,1,0,35101
28,0,3.655,1,0,35101
28,0,3.655,1,0,35101
28,0,3.655,1,0,35101
28,0,3.655,1,0,35101
28,0,3.655,1,0,35101
28,0,3.655,1,0,35101
28,0,3.655,1,0,35101
28,0,3.655,1,0,35101
28,0,3.655,1,0,35101
28,0,3.655,1,0,35101
28,0,3.655,1,0,35101
28,0,3.655,1,0,35101
28,0,3.655,1,0,35101
28,0,3.655,1,0,35101
28,0,3.655,1,0,35101
28,0,3.655,1,0,35101
28,0,3.655,1,0,35101
28,0,3.655,1,0,35101
28,0,3.655,1,0,35101
28,0,3.655,1,0,35101
28,0,3.655,1,0,35101
28,0,3.655,1,0,35101
28,0,3.655,1,0,35101
28,0,3.655,1,0,35101
28,0,3.655,1,0,35101
28,0,3.655,1,0,35101
28,0,3.655,1,0,35101
28,0,3.655,1,0,35101
28,0,3.655,1,0,35101
28,0,3.655,1,0,35101
28,0,3.655,1,0,35101
28,0,3.655,1,0,35101
28,0,3.655,1,0,35101
28,0,3.655,1,0,35101
28,0,3.655,1,0,35101
28,0,3.655,1,0,35101
28,0,3.655,1,0,35101
28,0,3.655,1,0,35101
28,0,3.655,1,0,35101
28,0,3.655,1,0,35101
28,0,3.655,1,0,35101
28,0,3.655,1,0,35101
28,0,3.655,1,0,35101
28,0,3.655,1,0,35101
28,0,3.655,1,0,35101
28,0,3.655,1,0,35101
28,0,3.655,1,0,35101
28,0,3.655,1,0,35101
28,0,3.655,1,0,35101
28,0,3.655,1,0,35101
28,0,3.655,1,0,35101
28,0,3.655,1,0,35101
28,0,3.655,1,0,35101
28,0,3.655,1,0,35101
28,0,3.655,1,0,35101
28,0,3.655,1,0,35101
28,0,3.655,1,0,35101
28,0,3.655,1,0,35101
28,0,3.655,1,0,35101
28,0,3.655,1,0,35101
28,0,3.655,1,0,35101
28,0,3.655,1,0,35101
28,0,3.655,1,0,35101
28,0,3.655,1,0,35101
28,0,3.655,1,0,35101
28,0,3.655,1,0,35101
28,0,3.655,1,0,35101
28,0,3.655,1,0,35101
28,0,3.655,1,0,35101
28,0,3.655,1,0,35101
28,0,3.655,1,0,35101
28,0,3.655,1,0,35101
28,0,3.655,1,0,35101
28,0,3.655,1,0,35101
28,0,3.655,1,0,35101
28,0,3.655,1,0,35101
28,0,3.655,1,0,35101
28,0,3.655,1,0,35101
28,0,3.655,1,0,35101
28,0,3.655,1,0,35101
28,0,3.655,1,0,35101
28,0,3.655,1,0,35101
28,0,3.655,1,0,35101
28,0,3.655,1,0,35101
28,0,3.655,1,0,35101
28,0,3.655,1,0,35101
28,0,3.655,1,0,35101
28,0,3.655,1,0,35101
28,0,3.655,1,0,35101
28,0,3.655,1,0,35101
28,0,3.655,1,0,35101
28,0,3.655,1,0,35101
28,0,3.655,1,0,35101
28,0,3.655,1,0,35101
28,0,3.655,1,0,35101
28,0,3.655,1,0,35101
28,0,3.655,1,0,35101
28,0,3.655,1,0,35101
28,0,3.655,1,0,35101
28,0,3.655,1,0,35101
28,0,3.655,1,0,35101
28,0,3.655,1,0,35101
28,0,3.655,1,0,35101
28,0,3.655,1,0,35101
28,0,3.655,1,0,35101
28,0,3.655,1,0,35101
28,0,3.655,1,0,35101
28,0,3.655,1,0,35101
28,0,3.655,1,0,35101
28,0,3.655,1,0,35101
28,0,3.655,1,0,35101
28,0,3.655,1,0,35101
28,0,3.655,1,0,35101
28,0,3.655,1,0,35101
28,0,3.655,1,0,35101
28,0,3.655,1,0,35101
28,0,3.655,1,0,35101
28,0,3.655,1,0,35101
28,0,3.655,1,0,35101
28,0,3.655,1,0,35101
28,0,3.655,1,0,35101
28,0,3.655,1,0,35101
28,0,3.655,1,0,35101
28,0,3.655,1,0,35101
28,0,3.655,1,0,35101
28,0,3.655,1,0,35101
28,0,3.655,1,0,35101
28,0,3.655,1,0,35101
28,0,3.655,1,0,35101
28,0,3.655,1,0,35101
28,0,3.655,1,0,35101
28,0,3.655,1,0,35101
28,0,3.655,1,0,35101
28,0,3.655,1,0,35101
28,0,3.655,1,0,35101
28,0,3.655,1,0,35101
28,0,3.655,1,0,35101
28,0,3.655,1,0,35101
28,0,3.655,1,0,35101
28,0,3.655,1,0,35101
28,0,3.655,1,0,35101
28,0,3.655,1,0,35101
28,0,3.655,1,0,35101
28,0,3.655,1,0,35101
28,0,3.655,1,0,35101
28,0,3.655,1,0,35101
28,0,3.655,1,0,35101
28,0,3.655,1,0,35101
28,0,3.655,1,0,35101
28,0,3.655,1,0,35101
28,0,3.655,1,0,35101
28,0,3.655,1,0,35101
28,0,3.655,1,0,35101
28,0,3.655,1,0,35101
28,0,3.655,1,0,35101
28,0,3.655,1,0,35101
28,0,3.655,1,0,35101
28,0,3.655,1,0,35101
28,0,3.655,1,0,35101
28,0,3.655,1,0,35101
28,0,3.655,1,0,35101
28,0,3.655,1,0,35101
28,0,3.655,1,0,35101
28,0,3.655,1,0,35101
28,0,3.655,1,0,35101
28,0,3.655,1,0,35101
28,0,3.655,1,0,35101
28,0,3.655,1,0,35101
28,0,3.655,1,0,35101
28,0,3.655,1,0,35101
28,0,3.655,1,0,35101
28,0,3.655,1,0,35101
28,0,3.655,1,0,35101
28,0,3.655,1,0,35101
28,0,3.655,1,0,35101
28,0,3.655,1,0,35101
28,0,3.655,1,0,35101
28,0,3.655,1,0,35101
28,0,3.655,1,0,35101
28,0,3.655,1,0,35101
28,0,3.655,1,0,35101
28,0,3.655,1,0,35101
28,0,3.655,1,0,35101
28,0,3.655,1,0,35101
28,0,3.655,1,0,35101
28,0,3.655,1,0,35101
28,0,3.655,1,0,35101
28,0,3.655,1,0,35101
28,0,3.655,1,0,35101
28,0,3.655,1,0,35101
28,0,3.655,1,0,35101
28,0,3.655,1,0,35101
28,0,3.655,1,0,35101
28,0,3.655,1,0,35101
28,0,3.655,1,0,35101
28,0,3.655,1,0,35101
28,0,3.655,1,0,35101
28,0,3.655,1,0,35101
28,0,3.655,1,0,35101
28,0,3.655,1,0,35101
28,0,3.655,1,0,35101
28,0,3.655,1,0,35101
28,0,3.655,1,0,35101
28,0,3.655,1,0,35101
28,0,3.655,1,0,35101
28,0,3.655,1,0,35101
28,0,3.655,1,0,35101
28,0,3.655,1,0,35101
28,0,3.655,1,0,35101
28,0,3.655,1,0,35101
28,0,3.655,1,0,35101
28,0,3.655,1,0,35101
28,0,3.655,1,0,35101
28,0,3.655,1,0,35101
28,0,3.655,1,0,35101
28,0,3.655,1,0,35101
28,0,3.655,1,0,35101
28,0,3.655,1,0,35101
28,0,3.655,1,0,35101
28,0,3.655,1,0,35101
28,0,3.655,1,0,35101
28,0,3.655,1,0,35101
28,0,3.655,1,0,35101
28,0,3.655,1,0,35101
28,0,3.655,1,0,35101
28,0,3.655,1,0,35101
28,0,3.655,1,0,35101
28,0,3.655,1,0,35101
28,0,3.655,1,0,35101
28,0,3.655,1,0,35101
28,0,3.655,1,0,35101
28,0,3.655,1,0,35101
28,0,3.655,1,0,35101
28,0,3.655,1,0,35101
28,0,3.655,1,0,35101
28,0,3.655,1,0,35101
28,0,3.655,1,0,35101
28,0,3.655,1,0,35101
28,0,3.655,1,0,35101
28,0,3.655,1,0,35101
28,0,3.655,1,0,35101
28,0,3.655,1,0,35101
28,0,3.655,1,0,35101
28,0,3.655,1,0,35101
28,0,3.655,1,0,35101
28,0,3.655,1,0,35101
28,0,3.655,1,0,35101
28,0,3.655,1,0,35101
28,0,3.655,1,0,35101
28,0,3.655,1,0,35101
28,0,3.655,1,0,35101
28,0,3.655,1,0,35101
28,0,3.655,1,0,35101
28,0,3.655,1,0,35101
28,0,3.655,1,0,35101
28,0,3.655,1,0,35101
28,0,3.655,1,0,35101
28,0,3.655,1,0,35101
28,0,3.655,1,0,35101
28,0,3.655,1,0,35101
28,0,3.655,1,0,35101
28,0,3.655,1,0,35101
28,0,3.655,1,0,35101
28,0,3.655,1,0,35101
28,0,3.655,1,0,35101
28,0,3.655,1,0,35101
28,0,3.655,1,0,35101
28,0,3.655,1,0,35101
28,0,3.655,1,0,35101
28,0,3.655,1,0,35101
28,0,3.655,1,0,35101
28,0,3.655,1,0,35101
28,0,3.655,1,0,35101
28,0,3.655,1,0,35101
28,0,3.655,1,0,35101
28,0,3.655,1,0,35101
28,0,3.655,1,0,35101
28,0,3.655,1,0,35101
28,0,3.655,1,0,35101
28,0,3.655,1,0,35101
28,0,3.655,1,0,35101
28,0,3.655,1,0,35101
28,0,3.655,1,0,35101
28,0,3.655,1,0,35101
28,0,3.655,1,0,35101
28,0,3.655,1,0,35101
28,0,3.655,1,0,35101
28,0,3.655,1,0,35101
28,0,3.655,1,0,35101
28,0,3.655,1,0,35101
28,0,3.655,1,0,35101
28,0,3.655,1,0,35101
28,0,3.655,1,0,35101
28,0,3.655,1,0,35101
28,0,3.655,1,0,35101
28,0,3.655,1,0,35101
28,0,3.655,1,0,35101
28,0,3.655,1,0,35101
28,0,3.655,1,0,35101
28,0,3.655,1,0,35101
28,0,3.655,1,0,35101
28,0,3.655,1,0,35101
28,0,3.655,1,0,35101
28,0,3.655,1,0,35101
28,0,3.655,1,0,35101
28,0,3.655,1,0,35101
28,0,3.655,1,0,35101
28,0,3.655,1,0,35101
28,0,3.655,1,0,35101
28,0,3.655,1,0,35101
28,0,3.655,1,0,35101
28,0,3.655,1,0,35101
28,0,3.655,1,0,35101
28,0,3.655,1,0,35101
28,0,3.655,1,0,35101
28,0,3.655,1,0,35101
28,0,3.655,1,0,35101
28,0,3.655,1,0,35101
28,0,3.655,1,0,35101
28,0,3.655,1,0,35101
28,0,3.655,1,0,35101
28,0,3.655,1,0,35101
28,0,3.655,1,0,35101
28,0,3.655,1,0,35101
28,0,3.655,1,0,35101
28,0,3.655,1,0,35101
28,0,3.655,1,0,35101
28,0,3.655,1,0,35101
28,0,3.655,1,0,35101
28,0,3.655,1,0,35101
28,0,3.655,1,0,35101
28,0,3.655,1,0,35101
28,0,3.655,1,0,35101
28,0,3.655,1,0,35101
28,0,3.655,1,0,35101
28,0,3.655,1,0,35101
28,0,3.655,1,0,35101
28,0,3.655,1,0,35101
28,0,3.655,1,0,35101
28,0,3.655,1,0,35101
28,0,3.655,1,0,35101
28,0,3.655,1,0,35101
28,0,3.655,1,0,35101
28,0,3.655,1,0,35101
28,0,3.655,1,0,35101
28,0,3.655,1,0,35101
28,0,3.655,1,0,35101
28,0,3.655,1,0,35101
28,0,3.655,1,0,35101
28,0,3.655,1,0,35101
28,0,3.655,1,0,35101
28,0,3.655,1,0,35101
28,0,3.655,1,0,35101
28,0,3.655,1,0,35101
28,0,3.655,1,0,35101
28,0,3.655,1,0,35101
28,0,3.655,1,0,35101
28,0,3.655,1,0,35101
28,0,3.655,1,0,35101
28,0,3.655,1,0,35101
28,0,3.655,1,0,35101
28,0,3.655,1,0,35101
28,0,3.655,1,0,35101
28,0,3.655,1,0,35101
28,0,3.655,1,0,35101
28,0,3.655,1,0,35101
28,0,3.655,1,0,35101
28,0,3.655,1,0,35101
28,0,3.655,1,0,35101
28,0,3.655,1,0,35101
28,0,3.655,1,0,35101
28,0,3.655,1,0,35101
28,0,3.655,1,0,35101
28,0,3.655,1,0,35101
28,0,3.655,1,0,35101
28,0,3.655,1,0,35101
28,0,3.655,1,0,35101
28,0,3.655,1,0,35101
28,0,3.655,1,0,35101
28,0,3.655,1,0,35101
28,0,3.655,1,0,35101
28,0,3.655,1,0,35101
28,0,3.655,1,0,35101
28,0,3.655,1,0,35101
28,0,3.655,1,0,35101
28,0,3.655,1,0,35101
28,0,3.655,1,0,35101
28,0,3.655,1,0,35101
28,0,3.655,1,0,35101
28,0,3.655,1,0,35101
28,0,3.655,1,0,35101
28,0,3.655,1,0,35101
28,0,3.655,1,0,35101
28,0,3.655,1,0,35101
28,0,3.655,1,0,35101
28,0,3.655,1,0,35101
28,0,3.655,1,0,35101
28,0,3.655,1,0,35101
28,0,3.655,1,0,35101
28,0,3.655,1,0,35101
28,0,3.655,1,0,35101
28,0,3.655,1,0,35101
28,0,3.655,1,0,35101
28,0,3.655,1,0,35101
28,0,3.655,1,0,35101
28,0,3.655,1,0,35101
28,0,3.655,1,0,35101
28,0,3.655,1,0,35101
28,0,3.655,1,0,35101
28,0,3.655,1,0,35101
28,0,3.655,1,0,35101
28,0,3.655,1,0,35101
28,0,3.655,1,0,35101
28,0,3.655,1,0,35101
28,0,3.655,1,0,35101
28,0,3.655,1,0,35101
28,0,3.655,1,0,35101
28,0,3.655,1,0,35101
28,0,3.655,1,0,35101
28,0,3.655,1,0,35101
28,0,3.655,1,0,35101
28,0,3.655,1,0,35101
28,0,3.655,1,0,35101
28,0,3.655,1,0,35101
28,0,3.655,1,0,35101
28,0,3.655,1,0,35101
28,0,3.655,1,0,35101
28,0,3.655,1,0,35101
28,0,3.655,1,0,35101
28,0,3.655,1,0,35101
28,0,3.655,1,0,35101
28,0,3.655,1,0,35101
28,0,3.655,1,0,35101
28,0,3.655,1,0,35101
28,0,3.655,1,0,35101
28,0,3.655,1,0,35101
28,0,3.655,1,0,35101
28,0,3.655,1,0,35101
28,0,3.655,1,0,35101
28,0,3.655,1,0,35101
28,0,3.655,1,0,35101
28,0,3.655,1,0,35101
28,0,3.655,1,0,35101
28,0,3.655,1,0,35101
28,0,3.655,1,0,35101
28,0,3.655,1,0,35101
28,0,3.655,1,0,35101
28,0,3.655,1,0,35101
28,0,3.655,1,0,35101
28,0,3.655,1,0,35101
28,0,3.655,1,0,35101
28,0,3.655,1,0,35101
28,0,3.655,1,0,35101
28,0,3.655,1,0,35101
28,0,3.655,1,0,35101
28,0,3.655,1,0,35101
28,0,3.655,1,0,35101
28,0,3.655,1,0,35101
28,0,3.655,1,0,35101
28,0,3.655,1,0,35101
28,0,3.655,1,0,35101
28,0,3.655,1,0,35101
28,0,3.655,1,0,35101
28,0,3.655,1,0,35101
28,0,3.655,1,0,35101
28,0,3.655,1,0,35101
28,0,3.655,1,0,35101
28,0,3.655,1,0,35101
28,0,3.655,1,0,35101
28,0,3.655,1,0,35101
28,0,3.655,1,0,35101
28,0,3.655,1,0,35101
28,0,3.655,1,0,35101
28,0,3.655,1,0,35101
28,0,3.655,1,0,35101
28,0,3.655,1,0,35101
28,0,3.655,1,0,35101
28,0,3.655,1,0,35101
28,0,3.655,1,0,35101
28,0,3.655,1,0,35101
28,0,3.655,1,0,35101
28,0,3.655,1,0,35101
28,0,3.655,1,0,35101
28,0,3.655,1,0,35101
28,0,3.655,1,0,35101
28,0,3.655,1,0,35101
28,0,3.655,1,0,35101
28,0,3.655,1,0,35101
28,0,3.655,1,0,35101
28,0,3.655,1,0,35101
28,0,3.655,1,0,35101
28,0,3.655,1,0,35101
28,0,3.655,1,0,35101
28,0,3.655,1,0,35101
28,0,3.655,1,0,35101
28,0,3.655,1,0,35101
28,0,3.655,1,0,35101
28,0,3.655,1,0,35101
28,0,3.655,1,0,35101
28,0,3.655,1,0,35101
28,0,3.655,1,0,35101
28,0,3.655,1,0,35101
28,0,3.655,1,0,35101
28,0,3.655,1,0,35101
28,0,3.655,1,0,35101
28,0,3.655,1,0,35101
28,0,3.655,1,0,35101
28,0,3.655,1,0,35101
28,0,3.655,1,0,35101
28,0,3.655,1,0,35101
28,0,3.655,1,0,35101
28,0,3.655,1,0,35101
28,0,3.655,1,0,35101
28,0,3.655,1,0,35101
28,0,3.655,1,0,35101
28,0,3.655,1,0,35101
28,0,3.655,1,0,35101
28,0,3.655,1,0,35101
28,0,3.655,1,0,35101
28,0,3.655,1,0,35101
28,0,3.655,1,0,35101
28,0,3.655,1,0,35101
28,0,3.655,1,0,35101
28,0,3.655,1,0,35101
28,0,3.655,1,0,35101
28,0,3.655,1,0,35101
28,0,3.655,1,0,35101
28,0,3.655,1,0,35101
28,0,3.655,1,0,35101
28,0,3.655,1,0,35101
28,0,3.655,1,0,35101
28,0,3.655,1,0,35101
28,0,3.655,1,0,35101
28,0,3.655,1,0,35101
28,0,3.655,1,0,35101
28,0,3.655,1,0,35101
28,0,3.655,1,0,35101
28,0,3.655,1,0,35101
28,0,3.655,1,0,35101
28,0,3.655,1,0,35101
28,0,3.655,1,0,35101
28,0,3.655,1,0,35101
28,0,3.655,1,0,35101
28,0,3.655,1,0,35101
28,0,3.655,1,0,35101
28,0,3.655,1,0,35101
28,0,3.655,1,0,35101
28,0,3.655,1,0,35101
28,0,3.655,1,0,35101
28,0,3.655,1,0,35101
28,0,3.655,1,0,35101
28,0,3.655,1,0,35101
28,0,3.655,1,0,35101
28,0,3.655,1,0,35101
28,0,3.655,1,0,35101
28,0,3.655,1,0,35101
28,0,3.655,1,0,35101
28,0,3.655,1,0,35101
28,0,3.655,1,0,35101
28,0,3.655,1,0,35101
28,0,3.655,1,0,35101
28,0,3.655,1,0,35101
28,0,3.655,1,0,35101
28,0,3.655,1,0,35101
28,0,3.655,1,0,35101
28,0,3.655,1,0,35101
28,0,3.655,1,0,35101
28,0,3.655,1,0,35101
28,0,3.655,1,0,35101
28,0,3.655,1,0,35101
28,0,3.655,1,0,35101
28,0,3.655,1,0,35101
28,0,3.655,1,0,35101
28,0,3.655,1,0,35101
28,0,3.655,1,0,35101
28,0,3.655,1,0,35101
28,0,3.655,1,0,35101
28,0,3.655,1,0,35101
28,0,3.655,1,0,35101
28,0,3.655,1,0,35101
28,0,3.655,1,0,35101
28,0,3.655,1,0,35101
28,0,3.655,1,0,35101
28,0,3.655,1,0,35101
28,0,3.655,1,0,35101
28,0,3.655,1,0,35101
28,0,3.655,1,0,35101
28,0,3.655,1,0,35101
28,0,3.655,1,0,35101
28,0,3.655,1,0,35101
28,0,3.655,1,0,35101
28,0,3.655,1,0,35101
28,0,3.655,1,0,35101
28,0,3.655,1,0,35101
28,0,3.655,1,0,35101
28,0,3.655,1,0,35101
28,0,3.655,1,0,35101
28,0,3.655,1,0,35101
28,0,3.655,1,0,35101
28,0,3.655,1,0,35101
28,0,3.655,1,0,35101
28,0,3.655,1,0,35101
28,0,3.655,1,0,35101
28,0,3.655,1,0,35101
28,0,3.655,1,0,35101
28,0,3.655,1,0,35101
28,0,3.655,1,0,35101
28,0,3.655,1,0,35101
28,0,3.655,1,0,35101
28,0,3.655,1,0,35101
28,0,3.655,1,0,35101
28,0,3.655,1,0,35101
28,0,3.655,1,0,35101
28,0,3.655,1,0,35101
28,0,3.655,1,0,35101
28,0,3.655,1,0,35101
28,0,3.655,1,0,35101
28,0,3.655,1,0,35101
28,0,3.655,1,0,35101
28,0,3.655,1,0,35101
28,0,3.655,1,0,35101
28,0,3.655,1,0,35101
28,0,3.655,1,0,35101
28,0,3.655,1,0,35101
28,0,3.655,1,0,35101
28,0,3.655,1,0,35101
28,0,3.655,1,0,35101
28,0,3.655,1,0,35101
28,0,3.655,1,0,35101
28,0,3.655,1,0,35101
28,0,3.655,1,0,35101
28,0,3.655,1,0,35101
28,0,3.655,1,0,35101
28,0,3.655,1,0,35101
28,0,3.655,1,0,35101
28,0,3.655,1,0,35101
28,0,3.655,1,0,35101
28,0,3.655,1,0,35101
28,0,3.655,1,0,35101
28,0,3.655,1,0,35101
28,0,3.655,1,0,35101
28,0,3.655,1,0,35101
28,0,3.655,1,0,35101
28,0,3.655,1,0,35101
28,0,3.655,1,0,35101
28,0,3.655,1,0,35101
28,0,3.655,1,0,35101
28,0,3.655,1,0,35101
28,0,3.655,1,0,35101
28,0,3.655,1,0,35101
28,0,3.655,1,0,35101
28,0,3.655,1,0,35101
28,0,3.655,1,0,35101
28,0,3.655,1,0,35101
28,0,3.655,1,0,35101
28,0,3.655,1,0,35101
28,0,3.655,1,0,35101
28,0,3.655,1,0,35101
28,0,3.655,1,0,35101
28,0,3.655,1,0,35101
28,0,3.655,1,0,35101
28,0,3.655,1,0,35101
28,0,3.655,1,0,35101
28,0,3.655,1,0,35101
28,0,3.655,1,0,35101
28,0,3.655,1,0,35101
28,0,3.655,1,0,35101
28,0,3.655,1,0,35101
28,0,3.655,1,0,35101
28,0,3.655,1,0,35101
28,0,3.655,1,0,35101
28,0,3.655,1,0,35101
28,0,3.655,1,0,35101
28,0,3.655,1,0,35101
28,0,3.655,1,0,35101
28,0,3.655,1,0,35101
28,0,3.655,1,0,35101
28,0,3.655,1,0,35101
28,0,3.655,1,0,35101
28,0,3.655,1,0,35101
28,0,3.655,1,0,35101
28,0,3.655,1,0,35101
28,0,3.655,1,0,35101
28,0,3.655,1,0,35101
28,0,3.655,1,0,35101
28,0,3.655,1,0,35101
28,0,3.655,1,0,35101
28,0,3.655,1,0,35101
28,0,3.655,1,0,35101
28,0,3.655,1,0,35101
28,0,3.655,1,0,35101
28,0,3.655,1,0,35101
28,0,3.655,1,0,35101
28,0,3.655,1,0,35101
28,0,3.655,1,0,35101
28,0,3.655,1,0,35101
28,0,3.655,1,0,35101
28,0,3.655,1,0,35101
28,0,3.655,1,0,35101
28,0,3.655,1,0,35101
28,0,3.655,1,0,35101
28,0,3.655,1,0,35101
28,0,3.655,1,0,35101
28,0,3.655,1,0,35101
28,0,3.655,1,0,35101
28,0,3.655,1,0,35101
28,0,3.655,1,0,35101
28,0,3.655,1,0,35101
28,0,3.655,1,0,35101
28,0,3.655,1,0,35101
28,0,3.655,1,0,35101
28,0,3.655,1,0,35101
28,0,3.655,1,0,35101
28,0,3.655,1,0,35101
28,0,3.655,1,0,35101
28,0,3.655,1,0,35101
28,0,3.655,1,0,35101
28,0,3.655,1,0,35101
28,0,3.655,1,0,35101
28,0,3.655,1,0,35101
28,0,3.655,1,0,35101
28,0,3.655,1,0,35101
28,0,3.655,1,0,35101
28,0,3.655,1,0,35101
28,0,3.655,1,0,35101
28,0,3.655,1,0,35101
28,0,3.655,1,0,35101
28,0,3.655,1,0,35101
28,0,3.655,1,0,35101
28,0,3.655,1,0,35101
28,0,3.655,1,0,35101
28,0,3.655,1,0,35101
28,0,3.655,1,0,35101
28,0,3.655,1,0,35101
28,0,3.655,1,0,35101
28,0,3.655,1,0,35101
28,0,3.655,1,0,35101
28,0,3.655,1,0,35101
28,0,3.655,1,0,35101
28,0,3.655,1,0,35101
28,0,3.655,1,0,35101
28,0,3.655,1,0,35101
28,0,3.655,1,0,35101
28,0,3.655,1,0,35101
28,0,3.655,1,0,35101
28,0,3.655,1,0,35101
28,0,3.655,1,0,35101
28,0,3.655,1,0,35101
28,0,3.655,1,0,35101
28,0,3.655,1,0,35101
28,0,3.655,1,0,35101
28,0,3.655,1,0,35101
28,0,3.655,1,0,35101
28,0,3.655,1,0,35101
28,0,3.655,1,0,35101
28,0,3.655,1,0,35101
28,0,3.655,1,0,35101
28,0,3.655,1,0,35101
28,0,3.655,1,0,35101
28,0,3.655,1,0,35101
28,0,3.655,1,0,35101
28,0,3.655,1,0,35101
28,0,3.655,1,0,35101
28,0,3.655,1,0,35101
28,0,3.655,1,0,35101
28,0,3.655,1,0,35101
28,0,3.655,1,0,35101
28,0,3.655,1,0,35101
28,0,3.655,1,0,35101
28,0,3.655,1,0,35101
28,0,3.655,1,0,35101
28,0,3.655,1,0,35101
28,0,3.655,1,0,35101
28,0,3.655,1,0,35101
28,0,3.655,1,0,35101
28,0,3.655,1,0,35101
28,0,3.655,1,0,35101
28,0,3.655,1,0,35101
28,0,3.655,1,0,35101
28,0,3.655,1,0,35101
28,0,3.655,1,0,35101
28,0,3.655,1,0,35101
28,0,3.655,1,0,35101
28,0,3.655,1,0,35101
28,0,3.655,1,0,35101
28,0,3.655,1,0,35101
28,0,3.655,1,0,35101
28,0,3.655,1,0,35101
28,0,3.655,1,0,35101
28,0,3.655,1,0,35101
28,0,3.655,1,0,35101
28,0,3.655,1,0,35101
28,0,3.655,1,0,35101
28,0,3.655,1,0,35101
28,0,3.655,1,0,35101
28,0,3.655,1,0,35101
28,0,3.655,1,0,35101
28,0,3.655,1,0,35101
28,0,3.655,1,0,35101
28,0,3.655,1,0,35101
28,0,3.655,1,0,35101
28,0,3.655,1,0,35101
28,0,3.655,1,0,35101
28,0,3.655,1,0,35101
28,0,3.655,1,0,35101
28,0,3.655,1,0,35101
28,0,3.655,1,0,35101
28,0,3.655,1,0,35101
28,0,3.655,1,0,35101
28,0,3.655,1,0,35101
28,0,3.655,1,0,35101
28,0,3.655,1,0,35101
28,0,3.655,1,0,35101
28,0,3.655,1,0,35101
28,0,3.655,1,0,35101
28,0,3.655,1,0,35101
28,0,3.655,1,0,35101
28,0,3.655,1,0,35101
28,0,3.655,1,0,35101
28,0,3.655,1,0,35101
28,0,3.655,1,0,35101
28,0,3.655,1,0,35101
28,0,3.655,1,0,35101
28,0,3.655,1,0,35101
28,0,3.655,1,0,35101
28,0,3.655,1,0,35101
28,0,3.655,1,0,35101
28,0,3.655,1,0,35101
28,0,3.655,1,0,35101
28,0,3.655,1,0,35101
28,0,3.655,1,0,35101
28,0,3.655,1,0,35101
28,0,3.655,1,0,35101
28,0,3.655,1,0,35101
28,0,3.655,1,0,35101
28,0,3.655,1,0,35101
28,0,3.655,1,0,35101
28,0,3.655,1,0,35101
28,0,3.655,1,0,35101
28,0,3.655,1,0,35101
28,0,3.655,1,0,35101
28,0,3.655,1,0,35101
28,0,3.655,1,0,35101
28,0,3.655,1,0,35101
28,0,3.655,1,0,35101
28,0,3.655,1,0,35101
28,0,3.655,1,0,35101
28,0,3.655,1,0,35101
28,0,3.655,1,0,35101
28,0,3.655,1,0,35101
28,0,3.655,1,0,35101
28,0,3.655,1,0,35101
28,0,3.655,1,0,35101
28,0,3.655,1,0,35101
28,0,3.655,1,0,35101
28,0,3.655,1,0,35101
28,0,3.655,1,0,35101
28,0,3.655,1,0,35101
28,0,3.655,1,0,35101
28,0,3.655,1,0,35101
28,0,3.655,1,0,35101
28,0,3.655,1,0,35101
28,0,3.655,1,0,35101
28,0,3.655,1,0,35101
28,0,3.655,1,0,35101
28,0,3.655,1,0,35101
28,0,3.655,1,0,35101
28,0,3.655,1,0,35101
28,0,3.655,1,0,35101
28,0,3.655,1,0,35101
28,0,3.655,1,0,35101
28,0,3.655,1,0,35101
28,0,3.655,1,0,35101
28,0,3.655,1,0,35101
28,0,3.655,1,0,35101
28,0,3.655,1,0,35101
28,0,3.655,1,0,35101
28,0,3.655,1,0,35101
28,0,3.655,1,0,35101
28,0,3.655,1,0,35101
28,0,3.655,1,0,35101
28,0,3.655,1,0,35101
28,0,3.655,1,0,35101
28,0,3.655,1,0,35101
28,0,3.655,1,0,35101
28,0,3.655,1,0,35101
28,0,3.655,1,0,35101
28,0,3.655,1,0,35101
28,0,3.655,1,0,35101
28,0,3.655,1,0,35101
28,0,3.655,1,0,35101
28,0,3.655,1,0,35101
28,0,3.655,1,0,35101
28,0,3.655,1,0,35101
28,0,3.655,1,0,35101
28,0,3.655,1,0,35101
28,0,3.655,1,0,35101
28,0,3.655,1,0,35101
28,0,3.655,1,0,35101
28,0,3.655,1,0,35101
28,0,3.655,1,0,35101
28,0,3.655,1,0,35101
28,0,3.655,1,0,35101
28,0,3.655,1,0,35101
28,0,3.655,1,0,35101
28,0,3.655,1,0,35101
28,0,3.655,1,0,35101
28,0,3.655,1,0,35101
28,0,3.655,1,0,35101
28,0,3.655,1,0,35101
28,0,3.655,1,0,35101
28,0,3.655,1,0,35101
28,0,3.655,1,0,35101
28,0,3.655,1,0,35101
28,0,3.655,1,0,35101
28,0,3.655,1,0,35101
28,0,3.655,1,0,35101
28,0,3.655,1,0,35101
28,0,3.655,1,0,35101
28,0,3.655,1,0,35101
28,0,3.655,1,0,35101
28,0,3.655,1,0,35101
28,0,3.655,1,0,35101
28,0,3.655,1,0,35101
28,0,3.655,1,0,35101
28,0,3.655,1,0,35101
28,0,3.655,1,0,35101
28,0,3.655,1,0,35101
28,0,3.655,1,0,35101
28,0,3.655,1,0,35101
28,0,3.655,1,0,35101
28,0,3.655,1,0,35101
28,0,3.655,1,0,35101
28,0,3.655,1,0,35101
28,0,3.655,1,0,35101
28,0,3.655,1,0,35101
28,0,3.655,1,0,35101
28,0,3.655,1,0,35101
28,0,3.655,1,0,35101
28,0,3.655,1,0,35101
28,0,3.655,1,0,35101
28,0,3.655,1,0,35101
28,0,3.655,1,0,35101
28,0,3.655,1,0,35101
28,0,3.655,1,0,35101
28,0,3.655,1,0,35101
28,0,3.655,1,0,35101
28,0,3.655,1,0,35101
28,0,3.655,1,0,35101
28,0,3.655,1,0,35101
28,0,3.655,1,0,35101
28,0,3.655,1,0,35101
28,0,3.655,1,0,35101
28,0,3.655,1,0,35101
28,0,3.655,1,0,35101
28,0,3.655,1,0,35101
28,0,3.655,1,0,35101
28,0,3.655,1,0,35101
28,0,3.655,1,0,35101
28,0,3.655,1,0,35101
28,0,3.655,1,0,35101
28,0,3.655,1,0,35101
28,0,3.655,1,0,35101
28,0,3.655,1,0,35101
28,0,3.655,1,0,35101
28,0,3.655,1,0,35101
28,0,3.655,1,0,35101
28,0,3.655,1,0,35101
28,0,3.655,1,0,35101
28,0,3.655,1,0,35101
28,0,3.655,1,0,35101
28,0,3.655,1,0,35101
28,0,3.655,1,0,35101
28,0,3.655,1,0,35101
28,0,3.655,1,0,35101
28,0,3.655,1,0,35101
28,0,3.655,1,0,35101
28,0,3.655,1,0,35101
28,0,3.655,1,0,35101
28,0,3.655,1,0,35101
28,0,3.655,1,0,35101
28,0,3.655,1,0,35101
28,0,3.655,1,0,35101
28,0,3.655,1,0,35101
28,0,3.655,1,0,35101
28,0,3.655,1,0,35101
28,0,3.655,1,0,35101
28,0,3.655,1,0,35101
28,0,3.655,1,0,35101
28,0,3.655,1,0,35101
28,0,3.655,1,0,35101
28,0,3.655,1,0,35101
28,0,3.655,1,0,35101
28,0,3.655,1,0,35101
28,0,3.655,1,0,35101
28,0,3.655,1,0,35101
28,0,3.655,1,0,35101
28,0,3.655,1,0,35101
28,0,3.655,1,0,35101
28,0,3.655,1,0,35101
28,0,3.655,1,0,35101
28,0,3.655,1,0,35101
28,0,3.655,1,0,35101
28,0,3.655,1,0,35101
28,0,3.655,1,0,35101
28,0,3.655,1,0,35101
28,0,3.655,1,0,35101
28,0,3.655,1,0,35101
28,0,3.655,1,0,35101
28,0,3.655,1,0,35101
28,0,3.655,1,0,35101
28,0,3.655,1,0,35101
28,0,3.655,1,0,35101
28,0,3.655,1,0,35101
28,0,3.655,1,0,35101
28,0,3.655,1,0,35101
28,0,3.655,1,0,35101
28,0,3.655,1,0,35101
28,0,3.655,1,0,35101
28,0,3.655,1,0,35101
28,0,3.655,1,0,35101
28,0,3.655,1,0,35101
28,0,3.655,1,0,35101
28,0,3.655,1,0,35101
28,0,3.655,1,0,35101
28,0,3.655,1,0,35101
28,0,3.655,1,0,35101
28,0,3.655,1,0,35101
28,0,3.655,1,0,35101
28,0,3.655,1,0,35101
28,0,3.655,1,0,35101
28,0,3.655,1,0,35101
28,0,3.655,1,0,35101
28,0,3.655,1,0,35101
28,0,3.655,1,0,35101
28,0,3.655,1,0,35101
28,0,3.655,1,0,35101
28,0,3.655,1,0,35101
28,0,3.655,1,0,35101
28,0,3.655,1,0,35101
28,0,3.655,1,0,35101
28,0,3.655,1,0,35101
28,0,3.655,1,0,35101
28,0,3.655,1,0,35101
28,0,3.655,1,0,35101
28,0,3.655,1,0,35101
28,0,3.655,1,0,35101
28,0,3.655,1,0,35101
28,0,3.655,1,0,35101
28,0,3.655,1,0,35101
28,0,3.655,1,0,35101
28,0,3.655,1,0,35101
28,0,3.655,1,0,35101
28,0,3.655,1,0,35101
28,0,3.655,1,0,35101
28,0,3.655,1,0,35101
28,0,3.655,1,0,35101
28,0,3.655,1,0,35101
28,0,3.655,1,0,35101
28,0,3.655,1,0,35101
28,0,3.655,1,0,35101
28,0,3.655,1,0,35101
28,0,3.655,1,0,35101
28,0,3.655,1,0,35101
28,0,3.655,1,0,35101
28,0,3.655,1,0,35101
28,0,3.655,1,0,35101
28,0,3.655,1,0,35101
28,0,3.655,1,0,35101
28,0,3.655,1,0,35101
28,0,3.655,1,0,35101
28,0,3.655,1,0,35101
28,0,3.655,1,0,35101
28,0,3.655,1,0,35101
28,0,3.655,1,0,35101
28,0,3.655,1,0,35101
28,0,3.655,1,0,35101
28,0,3.655,1,0,35101
28,0,3.655,1,0,35101
28,0,3.655,1,0,35101
28,0,3.655,1,0,35101
28,0,3.655,1,0,35101
28,0,3.655,1,0,35101
28,0,3.655,1,0,35101
28,0,3.655,1,0,35101
28,0,3.655,1,0,35101
28,0,3.655,1,0,35101
28,0,3.655,1,0,35101
28,0,3.655,1,0,35101
28,0,3.655,1,0,35101
28,0,3.655,1,0,35101
28,0,3.655,1,0,35101
28,0,3.655,1,0,35101
28,0,3.655,1,0,35101
28,0,3.655,1,0,35101
28,0,3.655,1,0,35101
28,0,3.655,1,0,35101
28,0,3.655,1,0,35101
28,0,3.655,1,0,35101
28,0,3.655,1,0,35101
28,0,3.655,1,0,35101
28,0,3.655,1,0,35101
28,0,3.655,1,0,35101
28,0,3.655,1,0,35101
28,0,3.655,1,0,35101
28,0,3.655,1,0,35101
28,0,3.655,1,0,35101
28,0,3.655,1,0,35101
28,0,3.655,1,0,35101
28,0,3.655,1,0,35101
28,0,3.655,1,0,35101
28,0,3.655,1,0,35101
28,0,3.655,1,0,35101
28,0,3.655,1,0,35101
28,0,3.655,1,0,35101
28,0,3.655,1,0,35101
28,0,3.655,1,0,35101
28,0,3.655,1,0,35101
28,0,3.655,1,0,35101
28,0,3.655,1,0,35101
28,0,3.655,1,0,35101
28,0,3.655,1,0,35101
28,0,3.655,1,0,35101
28,0,3.655,1,0,35101
28,0,3.655,1,0,35101
28,0,3.655,1,0,35101
28,0,3.655,1,0,35101
28,0,3.655,1,0,35101
28,0,3.655,1,0,35101
28,0,3.655,1,0,35101
28,0,3.655,1,0,35101
28,0,3.655,1,0,35101
28,0,3.655,1,0,35101
28,0,3.655,1,0,35101
28,0,3.655,1,0,35101
28,0,3.655,1,0,35101
28,0,3.655,1,0,35101
28,0,3.655,1,0,35101
28,0,3.655,1,0,35101
28,0,3.655,1,0,35101
28,0,3.655,1,0,35101
28,0,3.655,1,0,35101
28,0,3.655,1,0,35101
28,0,3.655,1,0,35101
28,0,3.655,1,0,35101
28,0,3.655,1,0,35101
28,0,3.655,1,0,35101
28,0,3.655,1,0,35101
28,0,3.655,1,0,35101
28,0,3.655,1,0,35101
28,0,3.655,1,0,35101
28,0,3.655,1,0,35101
28,0,3.655,1,0,35101
28,0,3.655,1,0,35101
28,0,3.655,1,0,35101
28,0,3.655,1,0,35101
28,0,3.655,1,0,35101
28,0,3.655,1,0,35101
28,0,3.655,1,0,35101
28,0,3.655,1,0,35101
28,0,3.655,1,0,35101
28,0,3.655,1,0,35101
28,0,3.655,1,0,35101
28,0,3.655,1,0,35101
28,0,3.655,1,0,35101
28,0,3.655,1,0,35101
28,0,3.655,1,0,35101
28,0,3.655,1,0,35101
28,0,3.655,1,0,35101
28,0,3.655,1,0,35101
28,0,3.655,1,0,35101
28,0,3.655,1,0,35101
28,0,3.655,1,0,35101
28,0,3.655,1,0,35101
28,0,3.655,1,0,35101
28,0,3.655,1,0,35101
28,0,3.655,1,0,35101
28,0,3.655,1,0,35101
28,0,3.655,1,0,35101
28,0,3.655,1,0,35101
28,0,3.655,1,0,35101
28,0,3.655,1,0,35101
28,0,3.655,1,0,35101
28,0,3.655,1,0,35101
28,0,3.655,1,0,35101
28,0,3.655,1,0,35101
28,0,3.655,1,0,35101
28,0,3.655,1,0,35101
28,0,3.655,1,0,35101
28,0,3.655,1,0,35101
28,0,3.655,1,0,35101
28,0,3.655,1,0,35101
28,0,3.655,1,0,35101
28,0,3.655,1,0,35101
28,0,3.655,1,0,35101
28,0,3.655,1,0,35101
28,0,3.655,1,0,35101
28,0,3.655,1,0,35101
28,0,3.655,1,0,35101
28,0,3.655,1,0,35101
28,0,3.655,1,0,35101
28,0,3.655,1,0,35101
28,0,3.655,1,0,35101
28,0,3.655,1,0,35101
28,0,3.655,1,0,35101
28,0,3.655,1,0,35101
28,0,3.655,1,0,35101
28,0,3.655,1,0,35101
28,0,3.655,1,0,35101
28,0,3.655,1,0,35101
28,0,3.655,1,0,35101
28,0,3.655,1,0,35101
28,0,3.655,1,0,35101
28,0,3.655,1,0,35101
28,0,3.655,1,0,35101
28,0,3.655,1,0,35101
28,0,3.655,1,0,35101
28,0,3.655,1,0,35101
28,0,3.655,1,0,35101
28,0,3.655,1,0,35101
28,0,3.655,1,0,35101
28,0,3.655,1,0,35101
28,0,3.655,1,0,35101
28,0,3.655,1,0,35101
28,0,3.655,1,0,35101
28,0,3.655,1,0,35101
28,0,3.655,1,0,35101
28,0,3.655,1,0,35101
28,0,3.655,1,0,35101
28,0,3.655,1,0,35101
28,0,3.655,1,0,35101
28,0,3.655,1,0,35101
28,0,3.655,1,0,35101
28,0,3.655,1,0,35101
28,0,3.655,1,0,35101
28,0,3.655,1,0,35101
28,0,3.655,1,0,35101
28,0,3.655,1,0,35101
28,0,3.655,1,0,35101
28,0,3.655,1,0,35101
28,0,3.655,1,0,35101
28,0,3.655,1,0,35101
28,0,3.655,1,0,35101
28,0,3.655,1,0,35101
28,0,3.655,1,0,35101
28,0,3.655,1,0,35101
28,0,3.655,1,0,35101
28,0,3.655,1,0,35101
28,0,3.655,1,0,35101
28,0,3.655,1,0,35101
28,0,3.655,1,0,35101
28,0,3.655,1,0,35101
28,0,3.655,1,0,35101
28,0,3.655,1,0,35101
28,0,3.655,1,0,35101
28,0,3.655,1,0,35101
28,0,3.655,1,0,35101
28,0,3.655,1,0,35101
28,0,3.655,1,0,35101
28,0,3.655,1,0,35101
28,0,3.655,1,0,35101
28,0,3.655,1,0,35101
28,0,3.655,1,0,35101
28,0,3.655,1,0,35101
28,0,3.655,1,0,35101
28,0,3.655,1,0,35101
28,0,3.655,1,0,35101
28,0,3.655,1,0,35101
28,0,3.655,1,0,35101
28,0,3.655,1,0,35101
28,0,3.655,1,0,35101
28,0,3.655,1,0,35101
28,0,3.655,1,0,35101
28,0,3.655,1,0,35101
28,0,3.655,1,0,35101
28,0,3.655,1,0,35101
28,0,3.655,1,0,35101
28,0,3.655,1,0,35101
28,0,3.655,1,0,35101
28,0,3.655,1,0,35101
28,0,3.655,1,0,35101
28,0,3.655,1,0,35101
28,0,3.655,1,0,35101
28,0,3.655,1,0,35101
28,0,3.655,1,0,35101
28,0,3.655,1,0,35101
28,0,3.655,1,0,35101
28,0,3.655,1,0,35101
28,0,3.655,1,0,35101
28,0,3.655,1,0,35101
28,0,3.655,1,0,35101
28,0,3.655,1,0,35101
28,0,3.655,1,0,35101
28,0,3.655,1,0,35101
28,0,3.655,1,0,35101
28,0,3.655,1,0,35101
28,0,3.655,1,0,35101
28,0,3.655,1,0,35101
28,0,3.655,1,0,35101
28,0,3.655,1,0,35101
28,0,3.655,1,0,35101
28,0,3.655,1,0,35101
28,0,3.655,1,0,35101
28,0,3.655,1,0,35101
28,0,3.655,1,0,35101
28,0,3.655,1,0,35101
28,0,3.655,1,0,35101
28,0,3.655,1,0,35101
28,0,3.655,1,0,35101
28,0,3.655,1,0,35101
28,0,3.655,1,0,35101
28,0,3.655,1,0,35101
28,0,3.655,1,0,35101
28,0,3.655,1,0,35101
28,0,3.655,1,0,35101
28,0,3.655,1,0,35101
28,0,3.655,1,0,35101
28,0,3.655,1,0,35101
28,0,3.655,1,0,35101
28,0,3.655,1,0,35101
28,0,3.655,1,0,35101
28,0,3.655,1,0,35101
28,0,3.655,1,0,35101
28,0,3.655,1,0,35101
28,0,3.655,1,0,35101
28,0,3.655,1,0,35101
28,0,3.655,1,0,35101
28,0,3.655,1,0,35101
28,0,3.655,1,0,35101
28,0,3.655,1,0,35101
28,0,3.655,1,0,35101
28,0,3.655,1,0,35101
28,0,3.655,1,0,35101
28,0,3.655,1,0,35101
28,0,3.655,1,0,35101
28,0,3.655,1,0,35101
28,0,3.655,1,0,35101
28,0,3.655,1,0,35101
28,0,3.655,1,0,35101
28,0,3.655,1,0,35101
28,0,3.655,1,0,35101
28,0,3.655,1,0,35101
28,0,3.655,1,0,35101
28,0,3.655,1,0,35101
28,0,3.655,1,0,35101
28,0,3.655,1,0,35101
28,0,3.655,1,0,35101
28,0,3.655,1,0,35101
28,0,3.655,1,0,35101
28,0,3.655,1,0,35101
28,0,3.655,1,0,35101
28,0,3.655,1,0,35101
28,0,3.655,1,0,35101
28,0,3.655,1,0,35101
28,0,3.655,1,0,35101
28,0,3.655,1,0,35101
28,0,3.655,1,0,35101
28,0,3.655,1,0,35101
28,0,3.655,1,0,35101
28,0,3.655,1,0,35101
28,0,3.655,1,0,35101
28,0,3.655,1,0,35101
28,0,3.655,1,0,35101
28,0,3.655,1,0,35101
28,0,3.655,1,0,35101
28,0,3.655,1,0,35101
28,0,3.655,1,0,35101
28,0,3.655,1,0,35101
28,0,3.655,1,0,35101
28,0,3.655,1,0,35101
28,0,3.655,1,0,35101
28,0,3.655,1,0,35101
28,0,3.655,1,0,35101
28,0,3.655,1,0,35101
28,0,3.655,1,0,35101
28,0,3.655,1,0,35101
28,0,3.655,1,0,35101
28,0,3.655,1,0,35101
28,0,3.655,1,0,35101
28,0,3.655,1,0,35101
28,0,3.655,1,0,35101
28,0,3.655,1,0,35101
28,0,3.655,1,0,35101
28,0,3.655,1,0,35101
28,0,3.655,1,0,35101
28,0,3.655,1,0,35101
28,0,3.655,1,0,35101
28,0,3.655,1,0,35101
28,0,3.655,1,0,35101
28,0,3.655,1,0,35101
28,0,3.655,1,0,35101
28,0,3.655,1,0,35101
28,0,3.655,1,0,35101
28,0,3.655,1,0,35101
28,0,3.655,1,0,35101
28,0,3.655,1,0,35101
28,0,3.655,1,0,35101
28,0,3.655,1,0,35101
28,0,3.655,1,0,35101
28,0,3.655,1,0,35101
28,0,3.655,1,0,35101
28,0,3.655,1,0,35101
28,0,3.655,1,0,35101
28,0,3.655,1,0,35101
28,0,3.655,1,0,35101
28,0,3.655,1,0,35101
28,0,3.655,1,0,35101
28,0,3.655,1,0,35101
28,0,3.655,1,0,35101
28,0,3.655,1,0,35101
28,0,3.655,1,0,35101
28,0,3.655,1,0,35101
28,0,3.655,1,0,35101
28,0,3.655,1,0,35101
28,0,3.655,1,0,35101
28,0,3.655,1,0,35101
28,0,3.655,1,0,35101
28,0,3.655,1,0,35101
28,0,3.655,1,0,35101
28,0,3.655,1,0,35101
28,0,3.655,1,0,35101
28,0,3.655,1,0,35101
28,0,3.655,1,0,35101
28,0,3.655,1,0,35101
28,0,3.655,1,0,35101
28,0,3.655,1,0,35101
28,0,3.655,1,0,35101
28,0,3.655,1,0,35101
28,0,3.655,1,0,35101
28,0,3.655,1,0,35101
28,0,3.655,1,0,35101
28,0,3.655,1,0,35101
28,0,3.655,1,0,35101
28,0,3.655,1,0,35101
28,0,3.655,1,0,35101
28,0,3.655,1,0,35101
28,0,3.655,1,0,35101
28,0,3.655,1,0,35101
28,0,3.655,1,0,35101
28,0,3.655,1,0,35101
28,0,3.655,1,0,35101
28,0,3.655,1,0,35101
28,0,3.655,1,0,35101
28,0,3.655,1,0,35101
28,0,3.655,1,0,35101
28,0,3.655,1,0,35101
28,0,3.655,1,0,35101
28,0,3.655,1,0,35101
28,0,3.655,1,0,35101
28,0,3.655,1,0,35101
28,0,3.655,1,0,35101
28,0,3.655,1,0,35101
28,0,3.655,1,0,35101
28,0,3.655,1,0,35101
28,0,3.655,1,0,35101
28,0,3.655,1,0,35101
28,0,3.655,1,0,35101
28,0,3.655,1,0,35101
28,0,3.655,1,0,35101
28,0,3.655,1,0,35101
28,0,3.655,1,0,35101
28,0,3.655,1,0,35101
28,0,3.655,1,0,35101
28,0,3.655,1,0,35101
28,0,3.655,1,0,35101
28,0,3.655,1,0,35101
28,0,3.655,1,0,35101
28,0,3.655,1,0,35101
28,0,3.655,1,0,35101
28,0,3.655,1,0,35101
28,0,3.655,1,0,35101
28,0,3.655,1,0,35101
28,0,3.655,1,0,35101
28,0,3.655,1,0,35101
28,0,3.655,1,0,35101
28,0,3.655,1,0,35101
28,0,3.655,1,0,35101
28,0,3.655,1,0,35101
28,0,3.655,1,0,35101
28,0,3.655,1,0,35101
28,0,3.655,1,0,35101
28,0,3.655,1,0,35101
28,0,3.655,1,0,35101
28,0,3.655,1,0,35101
28,0,3.655,1,0,35101
28,0,3.655,1,0,35101
28,0,3.655,1,0,35101
28,0,3.655,1,0,35101
28,0,3.655,1,0,35101
28,0,3.655,1,0,35101
28,0,3.655,1,0,35101
28,0,3.655,1,0,35101
28,0,3.655,1,0,35101
28,0,3.655,1,0,35101
28,0,3.655,1,0,35101
28,0,3.655,1,0,35101
28,0,3.655,1,0,35101
28,0,3.655,1,0,35101
28,0,3.655,1,0,35101
28,0,3.655,1,0,35101
28,0,3.655,1,0,35101
28,0,3.655,1,0,35101
28,0,3.655,1,0,35101
28,0,3.655,1,0,35101
28,0,3.655,1,0,35101
28,0,3.655,1,0,35101
28,0,3.655,1,0,35101
28,0,3.655,1,0,35101
28,0,3.655,1,0,35101
28,0,3.655,1,0,35101
28,0,3.655,1,0,35101
28,0,3.655,1,0,35101
28,0,3.655,1,0,35101
28,0,3.655,1,0,35101
28,0,3.655,1,0,35101
28,0,3.655,1,0,35101
28,0,3.655,1,0,35101
28,0,3.655,1,0,35101
28,0,3.655,1,0,35101
28,0,3.655,1,0,35101
28,0,3.655,1,0,35101
28,0,3.655,1,0,35101
28,0,3.655,1,0,35101
28,0,3.655,1,0,35101
28,0,3.655,1,0,35101
28,0,3.655,1,0,35101
28,0,3.655,1,0,35101
28,0,3.655,1,0,35101
28,0,3.655,1,0,35101
28,0,3.655,1,0,35101
28,0,3.655,1,0,35101
28,0,3.655,1,0,35101
28,0,3.655,1,0,35101
28,0,3.655,1,0,35101
28,0,3.655,1,0,35101
28,0,3.655,1,0,35101
28,0,3.655,1,0,35101
28,0,3.655,1,0,35101
28,0,3.655,1,0,35101
28,0,3.655,1,0,35101
28,0,3.655,1,0,35101
28,0,3.655,1,0,35101
28,0,3.655,1,0,35101
28,0,3.655,1,0,35101
28,0,3.655,1,0,35101
28,0,3.655,1,0,35101
28,0,3.655,1,0,35101
28,0,3.655,1,0,35101
28,0,3.655,1,0,35101
28,0,3.655,1,0,35101
28,0,3.655,1,0,35101
28,0,3.655,1,0,35101
28,0,3.655,1,0,35101
28,0,3.655,1,0,35101
28,0,3.655,1,0,35101
28,0,3.655,1,0,35101
28,0,3.655,1,0,35101
28,0,3.655,1,0,35101
28,0,3.655,1,0,35101
28,0,3.655,1,0,35101
28,0,3.655,1,0,35101
28,0,3.655,1,0,35101
28,0,3.655,1,0,35101
28,0,3.655,1,0,35101
28,0,3.655,1,0,35101
28,0,3.655,1,0,35101
28,0,3.655,1,0,35101
28,0,3.655,1,0,35101
28,0,3.655,1,0,35101
28,0,3.655,1,0,35101
28,0,3.655,1,0,35101
28,0,3.655,1,0,35101
28,0,3.655,1,0,35101
28,0,3.655,1,0,35101
28,0,3.655,1,0,35101
28,0,3.655,1,0,35101
28,0,3.655,1,0,35101
28,0,3.655,1,0,35101
28,0,3.655,1,0,35101
28,0,3.655,1,0,35101
28,0,3.655,1,0,35101
28,0,3.655,1,0,35101
28,0,3.655,1,0,35101
28,0,3.655,1,0,35101
28,0,3.655,1,0,35101
28,0,3.655,1,0,35101
28,0,3.655,1,0,35101
28,0,3.655,1,0,35101
28,0,3.655,1,0,35101
28,0,3.655,1,0,35101
28,0,3.655,1,0,35101
28,0,3.655,1,0,35101
28,0,3.655,1,0,35101
28,0,3.655,1,0,35101
28,0,3.655,1,0,35101
28,0,3.655,1,0,35101
28,0,3.655,1,0,35101
28,0,3.655,1,0,35101
28,0,3.655,1,0,35101
28,0,3.655,1,0,35101
28,0,3.655,1,0,35101
28,0,3.655,1,0,35101
28,0,3.655,1,0,35101
28,0,3.655,1,0,35101
28,0,3.655,1,0,35101
28,0,3.655,1,0,35101
28,0,3.655,1,0,35101
28,0,3.655,1,0,35101
28,0,3.655,1,0,35101
28,0,3.655,1,0,35101
28,0,3.655,1,0,35101
28,0,3.655,1,0,35101
28,0,3.655,1,0,35101
28,0,3.655,1,0,35101
28,0,3.655,1,0,35101
28,0,3.655,1,0,35101
28,0,3.655,1,0,35101
28,0,3.655,1,0,35101
28,0,3.655,1,0,35101
28,0,3.655,1,0,35101
28,0,3.655,1,0,35101
28,0,3.655,1,0,35101
28,0,3.655,1,0,35101
28,0,3.655,1,0,35101
28,0,3.655,1,0,35101
28,0,3.655,1,0,35101
28,0,3.655,1,0,35101
28,0,3.655,1,0,35101
28,0,3.655,1,0,35101
28,0,3.655,1,0,35101
28,0,3.655,1,0,35101
28,0,3.655,1,0,35101
28,0,3.655,1,0,35101
28,0,3.655,1,0,35101
28,0,3.655,1,0,35101
28,0,3.655,1,0,35101
28,0,3.655,1,0,35101
28,0,3.655,1,0,35101
28,0,3.655,1,0,35101
28,0,3.655,1,0,35101
28,0,3.655,1,0,35101
28,0,3.655,1,0,35101
28,0,3.655,1,0,35101
28,0,3.655,1,0,35101
28,0,3.655,1,0,35101
28,0,3.655,1,0,35101
28,0,3.655,1,0,35101
28,0,3.655,1,0,35101
28,0,3.655,1,0,35101
28,0,3.655,1,0,35101
28,0,3.655,1,0,35101
28,0,3.655,1,0,35101
28,0,3.655,1,0,35101
28,0,3.655,1,0,35101
28,0,3.655,1,0,35101
28,0,3.655,1,0,35101
28,0,3.655,1,0,35101
28,0,3.655,1,0,35101
28,0,3.655,1,0,35101
28,0,3.655,1,0,35101
28,0,3.655,1,0,35101
28,0,3.655,1,0,35101
28,0,3.655,1,0,35101
28,0,3.655,1,0,35101
28,0,3.655,1,0,35101
28,0,3.655,1,0,35101
28,0,3.655,1,0,35101
28,0,3.655,1,0,35101
28,0,3.655,1,0,35101
28,0,3.655,1,0,35101
28,0,3.655,1,0,35101
28,0,3.655,1,0,35101
28,0,3.655,1,0,35101
28,0,3.655,1,0,35101
28,0,3.655,1,0,35101
28,0,3.655,1,0,35101
28,0,3.655,1,0,35101
28,0,3.655,1,0,35101
28,0,3.655,1,0,35101
28,0,3.655,1,0,35101
28,0,3.655,1,0,35101
28,0,3.655,1,0,35101
28,0,3.655,1,0,35101
28,0,3.655,1,0,35101
28,0,3.655,1,0,35101
28,0,3.655,1,0,35101
28,0,3.655,1,0,35101
28,0,3.655,1,0,35101
28,0,3.655,1,0,35101
28,0,3.655,1,0,35101
28,0,3.655,1,0,35101
28,0,3.655,1,0,35101
28,0,3.655,1,0,35101
28,0,3.655,1,0,35101
28,0,3.655,1,0,35101
28,0,3.655,1,0,35101
28,0,3.655,1,0,35101
28,0,3.655,1,0,35101
28,0,3.655,1,0,35101
28,0,3.655,1,0,35101
28,0,3.655,1,0,35101
28,0,3.655,1,0,35101
28,0,3.655,1,0,35101
28,0,3.655,1,0,35101
28,0,3.655,1,0,35101
28,0,3.655,1,0,35101
28,0,3.655,1,0,35101
28,0,3.655,1,0,35101
28,0,3.655,1,0,35101
28,0,3.655,1,0,35101
28,0,3.655,1,0,35101
28,0,3.655,1,0,35101
28,0,3.655,1,0,35101
28,0,3.655,1,0,35101
28,0,3.655,1,0,35101
28,0,3.655,1,0,35101
28,0,3.655,1,0,35101
28,0,3.655,1,0,35101
28,0,3.655,1,0,35101
28,0,3.655,1,0,35101
28,0,3.655,1,0,35101
28,0,3.655,1,0,35101
28,0,3.655,1,0,35101
28,0,3.655,1,0,35101
28,0,3.655,1,0,35101
28,0,3.655,1,0,35101
28,0,3.655,1,0,35101
28,0,3.655,1,0,35101
28,0,3.655,1,0,35101
28,0,3.655,1,0,35101
28,0,3.655,1,0,35101
28,0,3.655,1,0,35101
28,0,3.655,1,0,35101
28,0,3.655,1,0,35101
28,0,3.655,1,0,35101
28,0,3.655,1,0,35101
28,0,3.655,1,0,35101
28,0,3.655,1,0,35101
28,0,3.655,1,0,35101
28,0,3.655,1,0,35101
28,0,3.655,1,0,35101
28,0,3.655,1,0,35101
28,0,3.655,1,0,35101
28,0,3.655,1,0,35101
28,0,3.655,1,0,35101
28,0,3.655,1,0,35101
28,0,3.655,1,0,35101
28,0,3.655,1,0,35101
28,0,3.655,1,0,35101
28,0,3.655,1,0,35101
28,0,3.655,1,0,35101
28,0,3.655,1,0,35101
28,0,3.655,1,0,35101
28,0,3.655,1,0,35101
28,0,3.655,1,0,35101
28,0,3.655,1,0,35101
28,0,3.655,1,0,35101
28,0,3.655,1,0,35101
28,0,3.655,1,0,35101
28,0,3.655,1,0,35101
28,0,3.655,1,0,35101
28,0,3.655,1,0,35101
28,0,3.655,1,0,35101
28,0,3.655,1,0,35101
28,0,3.655,1,0,35101
28,0,3.655,1,0,35101
28,0,3.655,1,0,35101
28,0,3.655,1,0,35101
28,0,3.655,1,0,35101
28,0,3.655,1,0,35101
28,0,3.655,1,0,35101
28,0,3.655,1,0,35101
28,0,3.655,1,0,35101
28,0,3.655,1,0,35101
28,0,3.655,1,0,35101
28,0,3.655,1,0,35101
28,0,3.655,1,0,35101
28,0,3.655,1,0,35101
28,0,3.655,1,0,35101
28,0,3.655,1,0,35101
28,0,3.655,1,0,35101
28,0,3.655,1,0,35101
28,0,3.655,1,0,35101
28,0,3.655,1,0,35101
28,0,3.655,1,0,35101
28,0,3.655,1,0,35101
28,0,3.655,1,0,35101
28,0,3.655,1,0,35101
28,0,3.655,1,0,35101
28,0,3.655,1,0,35101
28,0,3.655,1,0,35101
28,0,3.655,1,0,35101
28,0,3.655,1,0,35101
28,0,3.655,1,0,35101
28,0,3.655,1,0,35101
28,0,3.655,1,0,35101
28,0,3.655,1,0,35101
28,0,3.655,1,0,35101
28,0,3.655,1,0,35101
28,0,3.655,1,0,35101
28,0,3.655,1,0,35101
28,0,3.655,1,0,35101
28,0,3.655,1,0,35101
28,0,3.655,1,0,35101
28,0,3.655,1,0,35101
28,0,3.655,1,0,35101
28,0,3.655,1,0,35101
28,0,3.655,1,0,35101
28,0,3.655,1,0,35101
28,0,3.655,1,0,35101
28,0,3.655,1,0,35101
28,0,3.655,1,0,35101
28,0,3.655,1,0,35101
28,0,3.655,1,0,35101
28,0,3.655,1,0,35101
28,0,3.655,1,0,35101
28,0,3.655,1,0,35101
28,0,3.655,1,0,35101
28,0,3.655,1,0,35101
28,0,3.655,1,0,35101
28,0,3.655,1,0,35101
28,0,3.655,1,0,35101
28,0,3.655,1,0,35101
28,0,3.655,1,0,35101
28,0,3.655,1,0,35101
28,0,3.655,1,0,35101
28,0,3.655,1,0,35101
28,0,3.655,1,0,35101
28,0,3.655,1,0,35101
28,0,3.655,1,0,35101
28,0,3.655,1,0,35101
28,0,3.655,1,0,35101
28,0,3.655,1,0,35101
28,0,3.655,1,0,35101
28,0,3.655,1,0,35101
28,0,3.655,1,0,35101
28,0,3.655,1,0,35101
28,0,3.655,1,0,35101
28,0,3.655,1,0,35101
28,0,3.655,1,0,35101
28,0,3.655,1,0,35101
28,0,3.655,1,0,35101
28,0,3.655,1,0,35101
28,0,3.655,1,0,35101
28,0,3.655,1,0,35101
28,0,3.655,1,0,35101
28,0,3.655,1,0,35101
28,0,3.655,1,0,35101
28,0,3.655,1,0,35101
28,0,3.655,1,0,35101
28,0,3.655,1,0,35101
28,0,3.655,1,0,35101
28,0,3.655,1,0,35101
28,0,3.655,1,0,35101
28,0,3.655,1,0,35101
28,0,3.655,1,0,35101
28,0,3.655,1,0,35101
28,0,3.655,1,0,35101
28,0,3.655,1,0,35101
28,0,3.655,1,0,35101
28,0,3.655,1,0,35101
28,0,3.655,1,0,35101
28,0,3.655,1,0,35101
28,0,3.655,1,0,35101
28,0,3.655,1,0,35101
28,0,3.655,1,0,35101
28,0,3.655,1,0,35101
28,0,3.655,1,0,35101
28,0,3.655,1,0,35101
28,0,3.655,1,0,35101
28,0,3.655,1,0,35101
28,0,3.655,1,0,35101
28,0,3.655,1,0,35101
28,0,3.655,1,0,35101
28,0,3.655,1,0,35101
28,0,3.655,1,0,35101
28,0,3.655,1,0,35101
28,0,3.655,1,0,35101
28,0,3.655,1,0,35101
28,0,3.655,1,0,35101
28,0,3.655,1,0,35101
28,0,3.655,1,0,35101
28,0,3.655,1,0,35101
28,0,3.655,1,0,35101
28,0,3.655,1,0,35101
28,0,3.655,1,0,35101
28,0,3.655,1,0,35101
28,0,3.655,1,0,35101
28,0,3.655,1,0,35101
28,0,3.655,1,0,35101
28,0,3.655,1,0,35101
28,0,3.655,1,0,35101
28,0,3.655,1,0,35101
28,0,3.655,1,0,35101
28,0,3.655,1,0,35101
28,0,3.655,1,0,35101
28,0,3.655,1,0,35101
28,0,3.655,1,0,35101
28,0,3.655,1,0,35101
28,0,3.655,1,0,35101
28,0,3.655,1,0,35101
28,0,3.655,1,0,35101
28,0,3.655,1,0,35101
28,0,3.655,1,0,35101
28,0,3.655,1,0,35101
28,0,3.655,1,0,35101
28,0,3.655,1,0,35101
28,0,3.655,1,0,35101
28,0,3.655,1,0,35101
28,0,3.655,1,0,35101
28,0,3.655,1,0,35101
28,0,3.655,1,0,35101
28,0,3.655,1,0,35101
28,0,3.655,1,0,35101
28,0,3.655,1,0,35101
28,0,3.655,1,0,35101
28,0,3.655,1,0,35101
28,0,3.655,1,0,35101
28,0,3.655,1,0,35101
28,0,3.655,1,0,35101
28,0,3.655,1,0,35101
28,0,3.655,1,0,35101
28,0,3.655,1,0,35101
28,0,3.655,1,0,35101
28,0,3.655,1,0,35101
28,0,3.655,1,0,35101
28,0,3.655,1,0,35101
28,0,3.655,1,0,35101
28,0,3.655,1,0,35101
28,0,3.655,1,0,35101
28,0,3.655,1,0,35101
28,0,3.655,1,0,35101
28,0,3.655,1,0,35101
28,0,3.655,1,0,35101
28,0,3.655,1,0,35101
28,0,3.655,1,0,35101
28,0,3.655,1,0,35101
28,0,3.655,1,0,35101
28,0,3.655,1,0,35101
28,0,3.655,1,0,35101
28,0,3.655,1,0,35101
28,0,3.655,1,0,35101
28,0,3.655,1,0,35101
28,0,3.655,1,0,35101
28,0,3.655,1,0,35101
28,0,3.655,1,0,35101
28,0,3.655,1,0,35101
28,0,3.655,1,0,35101
28,0,3.655,1,0,35101
28,0,3.655,1,0,35101
28,0,3.655,1,0,35101
28,0,3.655,1,0,35101
28,0,3.655,1,0,35101
28,0,3.655,1,0,35101
28,0,3.655,1,0,35101
28,0,3.655,1,0,35101
28,0,3.655,1,0,35101
28,0,3.655,1,0,35101
28,0,3.655,1,0,35101
28,0,3.655,1,0,35101
28,0,3.655,1,0,35101
28,0,3.655,1,0,35101
28,0,3.655,1,0,35101
28,0,3.655,1,0,35101
28,0,3.655,1,0,35101
28,0,3.655,1,0,35101
28,0,3.655,1,0,35101
28,0,3.655,1,0,35101
28,0,3.655,1,0,35101
28,0,3.655,1,0,35101
28,0,3.655,1,0,35101
28,0,3.655,1,0,35101
28,0,3.655,1,0,35101
28,0,3.655,1,0,35101
28,0,3.655,1,0,35101
28,0,3.655,1,0,35101
28,0,3.655,1,0,35101
28,0,3.655,1,0,35101
28,0,3.655,1,0,35101
28,0,3.655,1,0,35101
28,0,3.655,1,0,35101
28,0,3.655,1,0,35101
28,0,3.655,1,0,35101
28,0,3.655,1,0,35101
28,0,3.655,1,0,35101
28,0,3.655,1,0,35101
28,0,3.655,1,0,35101
28,0,3.655,1,0,35101
28,0,3.655,1,0,35101
28,0,3.655,1,0,35101
28,0,3.655,1,0,35101
28,0,3.655,1,0,35101
28,0,3.655,1,0,35101
28,0,3.655,1,0,35101
28,0,3.655,1,0,35101
28,0,3.655,1,0,35101
28,0,3.655,1,0,35101
28,0,3.655,1,0,35101
28,0,3.655,1,0,35101
28,0,3.655,1,0,35101
28,0,3.655,1,0,35101
28,0,3.655,1,0,35101
28,0,3.655,1,0,35101
28,0,3.655,1,0,35101
28,0,3.655,1,0,35101
28,0,3.655,1,0,35101
28,0,3.655,1,0,35101
28,0,3.655,1,0,35101
28,0,3.655,1,0,35101
28,0,3.655,1,0,35101
28,0,3.655,1,0,35101
28,0,3.655,1,0,35101
28,0,3.655,1,0,35101
28,0,3.655,1,0,35101
28,0,3.655,1,0,35101
28,0,3.655,1,0,35101
28,0,3.655,1,0,35101
28,0,3.655,1,0,35101
28,0,3.655,1,0,35101
28,0,3.655,1,0,35101
28,0,3.655,1,0,35101
28,0,3.655,1,0,35101
28,0,3.655,1,0,35101
28,0,3.655,1,0,35101
28,0,3.655,1,0,35101
28,0,3.655,1,0,35101
28,0,3.655,1,0,35101
28,0,3.655,1,0,35101
28,0,3.655,1,0,35101
28,0,3.655,1,0,35101
28,0,3.655,1,0,35101
28,0,3.655,1,0,35101
28,0,3.655,1,0,35101
28,0,3.655,1,0,35101
28,0,3.655,1,0,35101
28,0,3.655,1,0,35101
28,0,3.655,1,0,35101
28,0,3.655,1,0,35101
28,0,3.655,1,0,35101
28,0,3.655,1,0,35101
28,0,3.655,1,0,35101
28,0,3.655,1,0,35101
28,0,3.655,1,0,35101
28,0,3.655,1,0,35101
28,0,3.655,1,0,35101
28,0,3.655,1,0,35101
28,0,3.655,1,0,35101
28,0,3.655,1,0,35101
28,0,3.655,1,0,35101
28,0,3.655,1,0,35101
28,0,3.655,1,0,35101
28,0,3.655,1,0,35101
28,0,3.655,1,0,35101
28,0,3.655,1,0,35101
28,0,3.655,1,0,35101
28,0,3.655,1,0,35101
28,0,3.655,1,0,35101
28,0,3.655,1,0,35101
28,0,3.655,1,0,35101
28,0,3.655,1,0,35101
28,0,3.655,1,0,35101
28,0,3.655,1,0,35101
28,0,3.655,1,0,35101
28,0,3.655,1,0,35101
28,0,3.655,1,0,35101
28,0,3.655,1,0,35101
28,0,3.655,1,0,35101
28,0,3.655,1,0,35101
28,0,3.655,1,0,35101
28,0,3.655,1,0,35101
28,0,3.655,1,0,35101
28,0,3.655,1,0,35101
28,0,3.655,1,0,35101
28,0,3.655,1,0,35101
28,0,3.655,1,0,35101
28,0,3.655,1,0,35101
28,0,3.655,1,0,35101
28,0,3.655,1,0,35101
28,0,3.655,1,0,35101
28,0,3.655,1,0,35101
28,0,3.655,1,0,35101
28,0,3.655,1,0,35101
28,0,3.655,1,0,35101
28,0,3.655,1,0,35101
28,0,3.655,1,0,35101
28,0,3.655,1,0,35101
28,0,3.655,1,0,35101
28,0,3.655,1,0,35101
28,0,3.655,1,0,35101
28,0,3.655,1,0,35101
28,0,3.655,1,0,35101
28,0,3.655,1,0,35101
28,0,3.655,1,0,35101
28,0,3.655,1,0,35101
28,0,3.655,1,0,35101
28,0,3.655,1,0,35101
28,0,3.655,1,0,35101
28,0,3.655,1,0,35101
28,0,3.655,1,0,35101
28,0,3.655,1,0,35101
28,0,3.655,1,0,35101
28,0,3.655,1,0,35101
28,0,3.655,1,0,35101
28,0,3.655,1,0,35101
28,0,3.655,1,0,35101
28,0,3.655,1,0,35101
28,0,3.655,1,0,35101
28,0,3.655,1,0,35101
28,0,3.655,1,0,35101
28,0,3.655,1,0,35101
28,0,3.655,1,0,35101
28,0,3.655,1,0,35101
28,0,3.655,1,0,35101
28,0,3.655,1,0,35101
28,0,3.655,1,0,35101
28,0,3.655,1,0,35101
28,0,3.655,1,0,35101
28,0,3.655,1,0,35101
28,0,3.655,1,0,35101
28,0,3.655,1,0,35101
28,0,3.655,1,0,35101
28,0,3.655,1,0,35101
28,0,3.655,1,0,35101
28,0,3.655,1,0,35101
28,0,3.655,1,0,35101
28,0,3.655,1,0,35101
28,0,3.655,1,0,35101
28,0,3.655,1,0,35101
28,0,3.655,1,0,35101
28,0,3.655,1,0,35101
28,0,3.655,1,0,35101
28,0,3.655,1,0,35101
28,0,3.655,1,0,35101
28,0,3.655,1,0,35101
28,0,3.655,1,0,35101
28,0,3.655,1,0,35101
28,0,3.655,1,0,35101
28,0,3.655,1,0,35101
28,0,3.655,1,0,35101
28,0,3.655,1,0,35101
28,0,3.655,1,0,35101
28,0,3.655,1,0,35101
28,0,3.655,1,0,35101
28,0,3.655,1,0,35101
28,0,3.655,1,0,35101
28,0,3.655,1,0,35101
28,0,3.655,1,0,35101
28,0,3.655,1,0,35101
28,0,3.655,1,0,35101
28,0,3.655,1,0,35101
28,0,3.655,1,0,35101
28,0,3.655,1,0,35101
28,0,3.655,1,0,35101
28,0,3.655,1,0,35101
28,0,3.655,1,0,35101
28,0,3.655,1,0,35101
28,0,3.655,1,0,35101
28,0,3.655,1,0,35101
28,0,3.655,1,0,35101
28,0,3.655,1,0,35101
28,0,3.655,1,0,35101
28,0,3.655,1,0,35101
28,0,3.655,1,0,35101
28,0,3.655,1,0,35101
28,0,3.655,1,0,35101
28,0,3.655,1,0,35101
28,0,3.655,1,0,35101
28,0,3.655,1,0,35101
28,0,3.655,1,0,35101
28,0,3.655,1,0,35101
28,0,3.655,1,0,35101
28,0,3.655,1,0,35101
28,0,3.655,1,0,35101
28,0,3.655,1,0,35101
28,0,3.655,1,0,35101
28,0,3.655,1,0,35101
28,0,3.655,1,0,35101
28,0,3.655,1,0,35101
28,0,3.655,1,0,35101
28,0,3.655,1,0,35101
28,0,3.655,1,0,35101
28,0,3.655,1,0,35101
28,0,3.655,1,0,35101
28,0,3.655,1,0,35101
28,0,3.655,1,0,35101
28,0,3.655,1,0,35101
28,0,3.655,1,0,35101
28,0,3.655,1,0,35101
28,0,3.655,1,0,35101
28,0,3.655,1,0,35101
28,0,3.655,1,0,35101
28,0,3.655,1,0,35101
28,0,3.655,1,0,35101
28,0,3.655,1,0,35101
28,0,3.655,1,0,35101
28,0,3.655,1,0,35101
28,0,3.655,1,0,35101
28,0,3.655,1,0,35101
28,0,3.655,1,0,35101
28,0,3.655,1,0,35101
28,0,3.655,1,0,35101
28,0,3.655,1,0,35101
28,0,3.655,1,0,35101
28,0,3.655,1,0,35101
28,0,3.655,1,0,35101
28,0,3.655,1,0,35101
28,0,3.655,1,0,35101
28,0,3.655,1,0,35101
28,0,3.655,1,0,35101
28,0,3.655,1,0,35101
28,0,3.655,1,0,35101
28,0,3.655,1,0,35101
28,0,3.655,1,0,35101
28,0,3.655,1,0,35101
28,0,3.655,1,0,35101
28,0,3.655,1,0,35101
28,0,3.655,1,0,35101
28,0,3.655,1,0,35101
28,0,3.655,1,0,35101
28,0,3.655,1,0,35101
28,0,3.655,1,0,35101
28,0,3.655,1,0,35101
28,0,3.655,1,0,35101
28,0,3.655,1,0,35101
28,0,3.655,1,0,35101
28,0,3.655,1,0,35101
28,0,3.655,1,0,35101
28,0,3.655,1,0,35101
28,0,3.655,1,0,35101
28,0,3.655,1,0,35101
28,0,3.655,1,0,35101
28,0,3.655,1,0,35101
28,0,3.655,1,0,35101
28,0,3.655,1,0,35101
28,0,3.655,1,0,35101
28,0,3.655,1,0,35101
28,0,3.655,1,0,35101
28,0,3.655,1,0,35101
28,0,3.655,1,0,35101
28,0,3.655,1,0,35101
28,0,3.655,1,0,35101
28,0,3.655,1,0,35101
28,0,3.655,1,0,35101
28,0,3.655,1,0,35101
28,0,3.655,1,0,35101
28,0,3.655,1,0,35101
28,0,3.655,1,0,35101
28,0,3.655,1,0,35101
28,0,3.655,1,0,35101
28,0,3.655,1,0,35101
28,0,3.655,1,0,35101
28,0,3.655,1,0,35101
28,0,3.655,1,0,35101
28,0,3.655,1,0,35101
28,0,3.655,1,0,35101
28,0,3.655,1,0,35101
28,0,3.655,1,0,35101
28,0,3.655,1,0,35101
28,0,3.655,1,0,35101
28,0,3.655,1,0,35101
28,0,3.655,1,0,35101
28,0,3.655,1,0,35101
28,0,3.655,1,0,35101
28,0,3.655,1,0,35101
28,0,3.655,1,0,35101
28,0,3.655,1,0,35101
28,0,3.655,1,0,35101
28,0,3.655,1,0,35101
28,0,3.655,1,0,35101
28,0,3.655,1,0,35101
28,0,3.655,1,0,35101
28,0,3.655,1,0,35101
28,0,3.655,1,0,35101
28,0,3.655,1,0,35101
28,0,3.655,1,0,35101
28,0,3.655,1,0,35101
28,0,3.655,1,0,35101
28,0,3.655,1,0,35101
28,0,3.655,1,0,35101
28,0,3.655,1,0,35101
28,0,3.655,1,0,35101
28,0,3.655,1,0,35101
28,0,3.655,1,0,35101
28,0,3.655,1,0,35101
28,0,3.655,1,0,35101
28,0,3.655,1,0,35101
28,0,3.655,1,0,35101
28,0,3.655,1,0,35101
28,0,3.655,1,0,35101
28,0,3.655,1,0,35101
28,0,3.655,1,0,35101
28,0,3.655,1,0,35101
28,0,3.655,1,0,35101
28,0,3.655,1,0,35101
28,0,3.655,1,0,35101
28,0,3.655,1,0,35101
28,0,3.655,1,0,35101
28,0,3.655,1,0,35101
28,0,3.655,1,0,35101
28,0,3.655,1,0,35101
28,0,3.655,1,0,35101
28,0,3.655,1,0,35101
28,0,3.655,1,0,35101
28,0,3.655,1,0,35101
28,0,3.655,1,0,35101
28,0,3.655,1,0,35101
28,0,3.655,1,0,35101
28,0,3.655,1,0,35101
28,0,3.655,1,0,35101
28,0,3.655,1,0,35101
28,0,3.655,1,0,35101
28,0,3.655,1,0,35101
28,0,3.655,1,0,35101
28,0,3.655,1,0,35101
28,0,3.655,1,0,35101
28,0,3.655,1,0,35101
28,0,3.655,1,0,35101
28,0,3.655,1,0,35101
28,0,3.655,1,0,35101
28,0,3.655,1,0,35101
28,0,3.655,1,0,35101
28,0,3.655,1,0,35101
28,0,3.655,1,0,35101
28,0,3.655,1,0,35101
28,0,3.655,1,0,35101
28,0,3.655,1,0,35101
28,0,3.655,1,0,35101
28,0,3.655,1,0,35101
28,0,3.655,1,0,35101
28,0,3.655,1,0,35101
28,0,3.655,1,0,35101
28,0,3.655,1,0,35101
28,0,3.655,1,0,35101
28,0,3.655,1,0,35101
28,0,3.655,1,0,35101
28,0,3.655,1,0,35101
28,0,3.655,1,0,35101
28,0,3.655,1,0,35101
28,0,3.655,1,0,35101
28,0,3.655,1,0,35101
28,0,3.655,1,0,35101
28,0,3.655,1,0,35101
28,0,3.655,1,0,35101
28,0,3.655,1,0,35101
28,0,3.655,1,0,35101
28,0,3.655,1,0,35101
28,0,3.655,1,0,35101
28,0,3.655,1,0,35101
28,0,3.655,1,0,35101
28,0,3.655,1,0,35101
28,0,3.655,1,0,35101
28,0,3.655,1,0,35101
28,0,3.655,1,0,35101
28,0,3.655,1,0,35101
28,0,3.655,1,0,35101
28,0,3.655,1,0,35101
28,0,3.655,1,0,35101
28,0,3.655,1,0,35101
28,0,3.655,1,0,35101
28,0,3.655,1,0,35101
28,0,3.655,1,0,35101
28,0,3.655,1,0,35101
28,0,3.655,1,0,35101
28,0,3.655,1,0,35101
28,0,3.655,1,0,35101
28,0,3.655,1,0,35101
28,0,3.655,1,0,35101
28,0,3.655,1,0,35101
28,0,3.655,1,0,35101
28,0,3.655,1,0,35101
28,0,3.655,1,0,35101
28,0,3.655,1,0,35101
28,0,3.655,1,0,35101
28,0,3.655,1,0,35101
28,0,3.655,1,0,35101
28,0,3.655,1,0,35101
28,0,3.655,1,0,35101
28,0,3.655,1,0,35101
28,0,3.655,1,0,35101
28,0,3.655,1,0,35101
28,0,3.655,1,0,35101
28,0,3.655,1,0,35101
28,0,3.655,1,0,35101
28,0,3.655,1,0,35101
28,0,3.655,1,0,35101
28,0,3.655,1,0,35101
28,0,3.655,1,0,35101
28,0,3.655,1,0,35101
28,0,3.655,1,0,35101
28,0,3.655,1,0,35101
28,0,3.655,1,0,35101
28,0,3.655,1,0,35101
28,0,3.655,1,0,35101
28,0,3.655,1,0,35101
28,0,3.655,1,0,35101
28,0,3.655,1,0,35101
28,0,3.655,1,0,35101
28,0,3.655,1,0,35101
28,0,3.655,1,0,35101
28,0,3.655,1,0,35101
28,0,3.655,1,0,35101
28,0,3.655,1,0,35101
28,0,3.655,1,0,35101
28,0,3.655,1,0,35101
28,0,3.655,1,0,35101
28,0,3.655,1,0,35101
28,0,3.655,1,0,35101
28,0,3.655,1,0,35101
28,0,3.655,1,0,35101
28,0,3.655,1,0,35101
28,0,3.655,1,0,35101
28,0,3.655,1,0,35101
28,0,3.655,1,0,35101
28,0,3.655,1,0,35101
28,0,3.655,1,0,35101
28,0,3.655,1,0,35101
28,0,3.655,1,0,35101
28,0,3.655,1,0,35101
28,0,3.655,1,0,35101
28,0,3.655,1,0,35101
28,0,3.655,1,0,35101
28,0,3.655,1,0,35101
28,0,3.655,1,0,35101
28,0,3.655,1,0,35101
28,0,3.655,1,0,35101
28,0,3.655,1,0,35101
28,0,3.655,1,0,35101
28,0,3.655,1,0,35101
28,0,3.655,1,0,35101
28,0,3.655,1,0,35101
28,0,3.655,1,0,35101
28,0,3.655,1,0,35101
28,0,3.655,1,0,35101
28,0,3.655,1,0,35101
28,0,3.655,1,0,35101
28,0,3.655,1,0,35101
28,0,3.655,1,0,35101
28,0,3.655,1,0,35101
28,0,3.655,1,0,35101
28,0,3.655,1,0,35101
28,0,3.655,1,0,35101
28,0,3.655,1,0,35101
28,0,3.655,1,0,35101
28,0,3.655,1,0,35101
28,0,3.655,1,0,35101
28,0,3.655,1,0,35101
28,0,3.655,1,0,35101
28,0,3.655,1,0,35101
28,0,3.655,1,0,35101
28,0,3.655,1,0,35101
28,0,3.655,1,0,35101
28,0,3.655,1,0,35101
28,0,3.655,1,0,35101
28,0,3.655,1,0,35101
28,0,3.655,1,0,35101
28,0,3.655,1,0,35101
28,0,3.655,1,0,35101
28,0,3.655,1,0,35101
28,0,3.655,1,0,35101
28,0,3.655,1,0,35101
28,0,3.655,1,0,35101
28,0,3.655,1,0,35101
28,0,3.655,1,0,35101
28,0,3.655,1,0,35101
28,0,3.655,1,0,35101
28,0,3.655,1,0,35101
28,0,3.655,1,0,35101
28,0,3.655,1,0,35101
28,0,3.655,1,0,35101
28,0,3.655,1,0,35101
28,0,3.655,1,0,35101
28,0,3.655,1,0,35101
28,0,3.655,1,0,35101
28,0,3.655,1,0,35101
28,0,3.655,1,0,35101
28,0,3.655,1,0,35101
28,0,3.655,1,0,35101
28,0,3.655,1,0,35101
28,0,3.655,1,0,35101
28,0,3.655,1,0,35101
28,0,3.655,1,0,35101
28,0,3.655,1,0,35101
28,0,3.655,1,0,35101
28,0,3.655,1,0,35101
28,0,3.655,1,0,35101
28,0,3.655,1,0,35101
28,0,3.655,1,0,35101
28,0,3.655,1,0,35101
28,0,3.655,1,0,35101
28,0,3.655,1,0,35101
28,0,3.655,1,0,35101
28,0,3.655,1,0,35101
28,0,3.655,1,0,35101
28,0,3.655,1,0,35101
28,0,3.655,1,0,35101
28,0,3.655,1,0,35101
28,0,3.655,1,0,35101
28,0,3.655,1,0,35101
28,0,3.655,1,0,35101
28,0,3.655,1,0,35101
28,0,3.655,1,0,35101
28,0,3.655,1,0,35101
28,0,3.655,1,0,35101
28,0,3.655,1,0,35101
28,0,3.655,1,0,35101
28,0,3.655,1,0,35101
28,0,3.655,1,0,35101
28,0,3.655,1,0,35101
28,0,3.655,1,0,35101
28,0,3.655,1,0,35101
28,0,3.655,1,0,35101
28,0,3.655,1,0,35101
28,0,3.655,1,0,35101
28,0,3.655,1,0,35101
28,0,3.655,1,0,35101
28,0,3.655,1,0,35101
28,0,3.655,1,0,35101
28,0,3.655,1,0,35101
28,0,3.655,1,0,35101
28,0,3.655,1,0,35101
28,0,3.655,1,0,35101
28,0,3.655,1,0,35101
28,0,3.655,1,0,35101
28,0,3.655,1,0,35101
28,0,3.655,1,0,35101
28,0,3.655,1,0,35101
28,0,3.655,1,0,35101
28,0,3.655,1,0,35101
28,0,3.655,1,0,35101
28,0,3.655,1,0,35101
28,0,3.655,1,0,35101
28,0,3.655,1,0,35101
28,0,3.655,1,0,35101
28,0,3.655,1,0,35101
28,0,3.655,1,0,35101
28,0,3.655,1,0,35101
28,0,3.655,1,0,35101
28,0,3.655,1,0,35101
28,0,3.655,1,0,35101
28,0,3.655,1,0,35101
28,0,3.655,1,0,35101
28,0,3.655,1,0,35101
28,0,3.655,1,0,35101
28,0,3.655,1,0,35101
28,0,3.655,1,0,35101
28,0,3.655,1,0,35101
28,0,3.655,1,0,35101
28,0,3.655,1,0,35101
28,0,3.655,1,0,35101
28,0,3.655,1,0,35101
28,0,3.655,1,0,35101
28,0,3.655,1,0,35101
28,0,3.655,1,0,35101
28,0,3.655,1,0,35101
28,0,3.655,1,0,35101
28,0,3.655,1,0,35101
28,0,3.655,1,0,35101
28,0,3.655,1,0,35101
28,0,3.655,1,0,35101
28,0,3.655,1,0,35101
28,0,3.655,1,0,35101
28,0,3.655,1,0,35101
28,0,3.655,1,0,35101
28,0,3.655,1,0,35101
28,0,3.655,1,0,35101
28,0,3.655,1,0,35101
28,0,3.655,1,0,35101
28,0,3.655,1,0,35101
28,0,3.655,1,0,35101
28,0,3.655,1,0,35101
28,0,3.655,1,0,35101
28,0,3.655,1,0,35101
28,0,3.655,1,0,35101
28,0,3.655,1,0,35101
28,0,3.655,1,0,35101
28,0,3.655,1,0,35101
28,0,3.655,1,0,35101
28,0,3.655,1,0,35101
28,0,3.655,1,0,35101
28,0,3.655,1,0,35101
28,0,3.655,1,0,35101
28,0,3.655,1,0,35101
28,0,3.655,1,0,35101
28,0,3.655,1,0,35101
28,0,3.655,1,0,35101
28,0,3.655,1,0,35101
28,0,3.655,1,0,35101
28,0,3.655,1,0,35101
28,0,3.655,1,0,35101
28,0,3.655,1,0,35101
28,0,3.655,1,0,35101
28,0,3.655,1,0,35101
28,0,3.655,1,0,35101
28,0,3.655,1,0,35101
28,0,3.655,1,0,35101
28,0,3.655,1,0,35101
28,0,3.655,1,0,35101
28,0,3.655,1,0,35101
28,0,3.655,1,0,35101
28,0,3.655,1,0,35101
28,0,3.655,1,0,35101
28,0,3.655,1,0,35101
28,0,3.655,1,0,35101
28,0,3.655,1,0,35101
28,0,3.655,1,0,35101
28,0,3.655,1,0,35101
28,0,3.655,1,0,35101
28,0,3.655,1,0,35101
28,0,3.655,1,0,35101
28,0,3.655,1,0,35101
28,0,3.655,1,0,35101
28,0,3.655,1,0,35101
28,0,3.655,1,0,35101
28,0,3.655,1,0,35101
28,0,3.655,1,0,35101
28,0,3.655,1,0,35101
28,0,3.655,1,0,35101
28,0,3.655,1,0,35101
28,0,3.655,1,0,35101
28,0,3.655,1,0,35101
28,0,3.655,1,0,35101
28,0,3.655,1,0,35101
28,0,3.655,1,0,35101
28,0,3.655,1,0,35101
28,0,3.655,1,0,35101
28,0,3.655,1,0,35101
28,0,3.655,1,0,35101
28,0,3.655,1,0,35101
28,0,3.655,1,0,35101
28,0,3.655,1,0,35101
28,0,3.655,1,0,35101
28,0,3.655,1,0,35101
28,0,3.655,1,0,35101
28,0,3.655,1,0,35101
28,0,3.655,1,0,35101
28,0,3.655,1,0,35101
28,0,3.655,1,0,35101
28,0,3.655,1,0,35101
28,0,3.655,1,0,35101
28,0,3.655,1,0,35101
28,0,3.655,1,0,35101
28,0,3.655,1,0,35101
28,0,3.655,1,0,35101
28,0,3.655,1,0,35101
28,0,3.655,1,0,35101
28,0,3.655,1,0,35101
28,0,3.655,1,0,35101
28,0,3.655,1,0,35101
28,0,3.655,1,0,35101
28,0,3.655,1,0,35101
28,0,3.655,1,0,35101
28,0,3.655,1,0,35101
28,0,3.655,1,0,35101
28,0,3.655,1,0,35101
28,0,3.655,1,0,35101
28,0,3.655,1,0,35101
28,0,3.655,1,0,35101
28,0,3.655,1,0,35101
28,0,3.655,1,0,35101
28,0,3.655,1,0,35101
28,0,3.655,1,0,35101
28,0,3.655,1,0,35101
28,0,3.655,1,0,35101
28,0,3.655,1,0,35101
28,0,3.655,1,0,35101
28,0,3.655,1,0,35101
28,0,3.655,1,0,35101
28,0,3.655,1,0,35101
28,0,3.655,1,0,35101
28,0,3.655,1,0,35101
28,0,3.655,1,0,35101
28,0,3.655,1,0,35101
28,0,3.655,1,0,35101
28,0,3.655,1,0,35101
28,0,3.655,1,0,35101
28,0,3.655,1,0,35101
28,0,3.655,1,0,35101
28,0,3.655,1,0,35101
28,0,3.655,1,0,35101
28,0,3.655,1,0,35101
28,0,3.655,1,0,35101
28,0,3.655,1,0,35101
28,0,3.655,1,0,35101
28,0,3.655,1,0,35101
28,0,3.655,1,0,35101
28,0,3.655,1,0,35101
28,0,3.655,1,0,35101
28,0,3.655,1,0,35101
28,0,3.655,1,0,35101
28,0,3.655,1,0,35101
28,0,3.655,1,0,35101
28,0,3.655,1,0,35101
28,0,3.655,1,0,35101
28,0,3.655,1,0,35101
28,0,3.655,1,0,35101
28,0,3.655,1,0,35101
28,0,3.655,1,0,35101
28,0,3.655,1,0,35101
28,0,3.655,1,0,35101
28,0,3.655,1,0,35101
28,0,3.655,1,0,35101
28,0,3.655,1,0,35101
28,0,3.655,1,0,35101
28,0,3.655,1,0,35101
28,0,3.655,1,0,35101
28,0,3.655,1,0,35101
28,0,3.655,1,0,35101
28,0,3.655,1,0,35101
28,0,3.655,1,0,35101
28,0,3.655,1,0,35101
28,0,3.655,1,0,35101
28,0,3.655,1,0,35101
28,0,3.655,1,0,35101
28,0,3.655,1,0,35101
28,0,3.655,1,0,35101
28,0,3.655,1,0,35101
28,0,3.655,1,0,35101
28,0,3.655,1,0,35101
28,0,3.655,1,0,35101
28,0,3.655,1,0,35101
28,0,3.655,1,0,35101
28,0,3.655,1,0,35101
28,0,3.655,1,0,35101
28,0,3.655,1,0,35101
28,0,3.655,1,0,35101
28,0,3.655,1,0,35101
28,0,3.655,1,0,35101
28,0,3.655,1,0,35101
28,0,3.655,1,0,35101
28,0,3.655,1,0,35101
28,0,3.655,1,0,35101
28,0,3.655,1,0,35101
28,0,3.655,1,0,35101
28,0,3.655,1,0,35101
28,0,3.655,1,0,35101
28,0,3.655,1,0,35101
28,0,3.655,1,0,35101
28,0,3.655,1,0,35101
28,0,3.655,1,0,35101
28,0,3.655,1,0,35101
28,0,3.655,1,0,35101
28,0,3.655,1,0,35101
28,0,3.655,1,0,35101
28,0,3.655,1,0,35101
28,0,3.655,1,0,35101
28,0,3.655,1,0,35101
28,0,3.655,1,0,35101
28,0,3.655,1,0,35101
28,0,3.655,1,0,35101
28,0,3.655,1,0,35101
28,0,3.655,1,0,35101
28,0,3.655,1,0,35101
28,0,3.655,1,0,35101
28,0,3.655,1,0,35101
28,0,3.655,1,0,35101
28,0,3.655,1,0,35101
28,0,3.655,1,0,35101
28,0,3.655,1,0,35101
28,0,3.655,1,0,35101
28,0,3.655,1,0,35101
28,0,3.655,1,0,35101
28,0,3.655,1,0,35101
28,0,3.655,1,0,35101
28,0,3.655,1,0,35101
28,0,3.655,1,0,35101
28,0,3.655,1,0,35101
28,0,3.655,1,0,35101
28,0,3.655,1,0,35101
28,0,3.655,1,0,35101
28,0,3.655,1,0,35101
28,0,3.655,1,0,35101
28,0,3.655,1,0,35101
28,0,3.655,1,0,35101
28,0,3.655,1,0,35101
28,0,3.655,1,0,35101
28,0,3.655,1,0,35101
28,0,3.655,1,0,35101
28,0,3.655,1,0,35101
28,0,3.655,1,0,35101
28,0,3.655,1,0,35101
28,0,3.655,1,0,35101
28,0,3.655,1,0,35101
28,0,3.655,1,0,35101
28,0,3.655,1,0,35101
28,0,3.655,1,0,35101
28,0,3.655,1,0,35101
28,0,3.655,1,0,35101
28,0,3.655,1,0,35101
28,0,3.655,1,0,35101
28,0,3.655,1,0,35101
28,0,3.655,1,0,35101
28,0,3.655,1,0,35101
28,0,3.655,1,0,35101
28,0,3.655,1,0,35101
28,0,3.655,1,0,35101
28,0,3.655,1,0,35101
28,0,3.655,1,0,35101
28,0,3.655,1,0,35101
28,0,3.655,1,0,35101
28,0,3.655,1,0,35101
28,0,3.655,1,0,35101
28,0,3.655,1,0,35101
28,0,3.655,1,0,35101
28,0,3.655,1,0,35101
28,0,3.655,1,0,35101
28,0,3.655,1,0,35101
28,0,3.655,1,0,35101
28,0,3.655,1,0,35101
28,0,3.655,1,0,35101
28,0,3.655,1,0,35101
28,0,3.655,1,0,35101
28,0,3.655,1,0,35101
28,0,3.655,1,0,35101
28,0,3.655,1,0,35101
28,0,3.655,1,0,35101
28,0,3.655,1,0,35101
28,0,3.655,1,0,35101
28,0,3.655,1,0,35101
28,0,3.655,1,0,35101
28,0,3.655,1,0,35101
28,0,3.655,1,0,35101
28,0,3.655,1,0,35101
28,0,3.655,1,0,35101
28,0,3.655,1,0,35101
28,0,3.655,1,0,35101
28,0,3.655,1,0,35101
28,0,3.655,1,0,35101
28,0,3.655,1,0,35101
28,0,3.655,1,0,35101
28,0,3.655,1,0,35101
28,0,3.655,1,0,35101
28,0,3.655,1,0,35101
28,0,3.655,1,0,35101
28,0,3.655,1,0,35101
28,0,3.655,1,0,35101
28,0,3.655,1,0,35101
28,0,3.655,1,0,35101
28,0,3.655,1,0,35101
28,0,3.655,1,0,35101
28,0,3.655,1,0,35101
28,0,3.655,1,0,35101
28,0,3.655,1,0,35101
28,0,3.655,1,0,35101
28,0,3.655,1,0,35101
28,0,3.655,1,0,35101
28,0,3.655,1,0,35101
28,0,3.655,1,0,35101
28,0,3.655,1,0,35101
28,0,3.655,1,0,35101
28,0,3.655,1,0,35101
28,0,3.655,1,0,35101
28,0,3.655,1,0,35101
28,0,3.655,1,0,35101
28,0,3.655,1,0,35101
28,0,3.655,1,0,35101
28,0,3.655,1,0,35101
28,0,3.655,1,0,35101
28,0,3.655,1,0,35101
28,0,3.655,1,0,35101
28,0,3.655,1,0,35101
28,0,3.655,1,0,35101
28,0,3.655,1,0,35101
28,0,3.655,1,0,35101
28,0,3.655,1,0,35101
28,0,3.655,1,0,35101
28,0,3.655,1,0,35101
28,0,3.655,1,0,35101
28,0,3.655,1,0,35101
28,0,3.655,1,0,35101
28,0,3.655,1,0,35101
28,0,3.655,1,0,35101
28,0,3.655,1,0,35101
28,0,3.655,1,0,35101
28,0,3.655,1,0,35101
28,0,3.655,1,0,35101
28,0,3.655,1,0,35101
28,0,3.655,1,0,35101
28,0,3.655,1,0,35101
28,0,3.655,1,0,35101
28,0,3.655,1,0,35101
28,0,3.655,1,0,35101
28,0,3.655,1,0,35101
28,0,3.655,1,0,35101
28,0,3.655,1,0,35101
28,0,3.655,1,0,35101
28,0,3.655,1,0,35101
28,0,3.655,1,0,35101
28,0,3.655,1,0,35101
28,0,3.655,1,0,35101
28,0,3.655,1,0,35101
28,0,3.655,1,0,35101
28,0,3.655,1,0,35101
28,0,3.655,1,0,35101
28,0,3.655,1,0,35101
28,0,3.655,1,0,35101
28,0,3.655,1,0,35101
28,0,3.655,1,0,35101
28,0,3.655,1,0,35101
28,0,3.655,1,0,35101
28,0,3.655,1,0,35101
28,0,3.655,1,0,35101
28,0,3.655,1,0,35101
28,0,3.655,1,0,35101
28,0,3.655,1,0,35101
28,0,3.655,1,0,35101
28,0,3.655,1,0,35101
28,0,3.655,1,0,35101
28,0,3.655,1,0,35101
28,0,3.655,1,0,35101
28,0,3.655,1,0,35101
28,0,3.655,1,0,35101
28,0,3.655,1,0,35101
28,0,3.655,1,0,35101
28,0,3.655,1,0,35101
28,0,3.655,1,0,35101
28,0,3.655,1,0,35101
28,0,3.655,1,0,35101
28,0,3.655,1,0,35101
28,0,3.655,1,0,35101
28,0,3.655,1,0,35101
28,0,3.655,1,0,35101
28,0,3.655,1,0,35101
28,0,3.655,1,0,35101
28,0,3.655,1,0,35101
28,0,3.655,1,0,35101
28,0,3.655,1,0,35101
28,0,3.655,1,0,35101
28,0,3.655,1,0,35101
28,0,3.655,1,0,35101
28,0,3.655,1,0,35101
28,0,3.655,1,0,35101
28,0,3.655,1,0,35101
28,0,3.655,1,0,35101
28,0,3.655,1,0,35101
28,0,3.655,1,0,35101
28,0,3.655,1,0,35101
28,0,3.655,1,0,35101
28,0,3.655,1,0,35101
28,0,3.655,1,0,35101
28,0,3.655,1,0,35101
28,0,3.655,1,0,35101
28,0,3.655,1,0,35101
28,0,3.655,1,0,35101
28,0,3.655,1,0,35101
28,0,3.655,1,0,35101
28,0,3.655,1,0,35101
28,0,3.655,1,0,35101
28,0,3.655,1,0,35101
28,0,3.655,1,0,35101
28,0,3.655,1,0,35101
28,0,3.655,1,0,35101
28,0,3.655,1,0,35101
28,0,3.655,1,0,35101
28,0,3.655,1,0,35101
28,0,3.655,1,0,35101
28,0,3.655,1,0,35101
28,0,3.655,1,0,35101
28,0,3.655,1,0,35101
28,0,3.655,1,0,35101
28,0,3.655,1,0,35101
28,0,3.655,1,0,35101
28,0,3.655,1,0,35101
28,0,3.655,1,0,35101
28,0,3.655,1,0,35101
28,0,3.655,1,0,35101
28,0,3.655,1,0,35101
28,0,3.655,1,0,35101
28,0,3.655,1,0,35101
28,0,3.655,1,0,35101
28,0,3.655,1,0,35101
28,0,3.655,1,0,35101
28,0,3.655,1,0,35101
28,0,3.655,1,0,35101
28,0,3.655,1,0,35101
28,0,3.655,1,0,35101
28,0,3.655,1,0,35101
28,0,3.655,1,0,35101
28,0,3.655,1,0,35101
28,0,3.655,1,0,35101
28,0,3.655,1,0,35101
28,0,3.655,1,0,35101
28,0,3.655,1,0,35101
28,0,3.655,1,0,35101
28,0,3.655,1,0,35101
28,0,3.655,1,0,35101
28,0,3.655,1,0,35101
28,0,3.655,1,0,35101
28,0,3.655,1,0,35101
28,0,3.655,1,0,35101
28,0,3.655,1,0,35101
28,0,3.655,1,0,35101
28,0,3.655,1,0,35101
28,0,3.655,1,0,35101
28,0,3.655,1,0,35101
28,0,3.655,1,0,35101
28,0,3.655,1,0,35101
28,0,3.655,1,0,35101
28,0,3.655,1,0,35101
28,0,3.655,1,0,35101
28,0,3.655,1,0,35101
28,0,3.655,1,0,35101
28,0,3.655,1,0,35101
28,0,3.655,1,0,35101
28,0,3.655,1,0,35101
28,0,3.655,1,0,35101
28,0,3.655,1,0,35101
28,0,3.655,1,0,35101
28,0,3.655,1,0,35101
28,0,3.655,1,0,35101
28,0,3.655,1,0,35101
28,0,3.655,1,0,35101
28,0,3.655,1,0,35101
28,0,3.655,1,0,35101
28,0,3.655,1,0,35101
28,0,3.655,1,0,35101
28,0,3.655,1,0,35101
28,0,3.655,1,0,35101
28,0,3.655,1,0,35101
28,0,3.655,1,0,35101
28,0,3.655,1,0,35101
28,0,3.655,1,0,35101
28,0,3.655,1,0,35101
28,0,3.655,1,0,35101
28,0,3.655,1,0,35101
28,0,3.655,1,0,35101
28,0,3.655,1,0,35101
28,0,3.655,1,0,35101
28,0,3.655,1,0,35101
28,0,3.655,1,0,35101
28,0,3.655,1,0,35101
28,0,3.655,1,0,35101
28,0,3.655,1,0,35101
28,0,3.655,1,0,35101
28,0,3.655,1,0,35101
28,0,3.655,1,0,35101
28,0,3.655,1,0,35101
28,0,3.655,1,0,35101
28,0,3.655,1,0,35101
28,0,3.655,1,0,35101
28,0,3.655,1,0,35101
28,0,3.655,1,0,35101
28,0,3.655,1,0,35101
28,0,3.655,1,0,35101
28,0,3.655,1,0,35101
28,0,3.655,1,0,35101
28,0,3.655,1,0,35101
28,0,3.655,1,0,35101
28,0,3.655,1,0,35101
28,0,3.655,1,0,35101
28,0,3.655,1,0,35101
28,0,3.655,1,0,35101
28,0,3.655,1,0,35101
28,0,3.655,1,0,35101
28,0,3.655,1,0,35101
28,0,3.655,1,0,35101
28,0,3.655,1,0,35101
28,0,3.655,1,0,35101
28,0,3.655,1,0,35101
28,0,3.655,1,0,35101
28,0,3.655,1,0,35101
28,0,3.655,1,0,35101
28,0,3.655,1,0,35101
28,0,3.655,1,0,35101
28,0,3.655,1,0,35101
28,0,3.655,1,0,35101
28,0,3.655,1,0,35101
28,0,3.655,1,0,35101
28,0,3.655,1,0,35101
28,0,3.655,1,0,35101
28,0,3.655,1,0,35101
28,0,3.655,1,0,35101
28,0,3.655,1,0,35101
28,0,3.655,1,0,35101
28,0,3.655,1,0,35101
28,0,3.655,1,0,35101
28,0,3.655,1,0,35101
28,0,3.655,1,0,35101
28,0,3.655,1,0,35101
28,0,3.655,1,0,35101
28,0,3.655,1,0,35101
28,0,3.655,1,0,35101
28,0,3.655,1,0,35101
28,0,3.655,1,0,35101
28,0,3.655,1,0,35101
28,0,3.655,1,0,35101
28,0,3.655,1,0,35101
28,0,3.655,1,0,35101
28,0,3.655,1,0,35101
28,0,3.655,1,0,35101
28,0,3.655,1,0,35101
28,0,3.655,1,0,35101
28,0,3.655,1,0,35101
28,0,3.655,1,0,35101
28,0,3.655,1,0,35101
28,0,3.655,1,0,35101
28,0,3.655,1,0,35101
28,0,3.655,1,0,35101
28,0,3.655,1,0,35101
28,0,3.655,1,0,35101
28,0,3.655,1,0,35101
28,0,3.655,1,0,35101
28,0,3.655,1,0,35101
28,0,3.655,1,0,35101
28,0,3.655,1,0,35101
28,0,3.655,1,0,35101
28,0,3.655,1,0,35101
28,0,3.655,1,0,35101
28,0,3.655,1,0,35101
28,0,3.655,1,0,35101
28,0,3.655,1,0,35101
28,0,3.655,1,0,35101
28,0,3.655,1,0,35101
28,0,3.655,1,0,35101
28,0,3.655,1,0,35101
28,0,3.655,1,0,35101
28,0,3.655,1,0,35101
28,0,3.655,1,0,35101
28,0,3.655,1,0,35101
28,0,3.655,1,0,35101
28,0,3.655,1,0,35101
28,0,3.655,1,0,35101
28,0,3.655,1,0,35101
28,0,3.655,1,0,35101
28,0,3.655,1,0,35101
28,0,3.655,1,0,35101
28,0,3.655,1,0,35101
28,0,3.655,1,0,35101
28,0,3.655,1,0,35101
28,0,3.655,1,0,35101
28,0,3.655,1,0,35101
28,0,3.655,1,0,35101
28,0,3.655,1,0,35101
28,0,3.655,1,0,35101
28,0,3.655,1,0,35101
28,0,3.655,1,0,35101
28,0,3.655,1,0,35101
28,0,3.655,1,0,35101
28,0,3.655,1,0,35101
28,0,3.655,1,0,35101
28,0,3.655,1,0,35101
28,0,3.655,1,0,35101
28,0,3.655,1,0,35101
28,0,3.655,1,0,35101
28,0,3.655,1,0,35101
28,0,3.655,1,0,35101
28,0,3.655,1,0,35101
28,0,3.655,1,0,35101
28,0,3.655,1,0,35101
28,0,3.655,1,0,35101
28,0,3.655,1,0,35101
28,0,3.655,1,0,35101
28,0,3.655,1,0,35101
28,0,3.655,1,0,35101
28,0,3.655,1,0,35101
28,0,3.655,1,0,35101
28,0,3.655,1,0,35101
28,0,3.655,1,0,35101
28,0,3.655,1,0,35101
28,0,3.655,1,0,35101
28,0,3.655,1,0,35101
28,0,3.655,1,0,35101
28,0,3.655,1,0,35101
28,0,3.655,1,0,35101
28,0,3.655,1,0,35101
28,0,3.655,1,0,35101
28,0,3.655,1,0,35101
28,0,3.655,1,0,35101
28,0,3.655,1,0,35101
28,0,3.655,1,0,35101
28,0,3.655,1,0,35101
28,0,3.655,1,0,35101
28,0,3.655,1,0,35101
28,0,3.655,1,0,35101
28,0,3.655,1,0,35101
28,0,3.655,1,0,35101
28,0,3.655,1,0,35101
28,0,3.655,1,0,35101
28,0,3.655,1,0,35101
28,0,3.655,1,0,35101
28,0,3.655,1,0,35101
28,0,3.655,1,0,35101
28,0,3.655,1,0,35101
28,0,3.655,1,0,35101
28,0,3.655,1,0,35101
28,0,3.655,1,0,35101
28,0,3.655,1,0,35101
28,0,3.655,1,0,35101
28,0,3.655,1,0,35101
28,0,3.655,1,0,35101
28,0,3.655,1,0,35101
28,0,3.655,1,0,35101
28,0,3.655,1,0,35101
28,0,3.655,1,0,35101
28,0,3.655,1,0,35101
28,0,3.655,1,0,35101
28,0,3.655,1,0,35101
28,0,3.655,1,0,35101
28,0,3.655,1,0,35101
28,0,3.655,1,0,35101
28,0,3.655,1,0,35101
28,0,3.655,1,0,35101
28,0,3.655,1,0,35101
28,0,3.655,1,0,35101
28,0,3.655,1,0,35101
28,0,3.655,1,0,35101
28,0,3.655,1,0,35101
28,0,3.655,1,0,35101
28,0,3.655,1,0,35101
28,0,3.655,1,0,35101
28,0,3.655,1,0,35101
28,0,3.655,1,0,35101
28,0,3.655,1,0,35101
28,0,3.655,1,0,35101
28,0,3.655,1,0,35101
28,0,3.655,1,0,35101
28,0,3.655,1,0,35101
28,0,3.655,1,0,35101
28,0,3.655,1,0,35101
28,0,3.655,1,0,35101
28,0,3.655,1,0,35101
28,0,3.655,1,0,35101
28,0,3.655,1,0,35101
28,0,3.655,1,0,35101
28,0,3.655,1,0,35101
28,0,3.655,1,0,35101
28,0,3.655,1,0,35101
28,0,3.655,1,0,35101
28,0,3.655,1,0,35101
28,0,3.655,1,0,35101
28,0,3.655,1,0,35101
28,0,3.655,1,0,35101
28,0,3.655,1,0,35101
28,0,3.655,1,0,35101
28,0,3.655,1,0,35101
28,0,3.655,1,0,35101
28,0,3.655,1,0,35101
28,0,3.655,1,0,35101
28,0,3.655,1,0,35101
28,0,3.655,1,0,35101
28,0,3.655,1,0,35101
28,0,3.655,1,0,35101
28,0,3.655,1,0,35101
28,0,3.655,1,0,35101
28,0,3.655,1,0,35101
28,0,3.655,1,0,35101
28,0,3.655,1,0,35101
28,0,3.655,1,0,35101
28,0,3.655,1,0,35101
28,0,3.655,1,0,35101
28,0,3.655,1,0,35101
28,0,3.655,1,0,35101
28,0,3.655,1,0,35101
28,0,3.655,1,0,35101
28,0,3.655,1,0,35101
28,0,3.655,1,0,35101
28,0,3.655,1,0,35101
28,0,3.655,1,0,35101
28,0,3.655,1,0,35101
28,0,3.655,1,0,35101
28,0,3.655,1,0,35101
28,0,3.655,1,0,35101
28,0,3.655,1,0,35101
28,0,3.655,1,0,35101
28,0,3.655,1,0,35101
28,0,3.655,1,0,35101
28,0,3.655,1,0,35101
28,0,3.655,1,0,35101
28,0,3.655,1,0,35101
28,0,3.655,1,0,35101
28,0,3.655,1,0,35101
28,0,3.655,1,0,35101
28,0,3.655,1,0,35101
28,0,3.655,1,0,35101
28,0,3.655,1,0,35101
28,0,3.655,1,0,35101
28,0,3.655,1,0,35101
28,0,3.655,1,0,35101
28,0,3.655,1,0,35101
28,0,3.655,1,0,35101
28,0,3.655,1,0,35101
28,0,3.655,1,0,35101
28,0,3.655,1,0,35101
28,0,3.655,1,0,35101
28,0,3.655,1,0,35101
28,0,3.655,1,0,35101
28,0,3.655,1,0,35101
28,0,3.655,1,0,35101
28,0,3.655,1,0,35101
28,0,3.655,1,0,35101
28,0,3.655,1,0,35101
28,0,3.655,1,0,35101
28,0,3.655,1,0,35101
28,0,3.655,1,0,35101
28,0,3.655,1,0,35101
28,0,3.655,1,0,35101
28,0,3.655,1,0,35101
28,0,3.655,1,0,35101
28,0,3.655,1,0,35101
28,0,3.655,1,0,35101
28,0,3.655,1,0,35101
28,0,3.655,1,0,35101
28,0,3.655,1,0,35101
28,0,3.655,1,0,35101
28,0,3.655,1,0,35101
28,0,3.655,1,0,35101
28,0,3.655,1,0,35101
28,0,3.655,1,0,35101
28,0,3.655,1,0,35101
28,0,3.655,1,0,35101
28,0,3.655,1,0,35101
28,0,3.655,1,0,35101
28,0,3.655,1,0,35101
28,0,3.655,1,0,35101
28,0,3.655,1,0,35101
28,0,3.655,1,0,35101
28,0,3.655,1,0,35101
28,0,3.655,1,0,35101
28,0,3.655,1,0,35101
28,0,3.655,1,0,35101
28,0,3.655,1,0,35101
28,0,3.655,1,0,35101
28,0,3.655,1,0,35101
28,0,3.655,1,0,35101
28,0,3.655,1,0,35101
28,0,3.655,1,0,35101
28,0,3.655,1,0,35101
28,0,3.655,1,0,35101
28,0,3.655,1,0,35101
28,0,3.655,1,0,35101
28,0,3.655,1,0,35101
28,0,3.655,1,0,35101
28,0,3.655,1,0,35101
28,0,3.655,1,0,35101
28,0,3.655,1,0,35101
28,0,3.655,1,0,35101
28,0,3.655,1,0,35101
28,0,3.655,1,0,35101
28,0,3.655,1,0,35101
28,0,3.655,1,0,35101
28,0,3.655,1,0,35101
28,0,3.655,1,0,35101
28,0,3.655,1,0,35101
28,0,3.655,1,0,35101
28,0,3.655,1,0,35101
28,0,3.655,1,0,35101
28,0,3.655,1,0,35101
28,0,3.655,1,0,35101
28,0,3.655,1,0,35101
28,0,3.655,1,0,35101
28,0,3.655,1,0,35101
28,0,3.655,1,0,35101
28,0,3.655,1,0,35101
28,0,3.655,1,0,35101
28,0,3.655,1,0,35101
28,0,3.655,1,0,35101
28,0,3.655,1,0,35101
28,0,3.655,1,0,35101
28,0,3.655,1,0,35101
28,0,3.655,1,0,35101
28,0,3.655,1,0,35101
28,0,3.655,1,0,35101
28,0,3.655,1,0,35101
28,0,3.655,1,0,35101
28,0,3.655,1,0,35101
28,0,3.655,1,0,35101
28,0,3.655,1,0,35101
28,0,3.655,1,0,35101
28,0,3.655,1,0,35101
28,0,3.655,1,0,35101
28,0,3.655,1,0,35101
28,0,3.655,1,0,35101
28,0,3.655,1,0,35101
28,0,3.655,1,0,35101
28,0,3.655,1,0,35101
28,0,3.655,1,0,35101
28,0,3.655,1,0,35101
28,0,3.655,1,0,35101
28,0,3.655,1,0,35101
28,0,3.655,1,0,35101
28,0,3.655,1,0,35101
28,0,3.655,1,0,35101
28,0,3.655,1,0,35101
28,0,3.655,1,0,35101
28,0,3.655,1,0,35101
28,0,3.655,1,0,35101
28,0,3.655,1,0,35101
28,0,3.655,1,0,35101
28,0,3.655,1,0,35101
28,0,3.655,1,0,35101
28,0,3.655,1,0,35101
28,0,3.655,1,0,35101
28,0,3.655,1,0,35101
28,0,3.655,1,0,35101
28,0,3.655,1,0,35101
28,0,3.655,1,0,35101
28,0,3.655,1,0,35101
28,0,3.655,1,0,35101
28,0,3.655,1,0,35101
28,0,3.655,1,0,35101
28,0,3.655,1,0,35101
28,0,3.655,1,0,35101
28,0,3.655,1,0,35101
28,0,3.655,1,0,35101
28,0,3.655,1,0,35101
28,0,3.655,1,0,35101
28,0,3.655,1,0,35101
28,0,3.655,1,0,35101
28,0,3.655,1,0,35101
28,0,3.655,1,0,35101
28,0,3.655,1,0,35101
28,0,3.655,1,0,35101
28,0,3.655,1,0,35101
28,0,3.655,1,0,35101
28,0,3.655,1,0,35101
28,0,3.655,1,0,35101
28,0,3.655,1,0,35101
28,0,3.655,1,0,35101
28,0,3.655,1,0,35101
28,0,3.655,1,0,35101
28,0,3.655,1,0,35101
28,0,3.655,1,0,35101
28,0,3.655,1,0,35101
28,0,3.655,1,0,35101
28,0,3.655,1,0,35101
28,0,3.655,1,0,35101
28,0,3.655,1,0,35101
28,0,3.655,1,0,35101
28,0,3.655,1,0,35101
28,0,3.655,1,0,35101
28,0,3.655,1,0,35101
28,0,3.655,1,0,35101
28,0,3.655,1,0,35101
28,0,3.655,1,0,35101
28,0,3.655,1,0,35101
28,0,3.655,1,0,35101
28,0,3.655,1,0,35101
28,0,3.655,1,0,35101
28,0,3.655,1,0,35101
28,0,3.655,1,0,35101
28,0,3.655,1,0,35101
28,0,3.655,1,0,35101
28,0,3.655,1,0,35101
28,0,3.655,1,0,35101
28,0,3.655,1,0,35101
28,0,3.655,1,0,35101
28,0,3.655,1,0,35101
28,0,3.655,1,0,35101
28,0,3.655,1,0,35101
28,0,3.655,1,0,35101
28,0,3.655,1,0,35101
28,0,3.655,1,0,35101
28,0,3.655,1,0,35101
28,0,3.655,1,0,35101
28,0,3.655,1,0,35101
28,0,3.655,1,0,35101
28,0,3.655,1,0,35101
28,0,3.655,1,0,35101
28,0,3.655,1,0,35101
28,0,3.655,1,0,35101
28,0,3.655,1,0,35101
28,0,3.655,1,0,35101
28,0,3.655,1,0,35101
28,0,3.655,1,0,35101
28,0,3.655,1,0,35101
28,0,3.655,1,0,35101
28,0,3.655,1,0,35101
28,0,3.655,1,0,35101
28,0,3.655,1,0,35101
28,0,3.655,1,0,35101
28,0,3.655,1,0,35101
28,0,3.655,1,0,35101
28,0,3.655,1,0,35101
28,0,3.655,1,0,35101
28,0,3.655,1,0,35101
28,0,3.655,1,0,35101
28,0,3.655,1,0,35101
28,0,3.655,1,0,35101
28,0,3.655,1,0,35101
28,0,3.655,1,0,35101
28,0,3.655,1,0,35101
28,0,3.655,1,0,35101
28,0,3.655,1,0,35101
28,0,3.655,1,0,35101
28,0,3.655,1,0,35101
28,0,3.655,1,0,35101
28,0,3.655,1,0,35101
28,0,3.655,1,0,35101
28,0,3.655,1,0,35101
28,0,3.655,1,0,35101
28,0,3.655,1,0,35101
28,0,3.655,1,0,35101
28,0,3.655,1,0,35101
28,0,3.655,1,0,35101
28,0,3.655,1,0,35101
28,0,3.655,1,0,35101
28,0,3.655,1,0,35101
28,0,3.655,1,0,35101
28,0,3.655,1,0,35101
28,0,3.655,1,0,35101
28,0,3.655,1,0,35101
28,0,3.655,1,0,35101
28,0,3.655,1,0,35101
28,0,3.655,1,0,35101
28,0,3.655,1,0,35101
28,0,3.655,1,0,35101
28,0,3.655,1,0,35101
28,0,3.655,1,0,35101
28,0,3.655,1,0,35101
28,0,3.655,1,0,35101
28,0,3.655,1,0,35101
28,0,3.655,1,0,35101
28,0,3.655,1,0,35101
28,0,3.655,1,0,35101
28,0,3.655,1,0,35101
28,0,3.655,1,0,35101
28,0,3.655,1,0,35101
28,0,3.655,1,0,35101
28,0,3.655,1,0,35101
28,0,3.655,1,0,35101
28,0,3.655,1,0,35101
28,0,3.655,1,0,35101
28,0,3.655,1,0,35101
28,0,3.655,1,0,35101
28,0,3.655,1,0,35101
28,0,3.655,1,0,35101
28,0,3.655,1,0,35101
28,0,3.655,1,0,35101
28,0,3.655,1,0,35101
28,0,3.655,1,0,35101
28,0,3.655,1,0,35101
28,0,3.655,1,0,35101
28,0,3.655,1,0,35101
28,0,3.655,1,0,35101
28,0,3.655,1,0,35101
28,0,3.655,1,0,35101
28,0,3.655,1,0,35101
28,0,3.655,1,0,35101
28,0,3.655,1,0,35101
28,0,3.655,1,0,35101
28,0,3.655,1,0,35101
28,0,3.655,1,0,35101
28,0,3.655,1,0,35101
28,0,3.655,1,0,35101
28,0,3.655,1,0,35101
28,0,3.655,1,0,35101
28,0,3.655,1,0,35101
28,0,3.655,1,0,35101
28,0,3.655,1,0,35101
28,0,3.655,1,0,35101
28,0,3.655,1,0,35101
28,0,3.655,1,0,35101
28,0,3.655,1,0,35101
28,0,3.655,1,0,35101
28,0,3.655,1,0,35101
28,0,3.655,1,0,35101
28,0,3.655,1,0,35101
28,0,3.655,1,0,35101
28,0,3.655,1,0,35101
28,0,3.655,1,0,35101
28,0,3.655,1,0,35101
28,0,3.655,1,0,35101
28,0,3.655,1,0,35101
28,0,3.655,1,0,35101
28,0,3.655,1,0,35101
28,0,3.655,1,0,35101
28,0,3.655,1,0,35101
28,0,3.655,1,0,35101
28,0,3.655,1,0,35101
28,0,3.655,1,0,35101
28,0,3.655,1,0,35101
28,0,3.655,1,0,35101
28,0,3.655,1,0,35101
28,0,3.655,1,0,35101
28,0,3.655,1,0,35101
28,0,3.655,1,0,35101
28,0,3.655,1,0,35101
28,0,3.655,1,0,35101
28,0,3.655,1,0,35101
28,0,3.655,1,0,35101
28,0,3.655,1,0,35101
28,0,3.655,1,0,35101
28,0,3.655,1,0,35101
28,0,3.655,1,0,35101
28,0,3.655,1,0,35101
28,0,3.655,1,0,35101
28,0,3.655,1,0,35101
28,0,3.655,1,0,35101
28,0,3.655,1,0,35101
28,0,3.655,1,0,35101
28,0,3.655,1,0,35101
28,0,3.655,1,0,35101
28,0,3.655,1,0,35101
28,0,3.655,1,0,35101
28,0,3.655,1,0,35101
28,0,3.655,1,0,35101
28,0,3.655,1,0,35101
28,0,3.655,1,0,35101
28,0,3.655,1,0,35101
28,0,3.655,1,0,35101
28,0,3.655,1,0,35101
28,0,3.655,1,0,35101
28,0,3.655,1,0,35101
28,0,3.655,1,0,35101
28,0,3.655,1,0,35101
28,0,3.655,1,0,35101
28,0,3.655,1,0,35101
28,0,3.655,1,0,35101
28,0,3.655,1,0,35101
28,0,3.655,1,0,35101
28,0,3.655,1,0,35101
28,0,3.655,1,0,35101
28,0,3.655,1,0,35101
28,0,3.655,1,0,35101
28,0,3.655,1,0,35101
28,0,3.655,1,0,35101
28,0,3.655,1,0,35101
28,0,3.655,1,0,35101
28,0,3.655,1,0,35101
28,0,3.655,1,0,35101
28,0,3.655,1,0,35101
28,0,3.655,1,0,35101
28,0,3.655,1,0,35101
28,0,3.655,1,0,35101
28,0,3.655,1,0,35101
28,0,3.655,1,0,35101
28,0,3.655,1,0,35101
28,0,3.655,1,0,35101
28,0,3.655,1,0,35101
28,0,3.655,1,0,35101
28,0,3.655,1,0,35101
28,0,3.655,1,0,35101
28,0,3.655,1,0,35101
28,0,3.655,1,0,35101
28,0,3.655,1,0,35101
28,0,3.655,1,0,35101
28,0,3.655,1,0,35101
28,0,3.655,1,0,35101
28,0,3.655,1,0,35101
28,0,3.655,1,0,35101
28,0,3.655,1,0,35101
28,0,3.655,1,0,35101
28,0,3.655,1,0,35101
28,0,3.655,1,0,35101
28,0,3.655,1,0,35101
28,0,3.655,1,0,35101
28,0,3.655,1,0,35101
28,0,3.655,1,0,35101
28,0,3.655,1,0,35101
28,0,3.655,1,0,35101
28,0,3.655,1,0,35101
28,0,3.655,1,0,35101
28,0,3.655,1,0,35101
28,0,3.655,1,0,35101
28,0,3.655,1,0,35101
28,0,3.655,1,0,35101
28,0,3.655,1,0,35101
28,0,3.655,1,0,35101
28,0,3.655,1,0,35101
28,0,3.655,1,0,35101
28,0,3.655,1,0,35101
28,0,3.655,1,0,35101
28,0,3.655,1,0,35101
28,0,3.655,1,0,35101
28,0,3.655,1,0,35101
28,0,3.655,1,0,35101
28,0,3.655,1,0,35101
28,0,3.655,1,0,35101
28,0,3.655,1,0,35101
28,0,3.655,1,0,35101
28,0,3.655,1,0,35101
28,0,3.655,1,0,35101
28,0,3.655,1,0,35101
28,0,3.655,1,0,35101
28,0,3.655,1,0,35101
28,0,3.655,1,0,35101
28,0,3.655,1,0,35101
28,0,3.655,1,0,35101
28,0,3.655,1,0,35101
28,0,3.655,1,0,35101
28,0,3.655,1,0,35101
28,0,3.655,1,0,35101
28,0,3.655,1,0,35101
28,0,3.655,1,0,35101
28,0,3.655,1,0,35101
28,0,3.655,1,0,35101
28,0,3.655,1,0,35101
28,0,3.655,1,0,35101
28,0,3.655,1,0,35101
28,0,3.655,1,0,35101
28,0,3.655,1,0,35101
28,0,3.655,1,0,35101
28,0,3.655,1,0,35101
28,0,3.655,1,0,35101
28,0,3.655,1,0,35101
28,0,3.655,1,0,35101
28,0,3.655,1,0,35101
28,0,3.655,1,0,35101
28,0,3.655,1,0,35101
28,0,3.655,1,0,35101
28,0,3.655,1,0,35101
28,0,3.655,1,0,35101
28,0,3.655,1,0,35101
28,0,3.655,1,0,35101
28,0,3.655,1,0,35101
28,0,3.655,1,0,35101
28,0,3.655,1,0,35101
28,0,3.655,1,0,35101
28,0,3.655,1,0,35101
28,0,3.655,1,0,35101
28,0,3.655,1,0,35101
28,0,3.655,1,0,35101
28,0,3.655,1,0,35101
28,0,3.655,1,0,35101
28,0,3.655,1,0,35101
28,0,3.655,1,0,35101
28,0,3.655,1,0,35101
28,0,3.655,1,0,35101
28,0,3.655,1,0,35101
28,0,3.655,1,0,35101
28,0,3.655,1,0,35101
28,0,3.655,1,0,35101
28,0,3.655,1,0,35101
28,0,3.655,1,0,35101
28,0,3.655,1,0,35101
28,0,3.655,1,0,35101
28,0,3.655,1,0,35101
28,0,3.655,1,0,35101
28,0,3.655,1,0,35101
28,0,3.655,1,0,35101
28,0,3.655,1,0,35101
28,0,3.655,1,0,35101
28,0,3.655,1,0,35101
28,0,3.655,1,0,35101
28,0,3.655,1,0,35101
28,0,3.655,1,0,35101
28,0,3.655,1,0,35101
28,0,3.655,1,0,35101
28,0,3.655,1,0,35101
28,0,3.655,1,0,35101
28,0,3.655,1,0,35101
28,0,3.655,1,0,35101
28,0,3.655,1,0,35101
28,0,3.655,1,0,35101
28,0,3.655,1,0,35101
28,0,3.655,1,0,35101
28,0,3.655,1,0,35101
28,0,3.655,1,0,35101
28,0,3.655,1,0,35101
28,0,3.655,1,0,35101
28,0,3.655,1,0,35101
28,0,3.655,1,0,35101
28,0,3.655,1,0,35101
28,0,3.655,1,0,35101
28,0,3.655,1,0,35101
28,0,3.655,1,0,35101
28,0,3.655,1,0,35101
28,0,3.655,1,0,35101
28,0,3.655,1,0,35101
28,0,3.655,1,0,35101
28,0,3.655,1,0,35101
28,0,3.655,1,0,35101
28,0,3.655,1,0,35101
28,0,3.655,1,0,35101
28,0,3.655,1,0,35101
28,0,3.655,1,0,35101
28,0,3.655,1,0,35101
28,0,3.655,1,0,35101
28,0,3.655,1,0,35101
28,0,3.655,1,0,35101
28,0,3.655,1,0,35101
28,0,3.655,1,0,35101
28,0,3.655,1,0,35101
28,0,3.655,1,0,35101
28,0,3.655,1,0,35101
28,0,3.655,1,0,35101
28,0,3.655,1,0,35101
28,0,3.655,1,0,35101
28,0,3.655,1,0,35101
28,0,3.655,1,0,35101
28,0,3.655,1,0,35101
28,0,3.655,1,0,35101
28,0,3.655,1,0,35101
28,0,3.655,1,0,35101
28,0,3.655,1,0,35101
28,0,3.655,1,0,35101
28,0,3.655,1,0,35101
28,0,3.655,1,0,35101
28,0,3.655,1,0,35101
28,0,3.655,1,0,35101
28,0,3.655,1,0,35101
28,0,3.655,1,0,35101
28,0,3.655,1,0,35101
28,0,3.655,1,0,35101
28,0,3.655,1,0,35101
28,0,3.655,1,0,35101
28,0,3.655,1,0,35101
28,0,3.655,1,0,35101
28,0,3.655,1,0,35101
28,0,3.655,1,0,35101
28,0,3.655,1,0,35101
28,0,3.655,1,0,35101
28,0,3.655,1,0,35101
28,0,3.655,1,0,35101
28,0,3.655,1,0,35101
28,0,3.655,1,0,35101
28,0,3.655,1,0,35101
28,0,3.655,1,0,35101
28,0,3.655,1,0,35101
28,0,3.655,1,0,35101
28,0,3.655,1,0,35101
28,0,3.655,1,0,35101
28,0,3.655,1,0,35101
28,0,3.655,1,0,35101
28,0,3.655,1,0,35101
28,0,3.655,1,0,35101
28,0,3.655,1,0,35101
28,0,3.655,1,0,35101
28,0,3.655,1,0,35101
28,0,3.655,1,0,35101
28,0,3.655,1,0,35101
28,0,3.655,1,0,35101
28,0,3.655,1,0,35101
28,0,3.655,1,0,35101
28,0,3.655,1,0,35101
28,0,3.655,1,0,35101
28,0,3.655,1,0,35101
28,0,3.655,1,0,35101
28,0,3.655,1,0,35101
28,0,3.655,1,0,35101
28,0,3.655,1,0,35101
28,0,3.655,1,0,35101
28,0,3.655,1,0,35101
28,0,3.655,1,0,35101
28,0,3.655,1,0,35101
28,0,3.655,1,0,35101
28,0,3.655,1,0,35101
28,0,3.655,1,0,35101
28,0,3.655,1,0,35101
28,0,3.655,1,0,35101
28,0,3.655,1,0,35101
28,0,3.655,1,0,35101
28,0,3.655,1,0,35101
28,0,3.655,1,0,35101
28,0,3.655,1,0,35101
28,0,3.655,1,0,35101
28,0,3.655,1,0,35101
28,0,3.655,1,0,35101
28,0,3.655,1,0,35101
28,0,3.655,1,0,35101
28,0,3.655,1,0,35101
28,0,3.655,1,0,35101
28,0,3.655,1,0,35101
28,0,3.655,1,0,35101
28,0,3.655,1,0,35101
28,0,3.655,1,0,35101
28,0,3.655,1,0,35101
28,0,3.655,1,0,35101
28,0,3.655,1,0,35101
28,0,3.655,1,0,35101
28,0,3.655,1,0,35101
28,0,3.655,1,0,35101
28,0,3.655,1,0,35101
28,0,3.655,1,0,35101
28,0,3.655,1,0,35101
28,0,3.655,1,0,35101
28,0,3.655,1,0,35101
28,0,3.655,1,0,35101
28,0,3.655,1,0,35101
28,0,3.655,1,0,35101
28,0,3.655,1,0,35101
28,0,3.655,1,0,35101
28,0,3.655,1,0,35101
28,0,3.655,1,0,35101
28,0,3.655,1,0,35101
28,0,3.655,1,0,35101
28,0,3.655,1,0,35101
28,0,3.655,1,0,35101
28,0,3.655,1,0,35101
28,0,3.655,1,0,35101
28,0,3.655,1,0,35101
28,0,3.655,1,0,35101
28,0,3.655,1,0,35101
28,0,3.655,1,0,35101
28,0,3.655,1,0,35101
28,0,3.655,1,0,35101
28,0,3.655,1,0,35101
28,0,3.655,1,0,35101
28,0,3.655,1,0,35101
28,0,3.655,1,0,35101
28,0,3.655,1,0,35101
28,0,3.655,1,0,35101
28,0,3.655,1,0,35101
28,0,3.655,1,0,35101
28,0,3.655,1,0,35101
28,0,3.655,1,0,35101
28,0,3.655,1,0,35101
28,0,3.655,1,0,35101
28,0,3.655,1,0,35101
28,0,3.655,1,0,35101
28,0,3.655,1,0,35101
28,0,3.655,1,0,35101
28,0,3.655,1,0,35101
28,0,3.655,1,0,35101
28,0,3.655,1,0,35101
28,0,3.655,1,0,35101
28,0,3.655,1,0,35101
28,0,3.655,1,0,35101
28,0,3.655,1,0,35101
28,0,3.655,1,0,35101
28,0,3.655,1,0,35101
28,0,3.655,1,0,35101
28,0,3.655,1,0,35101
28,0,3.655,1,0,35101
28,0,3.655,1,0,35101
28,0,3.655,1,0,35101
28,0,3.655,1,0,35101
28,0,3.655,1,0,35101
28,0,3.655,1,0,35101
28,0,3.655,1,0,35101
28,0,3.655,1,0,35101
28,0,3.655,1,0,35101
28,0,3.655,1,0,35101
28,0,3.655,1,0,35101
28,0,3.655,1,0,35101
28,0,3.655,1,0,35101
28,0,3.655,1,0,35101
28,0,3.655,1,0,35101
28,0,3.655,1,0,35101
28,0,3.655,1,0,35101
28,0,3.655,1,0,35101
28,0,3.655,1,0,35101
28,0,3.655,1,0,35101
28,0,3.655,1,0,35101
28,0,3.655,1,0,35101
28,0,3.655,1,0,35101
28,0,3.655,1,0,35101
28,0,3.655,1,0,35101
28,0,3.655,1,0,35101
28,0,3.655,1,0,35101
28,0,3.655,1,0,35101
28,0,3.655,1,0,35101
28,0,3.655,1,0,35101
28,0,3.655,1,0,35101
28,0,3.655,1,0,35101
28,0,3.655,1,0,35101
28,0,3.655,1,0,35101
28,0,3.655,1,0,35101
28,0,3.655,1,0,35101
28,0,3.655,1,0,35101
28,0,3.655,1,0,35101
28,0,3.655,1,0,35101
28,0,3.655,1,0,35101
28,0,3.655,1,0,35101
28,0,3.655,1,0,35101
28,0,3.655,1,0,35101
28,0,3.655,1,0,35101
28,0,3.655,1,0,35101
28,0,3.655,1,0,35101
28,0,3.655,1,0,35101
28,0,3.655,1,0,35101
28,0,3.655,1,0,35101
28,0,3.655,1,0,35101
28,0,3.655,1,0,35101
28,0,3.655,1,0,35101
28,0,3.655,1,0,35101
28,0,3.655,1,0,35101
28,0,3.655,1,0,35101
28,0,3.655,1,0,35101
28,0,3.655,1,0,35101
28,0,3.655,1,0,35101
28,0,3.655,1,0,35101
28,0,3.655,1,0,35101
28,0,3.655,1,0,35101
28,0,3.655,1,0,35101
28,0,3.655,1,0,35101
28,0,3.655,1,0,35101
28,0,3.655,1,0,35101
28,0,3.655,1,0,35101
28,0,3.655,1,0,35101
28,0,3.655,1,0,35101
28,0,3.655,1,0,35101
28,0,3.655,1,0,35101
28,0,3.655,1,0,35101
28,0,3.655,1,0,35101
28,0,3.655,1,0,35101
28,0,3.655,1,0,35101
28,0,3.655,1,0,35101
28,0,3.655,1,0,35101
28,0,3.655,1,0,35101
28,0,3.655,1,0,35101
28,0,3.655,1,0,35101
28,0,3.655,1,0,35101
28,0,3.655,1,0,35101
28,0,3.655,1,0,35101
28,0,3.655,1,0,35101
28,0,3.655,1,0,35101
28,0,3.655,1,0,35101
28,0,3.655,1,0,35101
28,0,3.655,1,0,35101
28,0,3.655,1,0,35101
28,0,3.655,1,0,35101
28,0,3.655,1,0,35101
28,0,3.655,1,0,35101
28,0,3.655,1,0,35101
28,0,3.655,1,0,35101
28,0,3.655,1,0,35101
28,0,3.655,1,0,35101
28,0,3.655,1,0,35101
28,0,3.655,1,0,35101
28,0,3.655,1,0,35101
28,0,3.655,1,0,35101
28,0,3.655,1,0,35101
28,0,3.655,1,0,35101
28,0,3.655,1,0,35101
28,0,3.655,1,0,35101
28,0,3.655,1,0,35101
28,0,3.655,1,0,35101
28,0,3.655,1,0,35101
28,0,3.655,1,0,35101
28,0,3.655,1,0,35101
28,0,3.655,1,0,35101
28,0,3.655,1,0,35101
28,0,3.655,1,0,35101
28,0,3.655,1,0,35101
28,0,3.655,1,0,35101
28,0,3.655,1,0,35101
28,0,3.655,1,0,35101
28,0,3.655,1,0,35101
28,0,3.655,1,0,35101
28,0,3.655,1,0,35101
28,0,3.655,1,0,35101
28,0,3.655,1,0,35101
28,0,3.655,1,0,35101
28,0,3.655,1,0,35101
28,0,3.655,1,0,35101
28,0,3.655,1,0,35101
28,0,3.655,1,0,35101
28,0,3.655,1,0,35101
28,0,3.655,1,0,35101
28,0,3.655,1,0,35101
28,0,3.655,1,0,35101
28,0,3.655,1,0,35101
28,0,3.655,1,0,35101
28,0,3.655,1,0,35101
28,0,3.655,1,0,35101
28,0,3.655,1,0,35101
28,0,3.655,1,0,35101
28,0,3.655,1,0,35101
28,0,3.655,1,0,35101
28,0,3.655,1,0,35101
28,0,3.655,1,0,35101
28,0,3.655,1,0,35101
28,0,3.655,1,0,35101
28,0,3.655,1,0,35101
28,0,3.655,1,0,35101
28,0,3.655,1,0,35101
28,0,3.655,1,0,35101
28,0,3.655,1,0,35101
28,0,3.655,1,0,35101
28,0,3.655,1,0,35101
28,0,3.655,1,0,35101
28,0,3.655,1,0,35101
28,0,3.655,1,0,35101
28,0,3.655,1,0,35101
28,0,3.655,1,0,35101
28,0,3.655,1,0,35101
28,0,3.655,1,0,35101
28,0,3.655,1,0,35101
28,0,3.655,1,0,35101
28,0,3.655,1,0,35101
28,0,3.655,1,0,35101
28,0,3.655,1,0,35101
28,0,3.655,1,0,35101
28,0,3.655,1,0,35101
28,0,3.655,1,0,35101
28,0,3.655,1,0,35101
28,0,3.655,1,0,35101
28,0,3.655,1,0,35101
28,0,3.655,1,0,35101
28,0,3.655,1,0,35101
28,0,3.655,1,0,35101
28,0,3.655,1,0,35101
28,0,3.655,1,0,35101
28,0,3.655,1,0,35101
28,0,3.655,1,0,35101
28,0,3.655,1,0,35101
28,0,3.655,1,0,35101
28,0,3.655,1,0,35101
28,0,3.655,1,0,35101
28,0,3.655,1,0,35101
28,0,3.655,1,0,35101
28,0,3.655,1,0,35101
28,0,3.655,1,0,35101
28,0,3.655,1,0,35101
28,0,3.655,1,0,35101
28,0,3.655,1,0,35101
28,0,3.655,1,0,35101
28,0,3.655,1,0,35101
28,0,3.655,1,0,35101
28,0,3.655,1,0,35101
28,0,3.655,1,0,35101
28,0,3.655,1,0,35101
28,0,3.655,1,0,35101
28,0,3.655,1,0,35101
28,0,3.655,1,0,35101
28,0,3.655,1,0,35101
28,0,3.655,1,0,35101
28,0,3.655,1,0,35101
28,0,3.655,1,0,35101
28,0,3.655,1,0,35101
28,0,3.655,1,0,35101
28,0,3.655,1,0,35101
28,0,3.655,1,0,35101
28,0,3.655,1,0,35101
28,0,3.655,1,0,35101
28,0,3.655,1,0,35101
28,0,3.655,1,0,35101
28,0,3.655,1,0,35101
28,0,3.655,1,0,35101
28,0,3.655,1,0,35101
28,0,3.655,1,0,35101
28,0,3.655,1,0,35101
28,0,3.655,1,0,35101
28,0,3.655,1,0,35101
28,0,3.655,1,0,35101
28,0,3.655,1,0,35101
28,0,3.655,1,0,35101
28,0,3.655,1,0,35101
28,0,3.655,1,0,35101
28,0,3.655,1,0,35101
28,0,3.655,1,0,35101
28,0,3.655,1,0,35101
28,0,3.655,1,0,35101
28,0,3.655,1,0,35101
28,0,3.655,1,0,35101
28,0,3.655,1,0,35101
28,0,3.655,1,0,35101
28,0,3.655,1,0,35101
28,0,3.655,1,0,35101
28,0,3.655,1,0,35101
28,0,3.655,1,0,35101
28,0,3.655,1,0,35101
28,0,3.655,1,0,35101
28,0,3.655,1,0,35101
28,0,3.655,1,0,35101
28,0,3.655,1,0,35101
28,0,3.655,1,0,35101
28,0,3.655,1,0,35101
28,0,3.655,1,0,35101
28,0,3.655,1,0,35101
28,0,3.655,1,0,35101
28,0,3.655,1,0,35101
28,0,3.655,1,0,35101
28,0,3.655,1,0,35101
28,0,3.655,1,0,35101
28,0,3.655,1,0,35101
28,0,3.655,1,0,35101
28,0,3.655,1,0,35101
28,0,3.655,1,0,35101
28,0,3.655,1,0,35101
28,0,3.655,1,0,35101
28,0,3.655,1,0,35101
28,0,3.655,1,0,35101
28,0,3.655,1,0,35101
28,0,3.655,1,0,35101
28,0,3.655,1,0,35101
28,0,3.655,1,0,35101
28,0,3.655,1,0,35101
28,0,3.655,1,0,35101
28,0,3.655,1,0,35101
28,0,3.655,1,0,35101
28,0,3.655,1,0,35101
28,0,3.655,1,0,35101
28,0,3.655,1,0,35101
28,0,3.655,1,0,35101
28,0,3.655,1,0,35101
28,0,3.655,1,0,35101
28,0,3.655,1,0,35101
28,0,3.655,1,0,35101
28,0,3.655,1,0,35101
28,0,3.655,1,0,35101
28,0,3.655,1,0,35101
28,0,3.655,1,0,35101
28,0,3.655,1,0,35101
28,0,3.655,1,0,35101
28,0,3.655,1,0,35101
28,0,3.655,1,0,35101
28,0,3.655,1,0,35101
28,0,3.655,1,0,35101
28,0,3.655,1,0,35101
28,0,3.655,1,0,35101
28,0,3.655,1,0,35101
28,0,3.655,1,0,35101
28,0,3.655,1,0,35101
28,0,3.655,1,0,35101
28,0,3.655,1,0,35101
28,0,3.655,1,0,35101
28,0,3.655,1,0,35101
28,0,3.655,1,0,35101
28,0,3.655,1,0,35101
28,0,3.655,1,0,35101
28,0,3.655,1,0,35101
28,0,3.655,1,0,35101
28,0,3.655,1,0,35101
28,0,3.655,1,0,35101
28,0,3.655,1,0,35101
28,0,3.655,1,0,35101
28,0,3.655,1,0,35101
28,0,3.655,1,0,35101
28,0,3.655,1,0,35101
28,0,3.655,1,0,35101
28,0,3.655,1,0,35101
28,0,3.655,1,0,35101
28,0,3.655,1,0,35101
28,0,3.655,1,0,35101
28,0,3.655,1,0,35101
28,0,3.655,1,0,35101
28,0,3.655,1,0,35101
28,0,3.655,1,0,35101
28,0,3.655,1,0,35101
28,0,3.655,1,0,35101
28,0,3.655,1,0,35101
28,0,3.655,1,0,35101
28,0,3.655,1,0,35101
28,0,3.655,1,0,35101
28,0,3.655,1,0,35101
28,0,3.655,1,0,35101
28,0,3.655,1,0,35101
28,0,3.655,1,0,35101
28,0,3.655,1,0,35101
28,0,3.655,1,0,35101
28,0,3.655,1,0,35101
28,0,3.655,1,0,35101
28,0,3.655,1,0,35101
28,0,3.655,1,0,35101
28,0,3.655,1,0,35101
28,0,3.655,1,0,35101
28,0,3.655,1,0,35101
28,0,3.655,1,0,35101
28,0,3.655,1,0,35101
28,0,3.655,1,0,35101
28,0,3.655,1,0,35101
28,0,3.655,1,0,35101
28,0,3.655,1,0,35101
28,0,3.655,1,0,35101
28,0,3.655,1,0,35101
28,0,3.655,1,0,35101
28,0,3.655,1,0,35101
28,0,3.655,1,0,35101
28,0,3.655,1,0,35101
28,0,3.655,1,0,35101
28,0,3.655,1,0,35101
28,0,3.655,1,0,35101
28,0,3.655,1,0,35101
28,0,3.655,1,0,35101
28,0,3.655,1,0,35101
28,0,3.655,1,0,35101
28,0,3.655,1,0,35101
28,0,3.655,1,0,35101
28,0,3.655,1,0,35101
28,0,3.655,1,0,35101
28,0,3.655,1,0,35101
28,0,3.655,1,0,35101
28,0,3.655,1,0,35101
28,0,3.655,1,0,35101
28,0,3.655,1,0,35101
28,0,3.655,1,0,35101
28,0,3.655,1,0,35101
28,0,3.655,1,0,35101
28,0,3.655,1,0,35101
28,0,3.655,1,0,35101
28,0,3.655,1,0,35101
28,0,3.655,1,0,35101
28,0,3.655,1,0,35101
28,0,3.655,1,0,35101
28,0,3.655,1,0,35101
28,0,3.655,1,0,35101
28,0,3.655,1,0,35101
28,0,3.655,1,0,35101
28,0,3.655,1,0,35101
28,0,3.655,1,0,35101
28,0,3.655,1,0,35101
28,0,3.655,1,0,35101
28,0,3.655,1,0,35101
28,0,3.655,1,0,35101
28,0,3.655,1,0,35101
28,0,3.655,1,0,35101
28,0,3.655,1,0,35101
28,0,3.655,1,0,35101
28,0,3.655,1,0,35101
28,0,3.655,1,0,35101
28,0,3.655,1,0,35101
28,0,3.655,1,0,35101
28,0,3.655,1,0,35101
28,0,3.655,1,0,35101
28,0,3.655,1,0,35101
28,0,3.655,1,0,35101
28,0,3.655,1,0,35101
28,0,3.655,1,0,35101
28,0,3.655,1,0,35101
28,0,3.655,1,0,35101
28,0,3.655,1,0,35101
28,0,3.655,1,0,35101
28,0,3.655,1,0,35101
28,0,3.655,1,0,35101
28,0,3.655,1,0,35101
28,0,3.655,1,0,35101
28,0,3.655,1,0,35101
28,0,3.655,1,0,35101
28,0,3.655,1,0,35101
28,0,3.655,1,0,35101
28,0,3.655,1,0,35101
28,0,3.655,1,0,35101
28,0,3.655,1,0,35101
28,0,3.655,1,0,35101
28,0,3.655,1,0,35101
28,0,3.655,1,0,35101
28,0,3.655,1,0,35101
28,0,3.655,1,0,35101
28,0,3.655,1,0,35101
28,0,3.655,1,0,35101
28,0,3.655,1,0,35101
28,0,3.655,1,0,35101
28,0,3.655,1,0,35101
28,0,3.655,1,0,35101
28,0,3.655,1,0,35101
28,0,3.655,1,0,35101
28,0,3.655,1,0,35101
28,0,3.655,1,0,35101
28,0,3.655,1,0,35101
28,0,3.655,1,0,35101
28,0,3.655,1,0,35101
28,0,3.655,1,0,35101
28,0,3.655,1,0,35101
28,0,3.655,1,0,35101
28,0,3.655,1,0,35101
28,0,3.655,1,0,35101
28,0,3.655,1,0,35101
28,0,3.655,1,0,35101
28,0,3.655,1,0,35101
28,0,3.655,1,0,35101
28,0,3.655,1,0,35101
28,0,3.655,1,0,35101
28,0,3.655,1,0,35101
28,0,3.655,1,0,35101
28,0,3.655,1,0,35101
28,0,3.655,1,0,35101
28,0,3.655,1,0,35101
28,0,3.655,1,0,35101
28,0,3.655,1,0,35101
28,0,3.655,1,0,35101
28,0,3.655,1,0,35101
28,0,3.655,1,0,35101
28,0,3.655,1,0,35101
28,0,3.655,1,0,35101
28,0,3.655,1,0,35101
28,0,3.655,1,0,35101
28,0,3.655,1,0,35101
28,0,3.655,1,0,35101
28,0,3.655,1,0,35101
28,0,3.655,1,0,35101
28,0,3.655,1,0,35101
28,0,3.655,1,0,35101
28,0,3.655,1,0,35101
28,0,3.655,1,0,35101
28,0,3.655,1,0,35101
28,0,3.655,1,0,35101
28,0,3.655,1,0,35101
28,0,3.655,1,0,35101
28,0,3.655,1,0,35101
28,0,3.655,1,0,35101
28,0,3.655,1,0,35101
28,0,3.655,1,0,35101
28,0,3.655,1,0,35101
28,0,3.655,1,0,35101
28,0,3.655,1,0,35101
28,0,3.655,1,0,35101
28,0,3.655,1,0,35101
28,0,3.655,1,0,35101
28,0,3.655,1,0,35101
28,0,3.655,1,0,35101
28,0,3.655,1,0,35101
28,0,3.655,1,0,35101
28,0,3.655,1,0,35101
28,0,3.655,1,0,35101
28,0,3.655,1,0,35101
28,0,3.655,1,0,35101
28,0,3.655,1,0,35101
28,0,3.655,1,0,35101
28,0,3.655,1,0,35101
28,0,3.655,1,0,35101
28,0,3.655,1,0,35101
28,0,3.655,1,0,35101
28,0,3.655,1,0,35101
28,0,3.655,1,0,35101
28,0,3.655,1,0,35101
28,0,3.655,1,0,35101
28,0,3.655,1,0,35101
28,0,3.655,1,0,35101
28,0,3.655,1,0,35101
28,0,3.655,1,0,35101
28,0,3.655,1,0,35101
28,0,3.655,1,0,35101
28,0,3.655,1,0,35101
28,0,3.655,1,0,35101
28,0,3.655,1,0,35101
28,0,3.655,1,0,35101
28,0,3.655,1,0,35101
28,0,3.655,1,0,35101
28,0,3.655,1,0,35101
28,0,3.655,1,0,35101
28,0,3.655,1,0,35101
28,0,3.655,1,0,35101
28,0,3.655,1,0,35101
28,0,3.655,1,0,35101
28,0,3.655,1,0,35101
28,0,3.655,1,0,35101
28,0,3.655,1,0,35101
28,0,3.655,1,0,35101
28,0,3.655,1,0,35101
28,0,3.655,1,0,35101
28,0,3.655,1,0,35101
28,0,3.655,1,0,35101
28,0,3.655,1,0,35101
28,0,3.655,1,0,35101
28,0,3.655,1,0,35101
28,0,3.655,1,0,35101
28,0,3.655,1,0,35101
28,0,3.655,1,0,35101
28,0,3.655,1,0,35101
28,0,3.655,1,0,35101
28,0,3.655,1,0,35101
28,0,3.655,1,0,35101
28,0,3.655,1,0,35101
28,0,3.655,1,0,35101
28,0,3.655,1,0,35101
28,0,3.655,1,0,35101
28,0,3.655,1,0,35101
28,0,3.655,1,0,35101
28,0,3.655,1,0,35101
28,0,3.655,1,0,35101
28,0,3.655,1,0,35101
28,0,3.655,1,0,35101
28,0,3.655,1,0,35101
28,0,3.655,1,0,35101
28,0,3.655,1,0,35101
28,0,3.655,1,0,35101
28,0,3.655,1,0,35101
28,0,3.655,1,0,35101
28,0,3.655,1,0,35101
28,0,3.655,1,0,35101
28,0,3.655,1,0,35101
28,0,3.655,1,0,35101
28,0,3.655,1,0,35101
28,0,3.655,1,0,35101
28,0,3.655,1,0,35101
28,0,3.655,1,0,35101
28,0,3.655,1,0,35101
28,0,3.655,1,0,35101
28,0,3.655,1,0,35101
28,0,3.655,1,0,35101
28,0,3.655,1,0,35101
28,0,3.655,1,0,35101
28,0,3.655,1,0,35101
28,0,3.655,1,0,35101
28,0,3.655,1,0,35101
28,0,3.655,1,0,35101
28,0,3.655,1,0,35101
28,0,3.655,1,0,35101
28,0,3.655,1,0,35101
28,0,3.655,1,0,35101
28,0,3.655,1,0,35101
28,0,3.655,1,0,35101
28,0,3.655,1,0,35101
28,0,3.655,1,0,35101
28,0,3.655,1,0,35101
28,0,3.655,1,0,35101
28,0,3.655,1,0,35101
28,0,3.655,1,0,35101
28,0,3.655,1,0,35101
28,0,3.655,1,0,35101
28,0,3.655,1,0,35101
28,0,3.655,1,0,35101
28,0,3.655,1,0,35101
28,0,3.655,1,0,35101
28,0,3.655,1,0,35101
28,0,3.655,1,0,35101
28,0,3.655,1,0,35101
28,0,3.655,1,0,35101
28,0,3.655,1,0,35101
28,0,3.655,1,0,35101
28,0,3.655,1,0,35101
28,0,3.655,1,0,35101
28,0,3.655,1,0,35101
28,0,3.655,1,0,35101
28,0,3.655,1,0,35101
28,0,3.655,1,0,35101
28,0,3.655,1,0,35101
28,0,3.655,1,0,35101
28,0,3.655,1,0,35101
28,0,3.655,1,0,35101
28,0,3.655,1,0,35101
28,0,3.655,1,0,35101
28,0,3.655,1,0,35101
28,0,3.655,1,0,35101
28,0,3.655,1,0,35101
28,0,3.655,1,0,35101
28,0,3.655,1,0,35101
28,0,3.655,1,0,35101
28,0,3.655,1,0,35101
28,0,3.655,1,0,35101
28,0,3.655,1,0,35101
28,0,3.655,1,0,35101
28,0,3.655,1,0,35101
28,0,3.655,1,0,35101
28,0,3.655,1,0,35101
28,0,3.655,1,0,35101
28,0,3.655,1,0,35101
28,0,3.655,1,0,35101
28,0,3.655,1,0,35101
28,0,3.655,1,0,35101
28,0,3.655,1,0,35101
28,0,3.655,1,0,35101
28,0,3.655,1,0,35101
28,0,3.655,1,0,35101
28,0,3.655,1,0,35101
28,0,3.655,1,0,35101
28,0,3.655,1,0,35101
28,0,3.655,1,0,35101
28,0,3.655,1,0,35101
28,0,3.655,1,0,35101
28,0,3.655,1,0,35101
28,0,3.655,1,0,35101
28,0,3.655,1,0,35101
28,0,3.655,1,0,35101
28,0,3.655,1,0,35101
28,0,3.655,1,0,35101
28,0,3.655,1,0,35101
28,0,3.655,1,0,35101
28,0,3.655,1,0,35101
28,0,3.655,1,0,35101
28,0,3.655,1,0,35101
28,0,3.655,1,0,35101
28,0,3.655,1,0,35101
28,0,3.655,1,0,35101
28,0,3.655,1,0,35101
28,0,3.655,1,0,35101
28,0,3.655,1,0,35101
28,0,3.655,1,0,35101
28,0,3.655,1,0,35101
28,0,3.655,1,0,35101
28,0,3.655,1,0,35101
28,0,3.655,1,0,35101
28,0,3.655,1,0,35101
28,0,3.655,1,0,35101
28,0,3.655,1,0,35101
28,0,3.655,1,0,35101
28,0,3.655,1,0,35101
28,0,3.655,1,0,35101
28,0,3.655,1,0,35101
28,0,3.655,1,0,35101
28,0,3.655,1,0,35101
28,0,3.655,1,0,35101
28,0,3.655,1,0,35101
28,0,3.655,1,0,35101
28,0,3.655,1,0,35101
28,0,3.655,1,0,35101
28,0,3.655,1,0,35101
28,0,3.655,1,0,35101
28,0,3.655,1,0,35101
28,0,3.655,1,0,35101
28,0,3.655,1,0,35101
28,0,3.655,1,0,35101
28,0,3.655,1,0,35101
28,0,3.655,1,0,35101
28,0,3.655,1,0,35101
28,0,3.655,1,0,35101
28,0,3.655,1,0,35101
28,0,3.655,1,0,35101
28,0,3.655,1,0,35101
28,0,3.655,1,0,35101
28,0,3.655,1,0,35101
28,0,3.655,1,0,35101
28,0,3.655,1,0,35101
28,0,3.655,1,0,35101
28,0,3.655,1,0,35101
28,0,3.655,1,0,35101
28,0,3.655,1,0,35101
28,0,3.655,1,0,35101
28,0,3.655,1,0,35101
28,0,3.655,1,0,35101
28,0,3.655,1,0,35101
28,0,3.655,1,0,35101
28,0,3.655,1,0,35101
28,0,3.655,1,0,35101
28,0,3.655,1,0,35101
28,0,3.655,1,0,35101
28,0,3.655,1,0,35101
28,0,3.655,1,0,35101
28,0,3.655,1,0,35101
28,0,3.655,1,0,35101
28,0,3.655,1,0,35101
28,0,3.655,1,0,35101
28,0,3.655,1,0,35101
28,0,3.655,1,0,35101
28,0,3.655,1,0,35101
28,0,3.655,1,0,35101
28,0,3.655,1,0,35101
28,0,3.655,1,0,35101
28,0,3.655,1,0,35101
28,0,3.655,1,0,35101
28,0,3.655,1,0,35101
28,0,3.655,1,0,35101
28,0,3.655,1,0,35101
28,0,3.655,1,0,35101
28,0,3.655,1,0,35101
28,0,3.655,1,0,35101
28,0,3.655,1,0,35101
28,0,3.655,1,0,35101
28,0,3.655,1,0,35101
28,0,3.655,1,0,35101
28,0,3.655,1,0,35101
28,0,3.655,1,0,35101
28,0,3.655,1,0,35101
28,0,3.655,1,0,35101
28,0,3.655,1,0,35101
28,0,3.655,1,0,35101
28,0,3.655,1,0,35101
28,0,3.655,1,0,35101
28,0,3.655,1,0,35101
28,0,3.655,1,0,35101
28,0,3.655,1,0,35101
28,0,3.655,1,0,35101
28,0,3.655,1,0,35101
28,0,3.655,1,0,35101
28,0,3.655,1,0,35101
28,0,3.655,1,0,35101
28,0,3.655,1,0,35101
28,0,3.655,1,0,35101
28,0,3.655,1,0,35101
28,0,3.655,1,0,35101
28,0,3.655,1,0,35101
28,0,3.655,1,0,35101
28,0,3.655,1,0,35101
28,0,3.655,1,0,35101
28,0,3.655,1,0,35101
28,0,3.655,1,0,35101
28,0,3.655,1,0,35101
28,0,3.655,1,0,35101
28,0,3.655,1,0,35101
28,0,3.655,1,0,35101
28,0,3.655,1,0,35101
28,0,3.655,1,0,35101
28,0,3.655,1,0,35101
28,0,3.655,1,0,35101
28,0,3.655,1,0,35101
28,0,3.655,1,0,35101
28,0,3.655,1,0,35101
28,0,3.655,1,0,35101
28,0,3.655,1,0,35101
28,0,3.655,1,0,35101
28,0,3.655,1,0,35101
28,0,3.655,1,0,35101
28,0,3.655,1,0,35101
28,0,3.655,1,0,35101
28,0,3.655,1,0,35101
28,0,3.655,1,0,35101
28,0,3.655,1,0,35101
28,0,3.655,1,0,35101
28,0,3.655,1,0,35101
28,0,3.655,1,0,35101
28,0,3.655,1,0,35101
28,0,3.655,1,0,35101
28,0,3.655,1,0,35101
28,0,3.655,1,0,35101
28,0,3.655,1,0,35101
28,0,3.655,1,0,35101
28,0,3.655,1,0,35101
28,0,3.655,1,0,35101
28,0,3.655,1,0,35101
28,0,3.655,1,0,35101
28,0,3.655,1,0,35101
28,0,3.655,1,0,35101
28,0,3.655,1,0,35101
28,0,3.655,1,0,35101
28,0,3.655,1,0,35101
28,0,3.655,1,0,35101
28,0,3.655,1,0,35101
28,0,3.655,1,0,35101
28,0,3.655,1,0,35101
28,0,3.655,1,0,35101
28,0,3.655,1,0,35101
28,0,3.655,1,0,35101
28,0,3.655,1,0,35101
28,0,3.655,1,0,35101
28,0,3.655,1,0,35101
28,0,3.655,1,0,35101
28,0,3.655,1,0,35101
28,0,3.655,1,0,35101
28,0,3.655,1,0,35101
28,0,3.655,1,0,35101
28,0,3.655,1,0,35101
28,0,3.655,1,0,35101
28,0,3.655,1,0,35101
28,0,3.655,1,0,35101
28,0,3.655,1,0,35101
28,0,3.655,1,0,35101
28,0,3.655,1,0,35101
28,0,3.655,1,0,35101
28,0,3.655,1,0,35101
28,0,3.655,1,0,35101
28,0,3.655,1,0,35101
28,0,3.655,1,0,35101
28,0,3.655,1,0,35101
28,0,3.655,1,0,35101
28,0,3.655,1,0,35101
28,0,3.655,1,0,35101
28,0,3.655,1,0,35101
28,0,3.655,1,0,35101
28,0,3.655,1,0,35101
28,0,3.655,1,0,35101
28,0,3.655,1,0,35101
28,0,3.655,1,0,35101
28,0,3.655,1,0,35101
28,0,3.655,1,0,35101
28,0,3.655,1,0,35101
28,0,3.655,1,0,35101
28,0,3.655,1,0,35101
28,0,3.655,1,0,35101
28,0,3.655,1,0,35101
28,0,3.655,1,0,35101
28,0,3.655,1,0,35101
28,0,3.655,1,0,35101
28,0,3.655,1,0,35101
28,0,3.655,1,0,35101
28,0,3.655,1,0,35101
28,0,3.655,1,0,35101
28,0,3.655,1,0,35101
28,0,3.655,1,0,35101
28,0,3.655,1,0,35101
28,0,3.655,1,0,35101
28,0,3.655,1,0,35101
28,0,3.655,1,0,35101
28,0,3.655,1,0,35101
28,0,3.655,1,0,35101
28,0,3.655,1,0,35101
28,0,3.655,1,0,35101
28,0,3.655,1,0,35101
28,0,3.655,1,0,35101
28,0,3.655,1,0,35101
28,0,3.655,1,0,35101
28,0,3.655,1,0,35101
28,0,3.655,1,0,35101
28,0,3.655,1,0,35101
28,0,3.655,1,0,35101
28,0,3.655,1,0,35101
28,0,3.655,1,0,35101
28,0,3.655,1,0,35101
28,0,3.655,1,0,35101
28,0,3.655,1,0,35101
28,0,3.655,1,0,35101
28,0,3.655,1,0,35101
28,0,3.655,1,0,35101
28,0,3.655,1,0,35101
28,0,3.655,1,0,35101
28,0,3.655,1,0,35101
28,0,3.655,1,0,35101
28,0,3.655,1,0,35101
28,0,3.655,1,0,35101
28,0,3.655,1,0,35101
28,0,3.655,1,0,35101
28,0,3.655,1,0,35101
28,0,3.655,1,0,35101
28,0,3.655,1,0,35101
28,0,3.655,1,0,35101
28,0,3.655,1,0,35101
28,0,3.655,1,0,35101
28,0,3.655,1,0,35101
28,0,3.655,1,0,35101
28,0,3.655,1,0,35101
28,0,3.655,1,0,35101
28,0,3.655,1,0,35101
28,0,3.655,1,0,35101
28,0,3.655,1,0,35101
28,0,3.655,1,0,35101
28,0,3.655,1,0,35101
28,0,3.655,1,0,35101
28,0,3.655,1,0,35101
28,0,3.655,1,0,35101
28,0,3.655,1,0,35101
28,0,3.655,1,0,35101
28,0,3.655,1,0,35101
28,0,3.655,1,0,35101
28,0,3.655,1,0,35101
28,0,3.655,1,0,35101
28,0,3.655,1,0,35101
28,0,3.655,1,0,35101
28,0,3.655,1,0,35101
28,0,3.655,1,0,35101
28,0,3.655,1,0,35101
28,0,3.655,1,0,35101
28,0,3.655,1,0,35101
28,0,3.655,1,0,35101
28,0,3.655,1,0,35101
28,0,3.655,1,0,35101
28,0,3.655,1,0,35101
28,0,3.655,1,0,35101
28,0,3.655,1,0,35101
28,0,3.655,1,0,35101
28,0,3.655,1,0,35101
28,0,3.655,1,0,35101
28,0,3.655,1,0,35101
28,0,3.655,1,0,35101
28,0,3.655,1,0,35101
28,0,3.655,1,0,35101
28,0,3.655,1,0,35101
28,0,3.655,1,0,35101
28,0,3.655,1,0,35101
28,0,3.655,1,0,35101
28,0,3.655,1,0,35101
28,0,3.655,1,0,35101
28,0,3.655,1,0,35101
28,0,3.655,1,0,35101
28,0,3.655,1,0,35101
28,0,3.655,1,0,35101
28,0,3.655,1,0,35101
28,0,3.655,1,0,35101
28,0,3.655,1,0,35101
28,0,3.655,1,0,35101
28,0,3.655,1,0,35101
28,0,3.655,1,0,35101
28,0,3.655,1,0,35101
28,0,3.655,1,0,35101
28,0,3.655,1,0,35101
28,0,3.655,1,0,35101
28,0,3.655,1,0,35101
28,0,3.655,1,0,35101
28,0,3.655,1,0,35101
28,0,3.655,1,0,35101
28,0,3.655,1,0,35101
28,0,3.655,1,0,35101
28,0,3.655,1,0,35101
28,0,3.655,1,0,35101
28,0,3.655,1,0,35101
28,0,3.655,1,0,35101
28,0,3.655,1,0,35101
28,0,3.655,1,0,35101
28,0,3.655,1,0,35101
28,0,3.655,1,0,35101
28,0,3.655,1,0,35101
28,0,3.655,1,0,35101
28,0,3.655,1,0,35101
28,0,3.655,1,0,35101
28,0,3.655,1,0,35101
28,0,3.655,1,0,35101
28,0,3.655,1,0,35101
28,0,3.655,1,0,35101
28,0,3.655,1,0,35101
28,0,3.655,1,0,35101
28,0,3.655,1,0,35101
28,0,3.655,1,0,35101
28,0,3.655,1,0,35101
28,0,3.655,1,0,35101
28,0,3.655,1,0,35101
28,0,3.655,1,0,35101
28,0,3.655,1,0,35101
28,0,3.655,1,0,35101
28,0,3.655,1,0,35101
28,0,3.655,1,0,35101
28,0,3.655,1,0,35101
28,0,3.655,1,0,35101
28,0,3.655,1,0,35101
28,0,3.655,1,0,35101
28,0,3.655,1,0,35101
28,0,3.655,1,0,35101
28,0,3.655,1,0,35101
28,0,3.655,1,0,35101
28,0,3.655,1,0,35101
28,0,3.655,1,0,35101
28,0,3.655,1,0,35101
28,0,3.655,1,0,35101
28,0,3.655,1,0,35101
28,0,3.655,1,0,35101
28,0,3.655,1,0,35101
28,0,3.655,1,0,35101
28,0,3.655,1,0,35101
28,0,3.655,1,0,35101
28,0,3.655,1,0,35101
28,0,3.655,1,0,35101
28,0,3.655,1,0,35101
28,0,3.655,1,0,35101
28,0,3.655,1,0,35101
28,0,3.655,1,0,35101
28,0,3.655,1,0,35101
28,0,3.655,1,0,35101
28,0,3.655,1,0,35101
28,0,3.655,1,0,35101
28,0,3.655,1,0,35101
28,0,3.655,1,0,35101
28,0,3.655,1,0,35101
28,0,3.655,1,0,35101
28,0,3.655,1,0,35101
28,0,3.655,1,0,35101
28,0,3.655,1,0,35101
28,0,3.655,1,0,35101
28,0,3.655,1,0,35101
28,0,3.655,1,0,35101
28,0,3.655,1,0,35101
28,0,3.655,1,0,35101
28,0,3.655,1,0,35101
28,0,3.655,1,0,35101
28,0,3.655,1,0,35101
28,0,3.655,1,0,35101
28,0,3.655,1,0,35101
28,0,3.655,1,0,35101
28,0,3.655,1,0,35101
28,0,3.655,1,0,35101
28,0,3.655,1,0,35101
28,0,3.655,1,0,35101
28,0,3.655,1,0,35101
28,0,3.655,1,0,35101
28,0,3.655,1,0,35101
28,0,3.655,1,0,35101
28,0,3.655,1,0,35101
28,0,3.655,1,0,35101
28,0,3.655,1,0,35101
28,0,3.655,1,0,35101
28,0,3.655,1,0,35101
28,0,3.655,1,0,35101
28,0,3.655,1,0,35101
28,0,3.655,1,0,35101
28,0,3.655,1,0,35101
28,0,3.655,1,0,35101
28,0,3.655,1,0,35101
28,0,3.655,1,0,35101
28,0,3.655,1,0,35101
28,0,3.655,1,0,35101
28,0,3.655,1,0,35101
28,0,3.655,1,0,35101
28,0,3.655,1,0,35101
28,0,3.655,1,0,35101
28,0,3.655,1,0,35101
28,0,3.655,1,0,35101
28,0,3.655,1,0,35101
28,0,3.655,1,0,35101
28,0,3.655,1,0,35101
28,0,3.655,1,0,35101
28,0,3.655,1,0,35101
28,0,3.655,1,0,35101
28,0,3.655,1,0,35101
28,0,3.655,1,0,35101
28,0,3.655,1,0,35101
28,0,3.655,1,0,35101
28,0,3.655,1,0,35101
28,0,3.655,1,0,35101
28,0,3.655,1,0,35101
28,0,3.655,1,0,35101
28,0,3.655,1,0,35101
28,0,3.655,1,0,35101
28,0,3.655,1,0,35101
28,0,3.655,1,0,35101
28,0,3.655,1,0,35101
28,0,3.655,1,0,35101
28,0,3.655,1,0,35101
28,0,3.655,1,0,35101
28,0,3.655,1,0,35101
28,0,3.655,1,0,35101
28,0,3.655,1,0,35101
28,0,3.655,1,0,35101
28,0,3.655,1,0,35101
28,0,3.655,1,0,35101
28,0,3.655,1,0,35101
28,0,3.655,1,0,35101
28,0,3.655,1,0,35101
28,0,3.655,1,0,35101
28,0,3.655,1,0,35101
28,0,3.655,1,0,35101
28,0,3.655,1,0,35101
28,0,3.655,1,0,35101
28,0,3.655,1,0,35101
28,0,3.655,1,0,35101
28,0,3.655,1,0,35101
28,0,3.655,1,0,35101
28,0,3.655,1,0,35101
28,0,3.655,1,0,35101
28,0,3.655,1,0,35101
28,0,3.655,1,0,35101
28,0,3.655,1,0,35101
28,0,3.655,1,0,35101
28,0,3.655,1,0,35101
28,0,3.655,1,0,35101
28,0,3.655,1,0,35101
28,0,3.655,1,0,35101
28,0,3.655,1,0,35101
28,0,3.655,1,0,35101
28,0,3.655,1,0,35101
28,0,3.655,1,0,35101
28,0,3.655,1,0,35101
28,0,3.655,1,0,35101
28,0,3.655,1,0,35101
28,0,3.655,1,0,35101
28,0,3.655,1,0,35101
28,0,3.655,1,0,35101
28,0,3.655,1,0,35101
28,0,3.655,1,0,35101
28,0,3.655,1,0,35101
28,0,3.655,1,0,35101
28,0,3.655,1,0,35101
28,0,3.655,1,0,35101
28,0,3.655,1,0,35101
28,0,3.655,1,0,35101
28,0,3.655,1,0,35101
28,0,3.655,1,0,35101
28,0,3.655,1,0,35101
28,0,3.655,1,0,35101
28,0,3.655,1,0,35101
28,0,3.655,1,0,35101
28,0,3.655,1,0,35101
28,0,3.655,1,0,35101
28,0,3.655,1,0,35101
28,0,3.655,1,0,35101
28,0,3.655,1,0,35101
28,0,3.655,1,0,35101
28,0,3.655,1,0,35101
28,0,3.655,1,0,35101
28,0,3.655,1,0,35101
28,0,3.655,1,0,35101
28,0,3.655,1,0,35101
28,0,3.655,1,0,35101
28,0,3.655,1,0,35101
28,0,3.655,1,0,35101
28,0,3.655,1,0,35101
28,0,3.655,1,0,35101
28,0,3.655,1,0,35101
28,0,3.655,1,0,35101
28,0,3.655,1,0,35101
28,0,3.655,1,0,35101
28,0,3.655,1,0,35101
28,0,3.655,1,0,35101
28,0,3.655,1,0,35101
28,0,3.655,1,0,35101
28,0,3.655,1,0,35101
28,0,3.655,1,0,35101
28,0,3.655,1,0,35101
28,0,3.655,1,0,35101
28,0,3.655,1,0,35101
28,0,3.655,1,0,35101
28,0,3.655,1,0,35101
28,0,3.655,1,0,35101
28,0,3.655,1,0,35101
28,0,3.655,1,0,35101
28,0,3.655,1,0,35101
28,0,3.655,1,0,35101
28,0,3.655,1,0,35101
28,0,3.655,1,0,35101
28,0,3.655,1,0,35101
28,0,3.655,1,0,35101
28,0,3.655,1,0,35101
28,0,3.655,1,0,35101
28,0,3.655,1,0,35101
28,0,3.655,1,0,35101
28,0,3.655,1,0,35101
28,0,3.655,1,0,35101
28,0,3.655,1,0,35101
28,0,3.655,1,0,35101
28,0,3.655,1,0,35101
28,0,3.655,1,0,35101
28,0,3.655,1,0,35101
28,0,3.655,1,0,35101
28,0,3.655,1,0,35101
28,0,3.655,1,0,35101
28,0,3.655,1,0,35101
28,0,3.655,1,0,35101
28,0,3.655,1,0,35101
28,0,3.655,1,0,35101
28,0,3.655,1,0,35101
28,0,3.655,1,0,35101
28,0,3.655,1,0,35101
28,0,3.655,1,0,35101
28,0,3.655,1,0,35101
28,0,3.655,1,0,35101
28,0,3.655,1,0,35101
28,0,3.655,1,0,35101
28,0,3.655,1,0,35101
28,0,3.655,1,0,35101
28,0,3.655,1,0,35101
28,0,3.655,1,0,35101
28,0,3.655,1,0,35101
28,0,3.655,1,0,35101
28,0,3.655,1,0,35101
28,0,3.655,1,0,35101
28,0,3.655,1,0,35101
28,0,3.655,1,0,35101
28,0,3.655,1,0,35101
28,0,3.655,1,0,35101
28,0,3.655,1,0,35101
28,0,3.655,1,0,35101
28,0,3.655,1,0,35101
28,0,3.655,1,0,35101
28,0,3.655,1,0,35101
28,0,3.655,1,0,35101
28,0,3.655,1,0,35101
28,0,3.655,1,0,35101
28,0,3.655,1,0,35101
28,0,3.655,1,0,35101
28,0,3.655,1,0,35101
28,0,3.655,1,0,35101
28,0,3.655,1,0,35101
28,0,3.655,1,0,35101
28,0,3.655,1,0,35101
28,0,3.655,1,0,35101
28,0,3.655,1,0,35101
28,0,3.655,1,0,35101
28,0,3.655,1,0,35101
28,0,3.655,1,0,35101
28,0,3.655,1,0,35101
28,0,3.655,1,0,35101
28,0,3.655,1,0,35101
28,0,3.655,1,0,35101
28,0,3.655,1,0,35101
28,0,3.655,1,0,35101
28,0,3.655,1,0,35101
28,0,3.655,1,0,35101
28,0,3.655,1,0,35101
28,0,3.655,1,0,35101
28,0,3.655,1,0,35101
28,0,3.655,1,0,35101
28,0,3.655,1,0,35101
28,0,3.655,1,0,35101
28,0,3.655,1,0,35101
28,0,3.655,1,0,35101
28,0,3.655,1,0,35101
28,0,3.655,1,0,35101
28,0,3.655,1,0,35101
28,0,3.655,1,0,35101
28,0,3.655,1,0,35101
28,0,3.655,1,0,35101
28,0,3.655,1,0,35101
28,0,3.655,1,0,35101
28,0,3.655,1,0,35101
28,0,3.655,1,0,35101
28,0,3.655,1,0,35101
28,0,3.655,1,0,35101
28,0,3.655,1,0,35101
28,0,3.655,1,0,35101
28,0,3.655,1,0,35101
28,0,3.655,1,0,35101
28,0,3.655,1,0,35101
28,0,3.655,1,0,35101
28,0,3.655,1,0,35101
28,0,3.655,1,0,35101
28,0,3.655,1,0,35101
28,0,3.655,1,0,35101
28,0,3.655,1,0,35101
28,0,3.655,1,0,35101
28,0,3.655,1,0,35101
28,0,3.655,1,0,35101
28,0,3.655,1,0,35101
28,0,3.655,1,0,35101
28,0,3.655,1,0,35101
28,0,3.655,1,0,35101
28,0,3.655,1,0,35101
28,0,3.655,1,0,35101
28,0,3.655,1,0,35101
28,0,3.655,1,0,35101
28,0,3.655,1,0,35101
28,0,3.655,1,0,35101
28,0,3.655,1,0,35101
28,0,3.655,1,0,35101
28,0,3.655,1,0,35101
28,0,3.655,1,0,35101
28,0,3.655,1,0,35101
28,0,3.655,1,0,35101
28,0,3.655,1,0,35101
28,0,3.655,1,0,35101
28,0,3.655,1,0,35101
28,0,3.655,1,0,35101
28,0,3.655,1,0,35101
28,0,3.655,1,0,35101
28,0,3.655,1,0,35101
28,0,3.655,1,0,35101
28,0,3.655,1,0,35101
28,0,3.655,1,0,35101
28,0,3.655,1,0,35101
28,0,3.655,1,0,35101
28,0,3.655,1,0,35101
28,0,3.655,1,0,35101
28,0,3.655,1,0,35101
28,0,3.655,1,0,35101
28,0,3.655,1,0,35101
28,0,3.655,1,0,35101
28,0,3.655,1,0,35101
28,0,3.655,1,0,35101
28,0,3.655,1,0,35101
28,0,3.655,1,0,35101
28,0,3.655,1,0,35101
28,0,3.655,1,0,35101
28,0,3.655,1,0,35101
28,0,3.655,1,0,35101
28,0,3.655,1,0,35101
28,0,3.655,1,0,35101
28,0,3.655,1,0,35101
28,0,3.655,1,0,35101
28,0,3.655,1,0,35101
28,0,3.655,1,0,35101
28,0,3.655,1,0,35101
28,0,3.655,1,0,35101
28,0,3.655,1,0,35101
28,0,3.655,1,0,35101
28,0,3.655,1,0,35101
28,0,3.655,1,0,35101
28,0,3.655,1,0,35101
28,0,3.655,1,0,35101
28,0,3.655,1,0,35101
28,0,3.655,1,0,35101
28,0,3.655,1,0,35101
28,0,3.655,1,0,35101
28,0,3.655,1,0,35101
28,0,3.655,1,0,35101
28,0,3.655,1,0,35101
28,0,3.655,1,0,35101
28,0,3.655,1,0,35101
28,0,3.655,1,0,35101
28,0,3.655,1,0,35101
28,0,3.655,1,0,35101
28,0,3.655,1,0,35101
28,0,3.655,1,0,35101
28,0,3.655,1,0,35101
28,0,3.655,1,0,35101
28,0,3.655,1,0,35101
28,0,3.655,1,0,35101
28,0,3.655,1,0,35101
28,0,3.655,1,0,35101
28,0,3.655,1,0,35101
28,0,3.655,1,0,35101
28,0,3.655,1,0,35101
28,0,3.655,1,0,35101
28,0,3.655,1,0,35101
28,0,3.655,1,0,35101
28,0,3.655,1,0,35101
28,0,3.655,1,0,35101
28,0,3.655,1,0,35101
28,0,3.655,1,0,35101
28,0,3.655,1,0,35101
28,0,3.655,1,0,35101
28,0,3.655,1,0,35101
28,0,3.655,1,0,35101
28,0,3.655,1,0,35101
28,0,3.655,1,0,35101
28,0,3.655,1,0,35101
28,0,3.655,1,0,35101
28,0,3.655,1,0,35101
28,0,3.655,1,0,35101
28,0,3.655,1,0,35101
28,0,3.655,1,0,35101
28,0,3.655,1,0,35101
28,0,3.655,1,0,35101
28,0,3.655,1,0,35101
28,0,3.655,1,0,35101
28,0,3.655,1,0,35101
28,0,3.655,1,0,35101
28,0,3.655,1,0,35101
28,0,3.655,1,0,35101
28,0,3.655,1,0,35101
28,0,3.655,1,0,35101
28,0,3.655,1,0,35101
28,0,3.655,1,0,35101
28,0,3.655,1,0,35101
28,0,3.655,1,0,35101
28,0,3.655,1,0,35101
28,0,3.655,1,0,35101
28,0,3.655,1,0,35101
28,0,3.655,1,0,35101
28,0,3.655,1,0,35101
28,0,3.655,1,0,35101
28,0,3.655,1,0,35101
28,0,3.655,1,0,35101
28,0,3.655,1,0,35101
28,0,3.655,1,0,35101
28,0,3.655,1,0,35101
28,0,3.655,1,0,35101
28,0,3.655,1,0,35101
28,0,3.655,1,0,35101
28,0,3.655,1,0,35101
28,0,3.655,1,0,35101
28,0,3.655,1,0,35101
28,0,3.655,1,0,35101
28,0,3.655,1,0,35101
28,0,3.655,1,0,35101
28,0,3.655,1,0,35101
28,0,3.655,1,0,35101
28,0,3.655,1,0,35101
28,0,3.655,1,0,35101
28,0,3.655,1,0,35101
28,0,3.655,1,0,35101
28,0,3.655,1,0,35101
28,0,3.655,1,0,35101
28,0,3.655,1,0,35101
28,0,3.655,1,0,35101
28,0,3.655,1,0,35101
28,0,3.655,1,0,35101
28,0,3.655,1,0,35101
28,0,3.655,1,0,35101
28,0,3.655,1,0,35101
28,0,3.655,1,0,35101
28,0,3.655,1,0,35101
28,0,3.655,1,0,35101
28,0,3.655,1,0,35101
28,0,3.655,1,0,35101
28,0,3.655,1,0,35101
28,0,3.655,1,0,35101
28,0,3.655,1,0,35101
28,0,3.655,1,0,35101
28,0,3.655,1,0,35101
28,0,3.655,1,0,35101
28,0,3.655,1,0,35101
28,0,3.655,1,0,35101
28,0,3.655,1,0,35101
28,0,3.655,1,0,35101
28,0,3.655,1,0,35101
28,0,3.655,1,0,35101
28,0,3.655,1,0,35101
28,0,3.655,1,0,35101
28,0,3.655,1,0,35101
28,0,3.655,1,0,35101
28,0,3.655,1,0,35101
28,0,3.655,1,0,35101
28,0,3.655,1,0,35101
28,0,3.655,1,0,35101
28,0,3.655,1,0,35101
28,0,3.655,1,0,35101
28,0,3.655,1,0,35101
28,0,3.655,1,0,35101
28,0,3.655,1,0,35101
28,0,3.655,1,0,35101
28,0,3.655,1,0,35101
28,0,3.655,1,0,35101
28,0,3.655,1,0,35101
28,0,3.655,1,0,35101
28,0,3.655,1,0,35101
28,0,3.655,1,0,35101
28,0,3.655,1,0,35101
28,0,3.655,1,0,35101
28,0,3.655,1,0,35101
28,0,3.655,1,0,35101
28,0,3.655,1,0,35101
28,0,3.655,1,0,35101
28,0,3.655,1,0,35101
28,0,3.655,1,0,35101
28,0,3.655,1,0,35101
28,0,3.655,1,0,35101
28,0,3.655,1,0,35101
28,0,3.655,1,0,35101
28,0,3.655,1,0,35101
28,0,3.655,1,0,35101
28,0,3.655,1,0,35101
28,0,3.655,1,0,35101
28,0,3.655,1,0,35101
28,0,3.655,1,0,35101
28,0,3.655,1,0,35101
28,0,3.655,1,0,35101
28,0,3.655,1,0,35101
28,0,3.655,1,0,35101
28,0,3.655,1,0,35101
28,0,3.655,1,0,35101
28,0,3.655,1,0,35101
28,0,3.655,1,0,35101
28,0,3.655,1,0,35101
28,0,3.655,1,0,35101
28,0,3.655,1,0,35101
28,0,3.655,1,0,35101
28,0,3.655,1,0,35101
28,0,3.655,1,0,35101
28,0,3.655,1,0,35101
28,0,3.655,1,0,35101
28,0,3.655,1,0,35101
28,0,3.655,1,0,35101
28,0,3.655,1,0,35101
28,0,3.655,1,0,35101
28,0,3.655,1,0,35101
28,0,3.655,1,0,35101
28,0,3.655,1,0,35101
28,0,3.655,1,0,35101
28,0,3.655,1,0,35101
28,0,3.655,1,0,35101
28,0,3.655,1,0,35101
28,0,3.655,1,0,35101
28,0,3.655,1,0,35101
28,0,3.655,1,0,35101
28,0,3.655,1,0,35101
28,0,3.655,1,0,35101
28,0,3.655,1,0,35101
28,0,3.655,1,0,35101
28,0,3.655,1,0,35101
28,0,3.655,1,0,35101
28,0,3.655,1,0,35101
28,0,3.655,1,0,35101
28,0,3.655,1,0,35101
28,0,3.655,1,0,35101
28,0,3.655,1,0,35101
28,0,3.655,1,0,35101
28,0,3.655,1,0,35101
28,0,3.655,1,0,35101
28,0,3.655,1,0,35101
28,0,3.655,1,0,35101
28,0,3.655,1,0,35101
28,0,3.655,1,0,35101
28,0,3.655,1,0,35101
28,0,3.655,1,0,35101
28,0,3.655,1,0,35101
28,0,3.655,1,0,35101
28,0,3.655,1,0,35101
28,0,3.655,1,0,35101
28,0,3.655,1,0,35101
28,0,3.655,1,0,35101
28,0,3.655,1,0,35101
28,0,3.655,1,0,35101
28,0,3.655,1,0,35101
28,0,3.655,1,0,35101
28,0,3.655,1,0,35101
28,0,3.655,1,0,35101
28,0,3.655,1,0,35101
28,0,3.655,1,0,35101
28,0,3.655,1,0,35101
28,0,3.655,1,0,35101
28,0,3.655,1,0,35101
28,0,3.655,1,0,35101
28,0,3.655,1,0,35101
28,0,3.655,1,0,35101
28,0,3.655,1,0,35101
28,0,3.655,1,0,35101
28,0,3.655,1,0,35101
28,0,3.655,1,0,35101
28,0,3.655,1,0,35101
28,0,3.655,1,0,35101
28,0,3.655,1,0,35101
28,0,3.655,1,0,35101
28,0,3.655,1,0,35101
28,0,3.655,1,0,35101
28,0,3.655,1,0,35101
28,0,3.655,1,0,35101
28,0,3.655,1,0,35101
28,0,3.655,1,0,35101
28,0,3.655,1,0,35101
28,0,3.655,1,0,35101
28,0,3.655,1,0,35101
28,0,3.655,1,0,35101
28,0,3.655,1,0,35101
28,0,3.655,1,0,35101
28,0,3.655,1,0,35101
28,0,3.655,1,0,35101
28,0,3.655,1,0,35101
28,0,3.655,1,0,35101
28,0,3.655,1,0,35101
28,0,3.655,1,0,35101
28,0,3.655,1,0,35101
28,0,3.655,1,0,35101
28,0,3.655,1,0,35101
28,0,3.655,1,0,35101
28,0,3.655,1,0,35101
28,0,3.655,1,0,35101
28,0,3.655,1,0,35101
28,0,3.655,1,0,35101
28,0,3.655,1,0,35101
28,0,3.655,1,0,35101
28,0,3.655,1,0,35101
28,0,3.655,1,0,35101
28,0,3.655,1,0,35101
28,0,3.655,1,0,35101
28,0,3.655,1,0,35101
28,0,3.655,1,0,35101
28,0,3.655,1,0,35101
28,0,3.655,1,0,35101
28,0,3.655,1,0,35101
28,0,3.655,1,0,35101
28,0,3.655,1,0,35101
28,0,3.655,1,0,35101
28,0,3.655,1,0,35101
28,0,3.655,1,0,35101
28,0,3.655,1,0,35101
28,0,3.655,1,0,35101
28,0,3.655,1,0,35101
28,0,3.655,1,0,35101
28,0,3.655,1,0,35101
28,0,3.655,1,0,35101
28,0,3.655,1,0,35101
28,0,3.655,1,0,35101
28,0,3.655,1,0,35101
28,0,3.655,1,0,35101
28,0,3.655,1,0,35101
28,0,3.655,1,0,35101
28,0,3.655,1,0,35101
28,0,3.655,1,0,35101
28,0,3.655,1,0,35101
28,0,3.655,1,0,35101
28,0,3.655,1,0,35101
28,0,3.655,1,0,35101
28,0,3.655,1,0,35101
28,0,3.655,1,0,35101
28,0,3.655,1,0,35101
28,0,3.655,1,0,35101
28,0,3.655,1,0,35101
28,0,3.655,1,0,35101
28,0,3.655,1,0,35101
28,0,3.655,1,0,35101
28,0,3.655,1,0,35101
28,0,3.655,1,0,35101
28,0,3.655,1,0,35101
28,0,3.655,1,0,35101
28,0,3.655,1,0,35101
28,0,3.655,1,0,35101
28,0,3.655,1,0,35101
28,0,3.655,1,0,35101
28,0,3.655,1,0,35101
28,0,3.655,1,0,35101
28,0,3.655,1,0,35101
28,0,3.655,1,0,35101
28,0,3.655,1,0,35101
28,0,3.655,1,0,35101
28,0,3.655,1,0,35101
28,0,3.655,1,0,35101
28,0,3.655,1,0,35101
28,0,3.655,1,0,35101
28,0,3.655,1,0,35101
28,0,3.655,1,0,35101
28,0,3.655,1,0,35101
28,0,3.655,1,0,35101
28,0,3.655,1,0,35101
28,0,3.655,1,0,35101
28,0,3.655,1,0,35101
28,0,3.655,1,0,35101
28,0,3.655,1,0,35101
28,0,3.655,1,0,35101
28,0,3.655,1,0,35101
28,0,3.655,1,0,35101
28,0,3.655,1,0,35101
28,0,3.655,1,0,35101
28,0,3.655,1,0,35101
28,0,3.655,1,0,35101
28,0,3.655,1,0,35101
28,0,3.655,1,0,35101
28,0,3.655,1,0,35101
28,0,3.655,1,0,35101
28,0,3.655,1,0,35101
28,0,3.655,1,0,35101
28,0,3.655,1,0,35101
28,0,3.655,1,0,35101
28,0,3.655,1,0,35101
28,0,3.655,1,0,35101
28,0,3.655,1,0,35101
28,0,3.655,1,0,35101
28,0,3.655,1,0,35101
28,0,3.655,1,0,35101
28,0,3.655,1,0,35101
28,0,3.655,1,0,35101
28,0,3.655,1,0,35101
28,0,3.655,1,0,35101
28,0,3.655,1,0,35101
28,0,3.655,1,0,35101
28,0,3.655,1,0,35101
28,0,3.655,1,0,35101
28,0,3.655,1,0,35101
28,0,3.655,1,0,35101
28,0,3.655,1,0,35101
28,0,3.655,1,0,35101
28,0,3.655,1,0,35101
28,0,3.655,1,0,35101
28,0,3.655,1,0,35101
28,0,3.655,1,0,35101
28,0,3.655,1,0,35101
28,0,3.655,1,0,35101
28,0,3.655,1,0,35101
28,0,3.655,1,0,35101
28,0,3.655,1,0,35101
28,0,3.655,1,0,35101
28,0,3.655,1,0,35101
28,0,3.655,1,0,35101
28,0,3.655,1,0,35101
28,0,3.655,1,0,35101
28,0,3.655,1,0,35101
28,0,3.655,1,0,35101
28,0,3.655,1,0,35101
28,0,3.655,1,0,35101
28,0,3.655,1,0,35101
28,0,3.655,1,0,35101
28,0,3.655,1,0,35101
28,0,3.655,1,0,35101
28,0,3.655,1,0,35101
28,0,3.655,1,0,35101
28,0,3.655,1,0,35101
28,0,3.655,1,0,35101
28,0,3.655,1,0,35101
28,0,3.655,1,0,35101
28,0,3.655,1,0,35101
28,0,3.655,1,0,35101
28,0,3.655,1,0,35101
28,0,3.655,1,0,35101
28,0,3.655,1,0,35101
28,0,3.655,1,0,35101
28,0,3.655,1,0,35101
28,0,3.655,1,0,35101
28,0,3.655,1,0,35101
28,0,3.655,1,0,35101
28,0,3.655,1,0,35101
28,0,3.655,1,0,35101
28,0,3.655,1,0,35101
28,0,3.655,1,0,35101
28,0,3.655,1,0,35101
28,0,3.655,1,0,35101
28,0,3.655,1,0,35101
28,0,3.655,1,0,35101
28,0,3.655,1,0,35101
28,0,3.655,1,0,35101
28,0,3.655,1,0,35101
28,0,3.655,1,0,35101
28,0,3.655,1,0,35101
28,0,3.655,1,0,35101
28,0,3.655,1,0,35101
28,0,3.655,1,0,35101
28,0,3.655,1,0,35101
28,0,3.655,1,0,35101
28,0,3.655,1,0,35101
28,0,3.655,1,0,35101
28,0,3.655,1,0,35101
28,0,3.655,1,0,35101
28,0,3.655,1,0,35101
28,0,3.655,1,0,35101
28,0,3.655,1,0,35101
28,0,3.655,1,0,35101
28,0,3.655,1,0,35101
28,0,3.655,1,0,35101
28,0,3.655,1,0,35101
28,0,3.655,1,0,35101
28,0,3.655,1,0,35101
28,0,3.655,1,0,35101
28,0,3.655,1,0,35101
28,0,3.655,1,0,35101
28,0,3.655,1,0,35101
28,0,3.655,1,0,35101
28,0,3.655,1,0,35101
28,0,3.655,1,0,35101
28,0,3.655,1,0,35101
28,0,3.655,1,0,35101
28,0,3.655,1,0,35101
28,0,3.655,1,0,35101
28,0,3.655,1,0,35101
28,0,3.655,1,0,35101
28,0,3.655,1,0,35101
28,0,3.655,1,0,35101
28,0,3.655,1,0,35101
28,0,3.655,1,0,35101
28,0,3.655,1,0,35101
28,0,3.655,1,0,35101
28,0,3.655,1,0,35101
28,0,3.655,1,0,35101
28,0,3.655,1,0,35101
28,0,3.655,1,0,35101
28,0,3.655,1,0,35101
28,0,3.655,1,0,35101
28,0,3.655,1,0,35101
28,0,3.655,1,0,35101
28,0,3.655,1,0,35101
28,0,3.655,1,0,35101
28,0,3.655,1,0,35101
28,0,3.655,1,0,35101
28,0,3.655,1,0,35101
28,0,3.655,1,0,35101
28,0,3.655,1,0,35101
28,0,3.655,1,0,35101
28,0,3.655,1,0,35101
28,0,3.655,1,0,35101
28,0,3.655,1,0,35101
28,0,3.655,1,0,35101
28,0,3.655,1,0,35101
28,0,3.655,1,0,35101
28,0,3.655,1,0,35101
28,0,3.655,1,0,35101
28,0,3.655,1,0,35101
28,0,3.655,1,0,35101
28,0,3.655,1,0,35101
28,0,3.655,1,0,35101
28,0,3.655,1,0,35101
28,0,3.655,1,0,35101
28,0,3.655,1,0,35101
28,0,3.655,1,0,35101
28,0,3.655,1,0,35101
28,0,3.655,1,0,35101
28,0,3.655,1,0,35101
28,0,3.655,1,0,35101
28,0,3.655,1,0,35101
28,0,3.655,1,0,35101
28,0,3.655,1,0,35101
28,0,3.655,1,0,35101
28,0,3.655,1,0,35101
28,0,3.655,1,0,35101
28,0,3.655,1,0,35101
28,0,3.655,1,0,35101
28,0,3.655,1,0,35101
28,0,3.655,1,0,35101
28,0,3.655,1,0,35101
28,0,3.655,1,0,35101
28,0,3.655,1,0,35101
28,0,3.655,1,0,35101
28,0,3.655,1,0,35101
28,0,3.655,1,0,35101
28,0,3.655,1,0,35101
28,0,3.655,1,0,35101
28,0,3.655,1,0,35101
28,0,3.655,1,0,35101
28,0,3.655,1,0,35101
28,0,3.655,1,0,35101
28,0,3.655,1,0,35101
28,0,3.655,1,0,35101
28,0,3.655,1,0,35101
28,0,3.655,1,0,35101
28,0,3.655,1,0,35101
28,0,3.655,1,0,35101
28,0,3.655,1,0,35101
28,0,3.655,1,0,35101
28,0,3.655,1,0,35101
28,0,3.655,1,0,35101
28,0,3.655,1,0,35101
28,0,3.655,1,0,35101
28,0,3.655,1,0,35101
28,0,3.655,1,0,35101
28,0,3.655,1,0,35101
28,0,3.655,1,0,35101
28,0,3.655,1,0,35101
28,0,3.655,1,0,35101
28,0,3.655,1,0,35101
28,0,3.655,1,0,35101
28,0,3.655,1,0,35101
28,0,3.655,1,0,35101
28,0,3.655,1,0,35101
28,0,3.655,1,0,35101
28,0,3.655,1,0,35101
28,0,3.655,1,0,35101
28,0,3.655,1,0,35101
28,0,3.655,1,0,35101
28,0,3.655,1,0,35101
28,0,3.655,1,0,35101
28,0,3.655,1,0,35101
28,0,3.655,1,0,35101
28,0,3.655,1,0,35101
28,0,3.655,1,0,35101
28,0,3.655,1,0,35101
28,0,3.655,1,0,35101
28,0,3.655,1,0,35101
28,0,3.655,1,0,35101
28,0,3.655,1,0,35101
28,0,3.655,1,0,35101
28,0,3.655,1,0,35101
28,0,3.655,1,0,35101
28,0,3.655,1,0,35101
28,0,3.655,1,0,35101
28,0,3.655,1,0,35101
28,0,3.655,1,0,35101
28,0,3.655,1,0,35101
28,0,3.655,1,0,35101
28,0,3.655,1,0,35101
28,0,3.655,1,0,35101
28,0,3.655,1,0,35101
28,0,3.655,1,0,35101
28,0,3.655,1,0,35101
28,0,3.655,1,0,35101
28,0,3.655,1,0,35101
28,0,3.655,1,0,35101
28,0,3.655,1,0,35101
28,0,3.655,1,0,35101
28,0,3.655,1,0,35101
28,0,3.655,1,0,35101
28,0,3.655,1,0,35101
28,0,3.655,1,0,35101
28,0,3.655,1,0,35101
28,0,3.655,1,0,35101
28,0,3.655,1,0,35101
28,0,3.655,1,0,35101
28,0,3.655,1,0,35101
28,0,3.655,1,0,35101
28,0,3.655,1,0,35101
28,0,3.655,1,0,35101
28,0,3.655,1,0,35101
28,0,3.655,1,0,35101
28,0,3.655,1,0,35101
28,0,3.655,1,0,35101
28,0,3.655,1,0,35101
28,0,3.655,1,0,35101
28,0,3.655,1,0,35101
28,0,3.655,1,0,35101
28,0,3.655,1,0,35101
28,0,3.655,1,0,35101
28,0,3.655,1,0,35101
28,0,3.655,1,0,35101
28,0,3.655,1,0,35101
28,0,3.655,1,0,35101
28,0,3.655,1,0,35101
28,0,3.655,1,0,35101
28,0,3.655,1,0,35101
28,0,3.655,1,0,35101
28,0,3.655,1,0,35101
28,0,3.655,1,0,35101
28,0,3.655,1,0,35101
28,0,3.655,1,0,35101
28,0,3.655,1,0,35101
28,0,3.655,1,0,35101
28,0,3.655,1,0,35101
28,0,3.655,1,0,35101
28,0,3.655,1,0,35101
28,0,3.655,1,0,35101
28,0,3.655,1,0,35101
28,0,3.655,1,0,35101
28,0,3.655,1,0,35101
28,0,3.655,1,0,35101
28,0,3.655,1,0,35101
28,0,3.655,1,0,35101
28,0,3.655,1,0,35101
28,0,3.655,1,0,35101
28,0,3.655,1,0,35101
28,0,3.655,1,0,35101
28,0,3.655,1,0,35101
28,0,3.655,1,0,35101
28,0,3.655,1,0,35101
28,0,3.655,1,0,35101
28,0,3.655,1,0,35101
28,0,3.655,1,0,35101
28,0,3.655,1,0,35101
28,0,3.655,1,0,35101
28,0,3.655,1,0,35101
28,0,3.655,1,0,35101
28,0,3.655,1,0,35101
28,0,3.655,1,0,35101
28,0,3.655,1,0,35101
28,0,3.655,1,0,35101
28,0,3.655,1,0,35101
28,0,3.655,1,0,35101
28,0,3.655,1,0,35101
28,0,3.655,1,0,35101
28,0,3.655,1,0,35101
28,0,3.655,1,0,35101
28,0,3.655,1,0,35101
28,0,3.655,1,0,35101
28,0,3.655,1,0,35101
28,0,3.655,1,0,35101
28,0,3.655,1,0,35101
28,0,3.655,1,0,35101
28,0,3.655,1,0,35101
28,0,3.655,1,0,35101
28,0,3.655,1,0,35101
28,0,3.655,1,0,35101
28,0,3.655,1,0,35101
28,0,3.655,1,0,35101
28,0,3.655,1,0,35101
28,0,3.655,1,0,35101
28,0,3.655,1,0,35101
28,0,3.655,1,0,35101
28,0,3.655,1,0,35101
28,0,3.655,1,0,35101
28,0,3.655,1,0,35101
28,0,3.655,1,0,35101
28,0,3.655,1,0,35101
28,0,3.655,1,0,35101
28,0,3.655,1,0,35101
28,0,3.655,1,0,35101
28,0,3.655,1,0,35101
28,0,3.655,1,0,35101
28,0,3.655,1,0,35101
28,0,3.655,1,0,35101
28,0,3.655,1,0,35101
28,0,3.655,1,0,35101
28,0,3.655,1,0,35101
28,0,3.655,1,0,35101
28,0,3.655,1,0,35101
28,0,3.655,1,0,35101
28,0,3.655,1,0,35101
28,0,3.655,1,0,35101
28,0,3.655,1,0,35101
28,0,3.655,1,0,35101
28,0,3.655,1,0,35101
28,0,3.655,1,0,35101
28,0,3.655,1,0,35101
28,0,3.655,1,0,35101
28,0,3.655,1,0,35101
28,0,3.655,1,0,35101
28,0,3.655,1,0,35101
28,0,3.655,1,0,35101
28,0,3.655,1,0,35101
28,0,3.655,1,0,35101
28,0,3.655,1,0,35101
28,0,3.655,1,0,35101
28,0,3.655,1,0,35101
28,0,3.655,1,0,35101
28,0,3.655,1,0,35101
28,0,3.655,1,0,35101
28,0,3.655,1,0,35101
28,0,3.655,1,0,35101
28,0,3.655,1,0,35101
28,0,3.655,1,0,35101
28,0,3.655,1,0,35101
28,0,3.655,1,0,35101
28,0,3.655,1,0,35101
28,0,3.655,1,0,35101
28,0,3.655,1,0,35101
28,0,3.655,1,0,35101
28,0,3.655,1,0,35101
28,0,3.655,1,0,35101
28,0,3.655,1,0,35101
28,0,3.655,1,0,35101
28,0,3.655,1,0,35101
28,0,3.655,1,0,35101
28,0,3.655,1,0,35101
28,0,3.655,1,0,35101
28,0,3.655,1,0,35101
28,0,3.655,1,0,35101
28,0,3.655,1,0,35101
28,0,3.655,1,0,35101
28,0,3.655,1,0,35101
28,0,3.655,1,0,35101
28,0,3.655,1,0,35101
28,0,3.655,1,0,35101
28,0,3.655,1,0,35101
28,0,3.655,1,0,35101
28,0,3.655,1,0,35101
28,0,3.655,1,0,35101
28,0,3.655,1,0,35101
28,0,3.655,1,0,35101
28,0,3.655,1,0,35101
28,0,3.655,1,0,35101
28,0,3.655,1,0,35101
28,0,3.655,1,0,35101
28,0,3.655,1,0,35101
28,0,3.655,1,0,35101
28,0,3.655,1,0,35101
28,0,3.655,1,0,35101
28,0,3.655,1,0,35101
28,0,3.655,1,0,35101
28,0,3.655,1,0,35101
28,0,3.655,1,0,35101
28,0,3.655,1,0,35101
28,0,3.655,1,0,35101
28,0,3.655,1,0,35101
28,0,3.655,1,0,35101
28,0,3.655,1,0,35101
28,0,3.655,1,0,35101
28,0,3.655,1,0,35101
28,0,3.655,1,0,35101
28,0,3.655,1,0,35101
28,0,3.655,1,0,35101
28,0,3.655,1,0,35101
28,0,3.655,1,0,35101
28,0,3.655,1,0,35101
28,0,3.655,1,0,35101
28,0,3.655,1,0,35101
28,0,3.655,1,0,35101
28,0,3.655,1,0,35101
28,0,3.655,1,0,35101
28,0,3.655,1,0,35101
28,0,3.655,1,0,35101
28,0,3.655,1,0,35101
28,0,3.655,1,0,35101
28,0,3.655,1,0,35101
28,0,3.655,1,0,35101
28,0,3.655,1,0,35101
28,0,3.655,1,0,35101
28,0,3.655,1,0,35101
28,0,3.655,1,0,35101
28,0,3.655,1,0,35101
28,0,3.655,1,0,35101
28,0,3.655,1,0,35101
28,0,3.655,1,0,35101
28,0,3.655,1,0,35101
28,0,3.655,1,0,35101
28,0,3.655,1,0,35101
28,0,3.655,1,0,35101
28,0,3.655,1,0,35101
28,0,3.655,1,0,35101
28,0,3.655,1,0,35101
28,0,3.655,1,0,35101
28,0,3.655,1,0,35101
28,0,3.655,1,0,35101
28,0,3.655,1,0,35101
28,0,3.655,1,0,35101
28,0,3.655,1,0,35101
28,0,3.655,1,0,35101
28,0,3.655,1,0,35101
28,0,3.655,1,0,35101
28,0,3.655,1,0,35101
28,0,3.655,1,0,35101
28,0,3.655,1,0,35101
28,0,3.655,1,0,35101
28,0,3.655,1,0,35101
28,0,3.655,1,0,35101
28,0,3.655,1,0,35101
28,0,3.655,1,0,35101
28,0,3.655,1,0,35101
28,0,3.655,1,0,35101
28,0,3.655,1,0,35101
28,0,3.655,1,0,35101
28,0,3.655,1,0,35101
28,0,3.655,1,0,35101
28,0,3.655,1,0,35101
28,0,3.655,1,0,35101
28,0,3.655,1,0,35101
28,0,3.655,1,0,35101
28,0,3.655,1,0,35101
28,0,3.655,1,0,35101
28,0,3.655,1,0,35101
28,0,3.655,1,0,35101
28,0,3.655,1,0,35101
28,0,3.655,1,0,35101
28,0,3.655,1,0,35101
28,0,3.655,1,0,35101
28,0,3.655,1,0,35101
28,0,3.655,1,0,35101
28,0,3.655,1,0,35101
28,0,3.655,1,0,35101
28,0,3.655,1,0,35101
28,0,3.655,1,0,35101
28,0,3.655,1,0,35101
28,0,3.655,1,0,35101
28,0,3.655,1,0,35101
28,0,3.655,1,0,35101
28,0,3.655,1,0,35101
28,0,3.655,1,0,35101
28,0,3.655,1,0,35101
28,0,3.655,1,0,35101
28,0,3.655,1,0,35101
28,0,3.655,1,0,35101
28,0,3.655,1,0,35101
28,0,3.655,1,0,35101
28,0,3.655,1,0,35101
28,0,3.655,1,0,35101
28,0,3.655,1,0,35101
28,0,3.655,1,0,35101
28,0,3.655,1,0,35101
28,0,3.655,1,0,35101
28,0,3.655,1,0,35101
28,0,3.655,1,0,35101
28,0,3.655,1,0,35101
28,0,3.655,1,0,35101
28,0,3.655,1,0,35101
28,0,3.655,1,0,35101
28,0,3.655,1,0,35101
28,0,3.655,1,0,35101
28,0,3.655,1,0,35101
28,0,3.655,1,0,35101
28,0,3.655,1,0,35101
28,0,3.655,1,0,35101
28,0,3.655,1,0,35101
28,0,3.655,1,0,35101
28,0,3.655,1,0,35101
28,0,3.655,1,0,35101
28,0,3.655,1,0,35101
28,0,3.655,1,0,35101
28,0,3.655,1,0,35101
28,0,3.655,1,0,35101
28,0,3.655,1,0,35101
28,0,3.655,1,0,35101
28,0,3.655,1,0,35101
28,0,3.655,1,0,35101
28,0,3.655,1,0,35101
28,0,3.655,1,0,35101
28,0,3.655,1,0,35101
28,0,3.655,1,0,35101
28,0,3.655,1,0,35101
28,0,3.655,1,0,35101
28,0,3.655,1,0,35101
28,0,3.655,1,0,35101
28,0,3.655,1,0,35101
28,0,3.655,1,0,35101
28,0,3.655,1,0,35101
28,0,3.655,1,0,35101
28,0,3.655,1,0,35101
28,0,3.655,1,0,35101
28,0,3.655,1,0,35101
28,0,3.655,1,0,35101
28,0,3.655,1,0,35101
28,0,3.655,1,0,35101
28,0,3.655,1,0,35101
28,0,3.655,1,0,35101
28,0,3.655,1,0,35101
28,0,3.655,1,0,35101
28,0,3.655,1,0,35101
28,0,3.655,1,0,35101
28,0,3.655,1,0,35101
28,0,3.655,1,0,35101
28,0,3.655,1,0,35101
28,0,3.655,1,0,35101
28,0,3.655,1,0,35101
28,0,3.655,1,0,35101
28,0,3.655,1,0,35101
28,0,3.655,1,0,35101
28,0,3.655,1,0,35101
28,0,3.655,1,0,35101
28,0,3.655,1,0,35101
28,0,3.655,1,0,35101
28,0,3.655,1,0,35101
28,0,3.655,1,0,35101
28,0,3.655,1,0,35101
28,0,3.655,1,0,35101
28,0,3.655,1,0,35101
28,0,3.655,1,0,35101
28,0,3.655,1,0,35101
28,0,3.655,1,0,35101
28,0,3.655,1,0,35101
28,0,3.655,1,0,35101
28,0,3.655,1,0,35101
28,0,3.655,1,0,35101
28,0,3.655,1,0,35101
28,0,3.655,1,0,35101
28,0,3.655,1,0,35101
28,0,3.655,1,0,35101
28,0,3.655,1,0,35101
28,0,3.655,1,0,35101
28,0,3.655,1,0,35101
28,0,3.655,1,0,35101
28,0,3.655,1,0,35101
28,0,3.655,1,0,35101
28,0,3.655,1,0,35101
28,0,3.655,1,0,35101
28,0,3.655,1,0,35101
28,0,3.655,1,0,35101
28,0,3.655,1,0,35101
28,0,3.655,1,0,35101
28,0,3.655,1,0,35101
28,0,3.655,1,0,35101
28,0,3.655,1,0,35101
28,0,3.655,1,0,35101
28,0,3.655,1,0,35101
28,0,3.655,1,0,35101
28,0,3.655,1,0,35101
28,0,3.655,1,0,35101
28,0,3.655,1,0,35101
28,0,3.655,1,0,35101
28,0,3.655,1,0,35101
28,0,3.655,1,0,35101
28,0,3.655,1,0,35101
28,0,3.655,1,0,35101
28,0,3.655,1,0,35101
28,0,3.655,1,0,35101
28,0,3.655,1,0,35101
28,0,3.655,1,0,35101
28,0,3.655,1,0,35101
28,0,3.655,1,0,35101
28,0,3.655,1,0,35101
28,0,3.655,1,0,35101
28,0,3.655,1,0,35101
28,0,3.655,1,0,35101
28,0,3.655,1,0,35101
28,0,3.655,1,0,35101
28,0,3.655,1,0,35101
28,0,3.655,1,0,35101
28,0,3.655,1,0,35101
28,0,3.655,1,0,35101
28,0,3.655,1,0,35101
28,0,3.655,1,0,35101
28,0,3.655,1,0,35101
28,0,3.655,1,0,35101
28,0,3.655,1,0,35101
28,0,3.655,1,0,35101
28,0,3.655,1,0,35101
28,0,3.655,1,0,35101
28,0,3.655,1,0,35101
28,0,3.655,1,0,35101
28,0,3.655,1,0,35101
28,0,3.655,1,0,35101
28,0,3.655,1,0,35101
28,0,3.655,1,0,35101
28,0,3.655,1,0,35101
28,0,3.655,1,0,35101
28,0,3.655,1,0,35101
28,0,3.655,1,0,35101
28,0,3.655,1,0,35101
28,0,3.655,1,0,35101
28,0,3.655,1,0,35101
28,0,3.655,1,0,35101
28,0,3.655,1,0,35101
28,0,3.655,1,0,35101
28,0,3.655,1,0,35101
28,0,3.655,1,0,35101
28,0,3.655,1,0,35101
28,0,3.655,1,0,35101
28,0,3.655,1,0,35101
28,0,3.655,1,0,35101
28,0,3.655,1,0,35101
28,0,3.655,1,0,35101
28,0,3.655,1,0,35101
28,0,3.655,1,0,35101
28,0,3.655,1,0,35101
28,0,3.655,1,0,35101
28,0,3.655,1,0,35101
28,0,3.655,1,0,35101
28,0,3.655,1,0,35101
28,0,3.655,1,0,35101
28,0,3.655,1,0,35101
28,0,3.655,1,0,35101
28,0,3.655,1,0,35101
28,0,3.655,1,0,35101
28,0,3.655,1,0,35101
28,0,3.655,1,0,35101
28,0,3.655,1,0,35101
28,0,3.655,1,0,35101
28,0,3.655,1,0,35101
28,0,3.655,1,0,35101
28,0,3.655,1,0,35101
28,0,3.655,1,0,35101
28,0,3.655,1,0,35101
28,0,3.655,1,0,35101
28,0,3.655,1,0,35101
28,0,3.655,1,0,35101
28,0,3.655,1,0,35101
28,0,3.655,1,0,35101
28,0,3.655,1,0,35101
28,0,3.655,1,0,35101
28,0,3.655,1,0,35101
28,0,3.655,1,0,35101
28,0,3.655,1,0,35101
28,0,3.655,1,0,35101
28,0,3.655,1,0,35101
28,0,3.655,1,0,35101
28,0,3.655,1,0,35101
28,0,3.655,1,0,35101
28,0,3.655,1,0,35101
28,0,3.655,1,0,35101
28,0,3.655,1,0,35101
28,0,3.655,1,0,35101
28,0,3.655,1,0,35101
28,0,3.655,1,0,35101
28,0,3.655,1,0,35101
28,0,3.655,1,0,35101
28,0,3.655,1,0,35101
28,0,3.655,1,0,35101
28,0,3.655,1,0,35101
28,0,3.655,1,0,35101
28,0,3.655,1,0,35101
28,0,3.655,1,0,35101
28,0,3.655,1,0,35101
28,0,3.655,1,0,35101
28,0,3.655,1,0,35101
28,0,3.655,1,0,35101
28,0,3.655,1,0,35101
28,0,3.655,1,0,35101
28,0,3.655,1,0,35101
28,0,3.655,1,0,35101
28,0,3.655,1,0,35101
28,0,3.655,1,0,35101
28,0,3.655,1,0,35101
28,0,3.655,1,0,35101
28,0,3.655,1,0,35101
28,0,3.655,1,0,35101
28,0,3.655,1,0,35101
28,0,3.655,1,0,35101
28,0,3.655,1,0,35101
28,0,3.655,1,0,35101
28,0,3.655,1,0,35101
28,0,3.655,1,0,35101
28,0,3.655,1,0,35101
28,0,3.655,1,0,35101
28,0,3.655,1,0,35101
28,0,3.655,1,0,35101
28,0,3.655,1,0,35101
28,0,3.655,1,0,35101
28,0,3.655,1,0,35101
28,0,3.655,1,0,35101
28,0,3.655,1,0,35101
28,0,3.655,1,0,35101
28,0,3.655,1,0,35101
28,0,3.655,1,0,35101
28,0,3.655,1,0,35101
28,0,3.655,1,0,35101
28,0,3.655,1,0,35101
28,0,3.655,1,0,35101
28,0,3.655,1,0,35101
28,0,3.655,1,0,35101
28,0,3.655,1,0,35101
28,0,3.655,1,0,35101
28,0,3.655,1,0,35101
28,0,3.655,1,0,35101
28,0,3.655,1,0,35101
28,0,3.655,1,0,35101
28,0,3.655,1,0,35101
28,0,3.655,1,0,35101
28,0,3.655,1,0,35101
28,0,3.655,1,0,35101
28,0,3.655,1,0,35101
28,0,3.655,1,0,35101
28,0,3.655,1,0,35101
28,0,3.655,1,0,35101
28,0,3.655,1,0,35101
28,0,3.655,1,0,35101
28,0,3.655,1,0,35101
28,0,3.655,1,0,35101
28,0,3.655,1,0,35101
28,0,3.655,1,0,35101
28,0,3.655,1,0,35101
28,0,3.655,1,0,35101
28,0,3.655,1,0,35101
28,0,3.655,1,0,35101
28,0,3.655,1,0,35101
28,0,3.655,1,0,35101
28,0,3.655,1,0,35101
28,0,3.655,1,0,35101
28,0,3.655,1,0,35101
28,0,3.655,1,0,35101
28,0,3.655,1,0,35101
28,0,3.655,1,0,35101
28,0,3.655,1,0,35101
28,0,3.655,1,0,35101
28,0,3.655,1,0,35101
28,0,3.655,1,0,35101
28,0,3.655,1,0,35101
28,0,3.655,1,0,35101
28,0,3.655,1,0,35101
28,0,3.655,1,0,35101
28,0,3.655,1,0,35101
28,0,3.655,1,0,35101
28,0,3.655,1,0,35101
28,0,3.655,1,0,35101
28,0,3.655,1,0,35101
28,0,3.655,1,0,35101
28,0,3.655,1,0,35101
28,0,3.655,1,0,35101
28,0,3.655,1,0,35101
28,0,3.655,1,0,35101
28,0,3.655,1,0,35101
28,0,3.655,1,0,35101
28,0,3.655,1,0,35101
28,0,3.655,1,0,35101
28,0,3.655,1,0,35101
28,0,3.655,1,0,35101
28,0,3.655,1,0,35101
28,0,3.655,1,0,35101
28,0,3.655,1,0,35101
28,0,3.655,1,0,35101
28,0,3.655,1,0,35101
28,0,3.655,1,0,35101
28,0,3.655,1,0,35101
28,0,3.655,1,0,35101
28,0,3.655,1,0,35101
28,0,3.655,1,0,35101
28,0,3.655,1,0,35101
28,0,3.655,1,0,35101
28,0,3.655,1,0,35101
28,0,3.655,1,0,35101
28,0,3.655,1,0,35101
28,0,3.655,1,0,35101
28,0,3.655,1,0,35101
28,0,3.655,1,0,35101
28,0,3.655,1,0,35101
28,0,3.655,1,0,35101
28,0,3.655,1,0,35101
28,0,3.655,1,0,35101
28,0,3.655,1,0,35101
28,0,3.655,1,0,35101
28,0,3.655,1,0,35101
28,0,3.655,1,0,35101
28,0,3.655,1,0,35101
28,0,3.655,1,0,35101
28,0,3.655,1,0,35101
28,0,3.655,1,0,35101
28,0,3.655,1,0,35101
28,0,3.655,1,0,35101
28,0,3.655,1,0,35101
28,0,3.655,1,0,35101
28,0,3.655,1,0,35101
28,0,3.655,1,0,35101
28,0,3.655,1,0,35101
28,0,3.655,1,0,35101
28,0,3.655,1,0,35101
28,0,3.655,1,0,35101
28,0,3.655,1,0,35101
28,0,3.655,1,0,35101
28,0,3.655,1,0,35101
28,0,3.655,1,0,35101
28,0,3.655,1,0,35101
28,0,3.655,1,0,35101
28,0,3.655,1,0,35101
28,0,3.655,1,0,35101
28,0,3.655,1,0,35101
28,0,3.655,1,0,35101
28,0,3.655,1,0,35101
28,0,3.655,1,0,35101
28,0,3.655,1,0,35101
28,0,3.655,1,0,35101
28,0,3.655,1,0,35101
28,0,3.655,1,0,35101
28,0,3.655,1,0,35101
28,0,3.655,1,0,35101
28,0,3.655,1,0,35101
28,0,3.655,1,0,35101
28,0,3.655,1,0,35101
28,0,3.655,1,0,35101
28,0,3.655,1,0,35101
28,0,3.655,1,0,35101
28,0,3.655,1,0,35101
28,0,3.655,1,0,35101
28,0,3.655,1,0,35101
28,0,3.655,1,0,35101
28,0,3.655,1,0,35101
28,0,3.655,1,0,35101
28,0,3.655,1,0,35101
28,0,3.655,1,0,35101
28,0,3.655,1,0,35101
28,0,3.655,1,0,35101
28,0,3.655,1,0,35101
28,0,3.655,1,0,35101
28,0,3.655,1,0,35101
28,0,3.655,1,0,35101
28,0,3.655,1,0,35101
28,0,3.655,1,0,35101
28,0,3.655,1,0,35101
28,0,3.655,1,0,35101
28,0,3.655,1,0,35101
28,0,3.655,1,0,35101
28,0,3.655,1,0,35101
28,0,3.655,1,0,35101
28,0,3.655,1,0,35101
28,0,3.655,1,0,35101
28,0,3.655,1,0,35101
28,0,3.655,1,0,35101
28,0,3.655,1,0,35101
28,0,3.655,1,0,35101
28,0,3.655,1,0,35101
28,0,3.655,1,0,35101
28,0,3.655,1,0,35101
28,0,3.655,1,0,35101
28,0,3.655,1,0,35101
28,0,3.655,1,0,35101
28,0,3.655,1,0,35101
28,0,3.655,1,0,35101
28,0,3.655,1,0,35101
28,0,3.655,1,0,35101
28,0,3.655,1,0,35101
28,0,3.655,1,0,35101
28,0,3.655,1,0,35101
28,0,3.655,1,0,35101
28,0,3.655,1,0,35101
28,0,3.655,1,0,35101
28,0,3.655,1,0,35101
28,0,3.655,1,0,35101
28,0,3.655,1,0,35101
28,0,3.655,1,0,35101
28,0,3.655,1,0,35101
28,0,3.655,1,0,35101
28,0,3.655,1,0,35101
28,0,3.655,1,0,35101
28,0,3.655,1,0,35101
28,0,3.655,1,0,35101
28,0,3.655,1,0,35101
28,0,3.655,1,0,35101
28,0,3.655,1,0,35101
28,0,3.655,1,0,35101
28,0,3.655,1,0,35101
28,0,3.655,1,0,35101
28,0,3.655,1,0,35101
28,0,3.655,1,0,35101
28,0,3.655,1,0,35101
28,0,3.655,1,0,35101
28,0,3.655,1,0,35101
28,0,3.655,1,0,35101
28,0,3.655,1,0,35101
28,0,3.655,1,0,35101
28,0,3.655,1,0,35101
28,0,3.655,1,0,35101
28,0,3.655,1,0,35101
28,0,3.655,1,0,35101
28,0,3.655,1,0,35101
28,0,3.655,1,0,35101
28,0,3.655,1,0,35101
28,0,3.655,1,0,35101
28,0,3.655,1,0,35101
28,0,3.655,1,0,35101
28,0,3.655,1,0,35101
28,0,3.655,1,0,35101
28,0,3.655,1,0,35101
28,0,3.655,1,0,35101
28,0,3.655,1,0,35101
28,0,3.655,1,0,35101
28,0,3.655,1,0,35101
28,0,3.655,1,0,35101
28,0,3.655,1,0,35101
28,0,3.655,1,0,35101
28,0,3.655,1,0,35101
28,0,3.655,1,0,35101
28,0,3.655,1,0,35101
28,0,3.655,1,0,35101
28,0,3.655,1,0,35101
28,0,3.655,1,0,35101
28,0,3.655,1,0,35101
28,0,3.655,1,0,35101
28,0,3.655,1,0,35101
28,0,3.655,1,0,35101
28,0,3.655,1,0,35101
28,0,3.655,1,0,35101
28,0,3.655,1,0,35101
28,0,3.655,1,0,35101
28,0,3.655,1,0,35101
28,0,3.655,1,0,35101
28,0,3.655,1,0,35101
28,0,3.655,1,0,35101
28,0,3.655,1,0,35101
28,0,3.655,1,0,35101
28,0,3.655,1,0,35101
28,0,3.655,1,0,35101
28,0,3.655,1,0,35101
28,0,3.655,1,0,35101
28,0,3.655,1,0,35101
28,0,3.655,1,0,35101
28,0,3.655,1,0,35101
28,0,3.655,1,0,35101
28,0,3.655,1,0,35101
28,0,3.655,1,0,35101
28,0,3.655,1,0,35101
28,0,3.655,1,0,35101
28,0,3.655,1,0,35101
28,0,3.655,1,0,35101
28,0,3.655,1,0,35101
28,0,3.655,1,0,35101
28,0,3.655,1,0,35101
28,0,3.655,1,0,35101
28,0,3.655,1,0,35101
28,0,3.655,1,0,35101
28,0,3.655,1,0,35101
28,0,3.655,1,0,35101
28,0,3.655,1,0,35101
28,0,3.655,1,0,35101
28,0,3.655,1,0,35101
28,0,3.655,1,0,35101
28,0,3.655,1,0,35101
28,0,3.655,1,0,35101
28,0,3.655,1,0,35101
28,0,3.655,1,0,35101
28,0,3.655,1,0,35101
28,0,3.655,1,0,35101
28,0,3.655,1,0,35101
28,0,3.655,1,0,35101
28,0,3.655,1,0,35101
28,0,3.655,1,0,35101
28,0,3.655,1,0,35101
28,0,3.655,1,0,35101
28,0,3.655,1,0,35101
28,0,3.655,1,0,35101
28,0,3.655,1,0,35101
28,0,3.655,1,0,35101
28,0,3.655,1,0,35101
28,0,3.655,1,0,35101
28,0,3.655,1,0,35101
28,0,3.655,1,0,35101
28,0,3.655,1,0,35101
28,0,3.655,1,0,35101
28,0,3.655,1,0,35101
28,0,3.655,1,0,35101
28,0,3.655,1,0,35101
28,0,3.655,1,0,35101
28,0,3.655,1,0,35101
28,0,3.655,1,0,35101
28,0,3.655,1,0,35101
28,0,3.655,1,0,35101
28,0,3.655,1,0,35101
28,0,3.655,1,0,35101
28,0,3.655,1,0,35101
28,0,3.655,1,0,35101
28,0,3.655,1,0,35101
28,0,3.655,1,0,35101
28,0,3.655,1,0,35101
28,0,3.655,1,0,35101
28,0,3.655,1,0,35101
28,0,3.655,1,0,35101
28,0,3.655,1,0,35101
28,0,3.655,1,0,35101
28,0,3.655,1,0,35101
28,0,3.655,1,0,35101
28,0,3.655,1,0,35101
28,0,3.655,1,0,35101
28,0,3.655,1,0,35101
28,0,3.655,1,0,35101
28,0,3.655,1,0,35101
28,0,3.655,1,0,35101
28,0,3.655,1,0,35101
28,0,3.655,1,0,35101
28,0,3.655,1,0,35101
28,0,3.655,1,0,35101
28,0,3.655,1,0,35101
28,0,3.655,1,0,35101
28,0,3.655,1,0,35101
28,0,3.655,1,0,35101
28,0,3.655,1,0,35101
28,0,3.655,1,0,35101
28,0,3.655,1,0,35101
28,0,3.655,1,0,35101
28,0,3.655,1,0,35101
28,0,3.655,1,0,35101
28,0,3.655,1,0,35101
28,0,3.655,1,0,35101
28,0,3.655,1,0,35101
28,0,3.655,1,0,35101
28,0,3.655,1,0,35101
28,0,3.655,1,0,35101
28,0,3.655,1,0,35101
28,0,3.655,1,0,35101
28,0,3.655,1,0,35101
28,0,3.655,1,0,35101
28,0,3.655,1,0,35101
28,0,3.655,1,0,35101
28,0,3.655,1,0,35101
28,0,3.655,1,0,35101
28,0,3.655,1,0,35101
28,0,3.655,1,0,35101
28,0,3.655,1,0,35101
28,0,3.655,1,0,35101
28,0,3.655,1,0,35101
28,0,3.655,1,0,35101
28,0,3.655,1,0,35101
28,0,3.655,1,0,35101
28,0,3.655,1,0,35101
28,0,3.655,1,0,35101
28,0,3.655,1,0,35101
28,0,3.655,1,0,35101
28,0,3.655,1,0,35101
28,0,3.655,1,0,35101
28,0,3.655,1,0,35101
28,0,3.655,1,0,35101
28,0,3.655,1,0,35101
28,0,3.655,1,0,35101
28,0,3.655,1,0,35101
28,0,3.655,1,0,35101
28,0,3.655,1,0,35101
28,0,3.655,1,0,35101
28,0,3.655,1,0,35101
28,0,3.655,1,0,35101
28,0,3.655,1,0,35101
28,0,3.655,1,0,35101
28,0,3.655,1,0,35101
28,0,3.655,1,0,35101
28,0,3.655,1,0,35101
28,0,3.655,1,0,35101
28,0,3.655,1,0,35101
28,0,3.655,1,0,35101
28,0,3.655,1,0,35101
28,0,3.655,1,0,35101
28,0,3.655,1,0,35101
28,0,3.655,1,0,35101
28,0,3.655,1,0,35101
28,0,3.655,1,0,35101
28,0,3.655,1,0,35101
28,0,3.655,1,0,35101
28,0,3.655,1,0,35101
28,0,3.655,1,0,35101
28,0,3.655,1,0,35101
28,0,3.655,1,0,35101
28,0,3.655,1,0,35101
28,0,3.655,1,0,35101
28,0,3.655,1,0,35101
28,0,3.655,1,0,35101
28,0,3.655,1,0,35101
28,0,3.655,1,0,35101
28,0,3.655,1,0,35101
28,0,3.655,1,0,35101
28,0,3.655,1,0,35101
28,0,3.655,1,0,35101
28,0,3.655,1,0,35101
28,0,3.655,1,0,35101
28,0,3.655,1,0,35101
28,0,3.655,1,0,35101
28,0,3.655,1,0,35101
28,0,3.655,1,0,35101
28,0,3.655,1,0,35101
28,0,3.655,1,0,35101
28,0,3.655,1,0,35101
28,0,3.655,1,0,35101
28,0,3.655,1,0,35101
28,0,3.655,1,0,35101
28,0,3.655,1,0,35101
28,0,3.655,1,0,35101
28,0,3.655,1,0,35101
28,0,3.655,1,0,35101
28,0,3.655,1,0,35101
28,0,3.655,1,0,35101
28,0,3.655,1,0,35101
28,0,3.655,1,0,35101
28,0,3.655,1,0,35101
28,0,3.655,1,0,35101
28,0,3.655,1,0,35101
28,0,3.655,1,0,35101
28,0,3.655,1,0,35101
28,0,3.655,1,0,35101
28,0,3.655,1,0,35101
28,0,3.655,1,0,35101
28,0,3.655,1,0,35101
28,0,3.655,1,0,35101
28,0,3.655,1,0,35101
28,0,3.655,1,0,35101
28,0,3.655,1,0,35101
28,0,3.655,1,0,35101
28,0,3.655,1,0,35101
28,0,3.655,1,0,35101
28,0,3.655,1,0,35101
28,0,3.655,1,0,35101
28,0,3.655,1,0,35101
28,0,3.655,1,0,35101
28,0,3.655,1,0,35101
28,0,3.655,1,0,35101
28,0,3.655,1,0,35101
28,0,3.655,1,0,35101
28,0,3.655,1,0,35101
28,0,3.655,1,0,35101
28,0,3.655,1,0,35101
28,0,3.655,1,0,35101
28,0,3.655,1,0,35101
28,0,3.655,1,0,35101
28,0,3.655,1,0,35101
28,0,3.655,1,0,35101
28,0,3.655,1,0,35101
28,0,3.655,1,0,35101
28,0,3.655,1,0,35101
28,0,3.655,1,0,35101
28,0,3.655,1,0,35101
28,0,3.655,1,0,35101
28,0,3.655,1,0,35101
28,0,3.655,1,0,35101
28,0,3.655,1,0,35101
28,0,3.655,1,0,35101
28,0,3.655,1,0,35101
28,0,3.655,1,0,35101
28,0,3.655,1,0,35101
28,0,3.655,1,0,35101
28,0,3.655,1,0,35101
28,0,3.655,1,0,35101
28,0,3.655,1,0,35101
28,0,3.655,1,0,35101
28,0,3.655,1,0,35101
28,0,3.655,1,0,35101
28,0,3.655,1,0,35101
28,0,3.655,1,0,35101
28,0,3.655,1,0,35101
28,0,3.655,1,0,35101
28,0,3.655,1,0,35101
28,0,3.655,1,0,35101
28,0,3.655,1,0,35101
28,0,3.655,1,0,35101
28,0,3.655,1,0,35101
28,0,3.655,1,0,35101
28,0,3.655,1,0,35101
28,0,3.655,1,0,35101
28,0,3.655,1,0,35101
28,0,3.655,1,0,35101
28,0,3.655,1,0,35101
28,0,3.655,1,0,35101
28,0,3.655,1,0,35101
28,0,3.655,1,0,35101
28,0,3.655,1,0,35101
28,0,3.655,1,0,35101
28,0,3.655,1,0,35101
28,0,3.655,1,0,35101
28,0,3.655,1,0,35101
28,0,3.655,1,0,35101
28,0,3.655,1,0,35101
28,0,3.655,1,0,35101
28,0,3.655,1,0,35101
28,0,3.655,1,0,35101
28,0,3.655,1,0,35101
28,0,3.655,1,0,35101
28,0,3.655,1,0,35101
28,0,3.655,1,0,35101
28,0,3.655,1,0,35101
28,0,3.655,1,0,35101
28,0,3.655,1,0,35101
28,0,3.655,1,0,35101
28,0,3.655,1,0,35101
28,0,3.655,1,0,35101
28,0,3.655,1,0,35101
28,0,3.655,1,0,35101
28,0,3.655,1,0,35101
28,0,3.655,1,0,35101
28,0,3.655,1,0,35101
28,0,3.655,1,0,35101
28,0,3.655,1,0,35101
28,0,3.655,1,0,35101
28,0,3.655,1,0,35101
28,0,3.655,1,0,35101
28,0,3.655,1,0,35101
28,0,3.655,1,0,35101
28,0,3.655,1,0,35101
28,0,3.655,1,0,35101
28,0,3.655,1,0,35101
28,0,3.655,1,0,35101
28,0,3.655,1,0,35101
28,0,3.655,1,0,35101
28,0,3.655,1,0,35101
28,0,3.655,1,0,35101
28,0,3.655,1,0,35101
28,0,3.655,1,0,35101
28,0,3.655,1,0,35101
28,0,3.655,1,0,35101
28,0,3.655,1,0,35101
28,0,3.655,1,0,35101
28,0,3.655,1,0,35101
28,0,3.655,1,0,35101
28,0,3.655,1,0,35101
28,0,3.655,1,0,35101
28,0,3.655,1,0,35101
28,0,3.655,1,0,35101
28,0,3.655,1,0,35101
28,0,3.655,1,0,35101
28,0,3.655,1,0,35101
28,0,3.655,1,0,35101
28,0,3.655,1,0,35101
28,0,3.655,1,0,35101
28,0,3.655,1,0,35101
28,0,3.655,1,0,35101
28,0,3.655,1,0,35101
28,0,3.655,1,0,35101
28,0,3.655,1,0,35101
28,0,3.655,1,0,35101
28,0,3.655,1,0,35101
28,0,3.655,1,0,35101
28,0,3.655,1,0,35101
28,0,3.655,1,0,35101
28,0,3.655,1,0,35101
28,0,3.655,1,0,35101
28,0,3.655,1,0,35101
28,0,3.655,1,0,35101
28,0,3.655,1,0,35101
28,0,3.655,1,0,35101
28,0,3.655,1,0,35101
28,0,3.655,1,0,35101
28,0,3.655,1,0,35101
28,0,3.655,1,0,35101
28,0,3.655,1,0,35101
28,0,3.655,1,0,35101
28,0,3.655,1,0,35101
28,0,3.655,1,0,35101
28,0,3.655,1,0,35101
28,0,3.655,1,0,35101
28,0,3.655,1,0,35101
28,0,3.655,1,0,35101
28,0,3.655,1,0,35101
28,0,3.655,1,0,35101
28,0,3.655,1,0,35101
28,0,3.655,1,0,35101
28,0,3.655,1,0,35101
28,0,3.655,1,0,35101
28,0,3.655,1,0,35101
28,0,3.655,1,0,35101
28,0,3.655,1,0,35101
28,0,3.655,1,0,35101
28,0,3.655,1,0,35101
28,0,3.655,1,0,35101
28,0,3.655,1,0,35101
28,0,3.655,1,0,35101
28,0,3.655,1,0,35101
28,0,3.655,1,0,35101
28,0,3.655,1,0,35101
28,0,3.655,1,0,35101
28,0,3.655,1,0,35101
28,0,3.655,1,0,35101
28,0,3.655,1,0,35101
28,0,3.655,1,0,35101
28,0,3.655,1,0,35101
28,0,3.655,1,0,35101
28,0,3.655,1,0,35101
28,0,3.655,1,0,35101
28,0,3.655,1,0,35101
28,0,3.655,1,0,35101
28,0,3.655,1,0,35101
28,0,3.655,1,0,35101
28,0,3.655,1,0,35101
28,0,3.655,1,0,35101
28,0,3.655,1,0,35101
28,0,3.655,1,0,35101
28,0,3.655,1,0,35101
28,0,3.655,1,0,35101
28,0,3.655,1,0,35101
28,0,3.655,1,0,35101
28,0,3.655,1,0,35101
28,0,3.655,1,0,35101
28,0,3.655,1,0,35101
28,0,3.655,1,0,35101
28,0,3.655,1,0,35101
28,0,3.655,1,0,35101
28,0,3.655,1,0,35101
28,0,3.655,1,0,35101
28,0,3.655,1,0,35101
28,0,3.655,1,0,35101
28,0,3.655,1,0,35101
28,0,3.655,1,0,35101
28,0,3.655,1,0,35101
28,0,3.655,1,0,35101
28,0,3.655,1,0,35101
28,0,3.655,1,0,35101
28,0,3.655,1,0,35101
28,0,3.655,1,0,35101
28,0,3.655,1,0,35101
28,0,3.655,1,0,35101
28,0,3.655,1,0,35101
28,0,3.655,1,0,35101
28,0,3.655,1,0,35101
28,0,3.655,1,0,35101
28,0,3.655,1,0,35101
28,0,3.655,1,0,35101
28,0,3.655,1,0,35101
28,0,3.655,1,0,35101
28,0,3.655,1,0,35101
28,0,3.655,1,0,35101
28,0,3.655,1,0,35101
28,0,3.655,1,0,35101
28,0,3.655,1,0,35101
28,0,3.655,1,0,35101
28,0,3.655,1,0,35101
28,0,3.655,1,0,35101
28,0,3.655,1,0,35101
28,0,3.655,1,0,35101
28,0,3.655,1,0,35101
28,0,3.655,1,0,35101
28,0,3.655,1,0,35101
28,0,3.655,1,0,35101
28,0,3.655,1,0,35101
28,0,3.655,1,0,35101
28,0,3.655,1,0,35101
28,0,3.655,1,0,35101
28,0,3.655,1,0,35101
28,0,3.655,1,0,35101
28,0,3.655,1,0,35101
28,0,3.655,1,0,35101
28,0,3.655,1,0,35101
28,0,3.655,1,0,35101
28,0,3.655,1,0,35101
28,0,3.655,1,0,35101
28,0,3.655,1,0,35101
28,0,3.655,1,0,35101
28,0,3.655,1,0,35101
28,0,3.655,1,0,35101
28,0,3.655,1,0,35101
28,0,3.655,1,0,35101
28,0,3.655,1,0,35101
28,0,3.655,1,0,35101
28,0,3.655,1,0,35101
28,0,3.655,1,0,35101
28,0,3.655,1,0,35101
28,0,3.655,1,0,35101
28,0,3.655,1,0,35101
28,0,3.655,1,0,35101
28,0,3.655,1,0,35101
28,0,3.655,1,0,35101
28,0,3.655,1,0,35101
28,0,3.655,1,0,35101
28,0,3.655,1,0,35101
28,0,3.655,1,0,35101
28,0,3.655,1,0,35101
28,0,3.655,1,0,35101
28,0,3.655,1,0,35101
28,0,3.655,1,0,35101
28,0,3.655,1,0,35101
28,0,3.655,1,0,35101
28,0,3.655,1,0,35101
28,0,3.655,1,0,35101
28,0,3.655,1,0,35101
28,0,3.655,1,0,35101
28,0,3.655,1,0,35101
28,0,3.655,1,0,35101
28,0,3.655,1,0,35101
28,0,3.655,1,0,35101
28,0,3.655,1,0,35101
28,0,3.655,1,0,35101
28,0,3.655,1,0,35101
28,0,3.655,1,0,35101
28,0,3.655,1,0,35101
28,0,3.655,1,0,35101
28,0,3.655,1,0,35101
28,0,3.655,1,0,35101
28,0,3.655,1,0,35101
28,0,3.655,1,0,35101
28,0,3.655,1,0,35101
28,0,3.655,1,0,35101
28,0,3.655,1,0,35101
28,0,3.655,1,0,35101
28,0,3.655,1,0,35101
28,0,3.655,1,0,35101
28,0,3.655,1,0,35101
28,0,3.655,1,0,35101
28,0,3.655,1,0,35101
28,0,3.655,1,0,35101
28,0,3.655,1,0,35101
28,0,3.655,1,0,35101
28,0,3.655,1,0,35101
28,0,3.655,1,0,35101
28,0,3.655,1,0,35101
28,0,3.655,1,0,35101
28,0,3.655,1,0,35101
28,0,3.655,1,0,35101
28,0,3.655,1,0,35101
28,0,3.655,1,0,35101
28,0,3.655,1,0,35101
28,0,3.655,1,0,35101
28,0,3.655,1,0,35101
28,0,3.655,1,0,35101
28,0,3.655,1,0,35101
28,0,3.655,1,0,35101
28,0,3.655,1,0,35101
28,0,3.655,1,0,35101
28,0,3.655,1,0,35101
28,0,3.655,1,0,35101
28,0,3.655,1,0,35101
28,0,3.655,1,0,35101
28,0,3.655,1,0,35101
28,0,3.655,1,0,35101
28,0,3.655,1,0,35101
28,0,3.655,1,0,35101
28,0,3.655,1,0,35101
28,0,3.655,1,0,35101
28,0,3.655,1,0,35101
28,0,3.655,1,0,35101
28,0,3.655,1,0,35101
28,0,3.655,1,0,35101
28,0,3.655,1,0,35101
28,0,3.655,1,0,35101
28,0,3.655,1,0,35101
28,0,3.655,1,0,35101
28,0,3.655,1,0,35101
28,0,3.655,1,0,35101
28,0,3.655,1,0,35101
28,0,3.655,1,0,35101
28,0,3.655,1,0,35101
28,0,3.655,1,0,35101
28,0,3.655,1,0,35101
28,0,3.655,1,0,35101
28,0,3.655,1,0,35101
28,0,3.655,1,0,35101
28,0,3.655,1,0,35101
28,0,3.655,1,0,35101
28,0,3.655,1,0,35101
28,0,3.655,1,0,35101
28,0,3.655,1,0,35101
28,0,3.655,1,0,35101
28,0,3.655,1,0,35101
28,0,3.655,1,0,35101
28,0,3.655,1,0,35101
28,0,3.655,1,0,35101
28,0,3.655,1,0,35101
28,0,3.655,1,0,35101
28,0,3.655,1,0,35101
28,0,3.655,1,0,35101
28,0,3.655,1,0,35101
28,0,3.655,1,0,35101
28,0,3.655,1,0,35101
28,0,3.655,1,0,35101
28,0,3.655,1,0,35101
28,0,3.655,1,0,35101
28,0,3.655,1,0,35101
28,0,3.655,1,0,35101
28,0,3.655,1,0,35101
28,0,3.655,1,0,35101
28,0,3.655,1,0,35101
28,0,3.655,1,0,35101
28,0,3.655,1,0,35101
28,0,3.655,1,0,35101
28,0,3.655,1,0,35101
28,0,3.655,1,0,35101
28,0,3.655,1,0,35101
28,0,3.655,1,0,35101
28,0,3.655,1,0,35101
28,0,3.655,1,0,35101
28,0,3.655,1,0,35101
28,0,3.655,1,0,35101
28,0,3.655,1,0,35101
28,0,3.655,1,0,35101
28,0,3.655,1,0,35101
28,0,3.655,1,0,35101
28,0,3.655,1,0,35101
28,0,3.655,1,0,35101
28,0,3.655,1,0,35101
28,0,3.655,1,0,35101
28,0,3.655,1,0,35101
28,0,3.655,1,0,35101
28,0,3.655,1,0,35101
28,0,3.655,1,0,35101
28,0,3.655,1,0,35101
28,0,3.655,1,0,35101
28,0,3.655,1,0,35101
28,0,3.655,1,0,35101
28,0,3.655,1,0,35101
28,0,3.655,1,0,35101
28,0,3.655,1,0,35101
28,0,3.655,1,0,35101
28,0,3.655,1,0,35101
28,0,3.655,1,0,35101
28,0,3.655,1,0,35101
28,0,3.655,1,0,35101
28,0,3.655,1,0,35101
28,0,3.655,1,0,35101
28,0,3.655,1,0,35101
28,0,3.655,1,0,35101
28,0,3.655,1,0,35101
28,0,3.655,1,0,35101
28,0,3.655,1,0,35101
28,0,3.655,1,0,35101
28,0,3.655,1,0,35101
28,0,3.655,1,0,35101
28,0,3.655,1,0,35101
28,0,3.655,1,0,35101
28,0,3.655,1,0,35101
28,0,3.655,1,0,35101
28,0,3.655,1,0,35101
28,0,3.655,1,0,35101
28,0,3.655,1,0,35101
28,0,3.655,1,0,35101
28,0,3.655,1,0,35101
28,0,3.655,1,0,35101
28,0,3.655,1,0,35101
28,0,3.655,1,0,35101
28,0,3.655,1,0,35101
28,0,3.655,1,0,35101
28,0,3.655,1,0,35101
28,0,3.655,1,0,35101
28,0,3.655,1,0,35101
28,0,3.655,1,0,35101
28,0,3.655,1,0,35101
28,0,3.655,1,0,35101
28,0,3.655,1,0,35101
28,0,3.655,1,0,35101
28,0,3.655,1,0,35101
28,0,3.655,1,0,35101
28,0,3.655,1,0,35101
28,0,3.655,1,0,35101
28,0,3.655,1,0,35101
28,0,3.655,1,0,35101
28,0,3.655,1,0,35101
28,0,3.655,1,0,35101
28,0,3.655,1,0,35101
28,0,3.655,1,0,35101
28,0,3.655,1,0,35101
28,0,3.655,1,0,35101
28,0,3.655,1,0,35101
28,0,3.655,1,0,35101
28,0,3.655,1,0,35101
28,0,3.655,1,0,35101
28,0,3.655,1,0,35101
28,0,3.655,1,0,35101
28,0,3.655,1,0,35101
28,0,3.655,1,0,35101
28,0,3.655,1,0,35101
28,0,3.655,1,0,35101
28,0,3.655,1,0,35101
28,0,3.655,1,0,35101
28,0,3.655,1,0,35101
28,0,3.655,1,0,35101
28,0,3.655,1,0,35101
28,0,3.655,1,0,35101
28,0,3.655,1,0,35101
28,0,3.655,1,0,35101
28,0,3.655,1,0,35101
28,0,3.655,1,0,35101
28,0,3.655,1,0,35101
28,0,3.655,1,0,35101
28,0,3.655,1,0,35101
28,0,3.655,1,0,35101
28,0,3.655,1,0,35101
28,0,3.655,1,0,35101
28,0,3.655,1,0,35101
28,0,3.655,1,0,35101
28,0,3.655,1,0,35101
28,0,3.655,1,0,35101
28,0,3.655,1,0,35101
28,0,3.655,1,0,35101
28,0,3.655,1,0,35101
28,0,3.655,1,0,35101
28,0,3.655,1,0,35101
28,0,3.655,1,0,35101
28,0,3.655,1,0,35101
28,0,3.655,1,0,35101
28,0,3.655,1,0,35101
28,0,3.655,1,0,35101
28,0,3.655,1,0,35101
28,0,3.655,1,0,35101
28,0,3.655,1,0,35101
28,0,3.655,1,0,35101
28,0,3.655,1,0,35101
28,0,3.655,1,0,35101
28,0,3.655,1,0,35101
28,0,3.655,1,0,35101
28,0,3.655,1,0,35101
28,0,3.655,1,0,35101
28,0,3.655,1,0,35101
28,0,3.655,1,0,35101
28,0,3.655,1,0,35101
28,0,3.655,1,0,35101
28,0,3.655,1,0,35101
28,0,3.655,1,0,35101
28,0,3.655,1,0,35101
28,0,3.655,1,0,35101
28,0,3.655,1,0,35101
28,0,3.655,1,0,35101
28,0,3.655,1,0,35101
28,0,3.655,1,0,35101
28,0,3.655,1,0,35101
28,0,3.655,1,0,35101
28,0,3.655,1,0,35101
28,0,3.655,1,0,35101
28,0,3.655,1,0,35101
28,0,3.655,1,0,35101
28,0,3.655,1,0,35101
28,0,3.655,1,0,35101
28,0,3.655,1,0,35101
28,0,3.655,1,0,35101
28,0,3.655,1,0,35101
28,0,3.655,1,0,35101
28,0,3.655,1,0,35101
28,0,3.655,1,0,35101
28,0,3.655,1,0,35101
28,0,3.655,1,0,35101
28,0,3.655,1,0,35101
28,0,3.655,1,0,35101
28,0,3.655,1,0,35101
28,0,3.655,1,0,35101
28,0,3.655,1,0,35101
28,0,3.655,1,0,35101
28,0,3.655,1,0,35101
28,0,3.655,1,0,35101
28,0,3.655,1,0,35101
28,0,3.655,1,0,35101
28,0,3.655,1,0,35101
28,0,3.655,1,0,35101
28,0,3.655,1,0,35101
28,0,3.655,1,0,35101
28,0,3.655,1,0,35101
28,0,3.655,1,0,35101
28,0,3.655,1,0,35101
28,0,3.655,1,0,35101
28,0,3.655,1,0,35101
28,0,3.655,1,0,35101
28,0,3.655,1,0,35101
28,0,3.655,1,0,35101
28,0,3.655,1,0,35101
28,0,3.655,1,0,35101
28,0,3.655,1,0,35101
28,0,3.655,1,0,35101
28,0,3.655,1,0,35101
28,0,3.655,1,0,35101
28,0,3.655,1,0,35101
28,0,3.655,1,0,35101
28,0,3.655,1,0,35101
28,0,3.655,1,0,35101
28,0,3.655,1,0,35101
28,0,3.655,1,0,35101
28,0,3.655,1,0,35101
28,0,3.655,1,0,35101
28,0,3.655,1,0,35101
28,0,3.655,1,0,35101
28,0,3.655,1,0,35101
28,0,3.655,1,0,35101
28,0,3.655,1,0,35101
28,0,3.655,1,0,35101
28,0,3.655,1,0,35101
28,0,3.655,1,0,35101
28,0,3.655,1,0,35101
28,0,3.655,1,0,35101
28,0,3.655,1,0,35101
28,0,3.655,1,0,35101
28,0,3.655,1,0,35101
28,0,3.655,1,0,35101
28,0,3.655,1,0,35101
28,0,3.655,1,0,35101
28,0,3.655,1,0,35101
28,0,3.655,1,0,35101
28,0,3.655,1,0,35101
28,0,3.655,1,0,35101
28,0,3.655,1,0,35101
28,0,3.655,1,0,35101
28,0,3.655,1,0,35101
28,0,3.655,1,0,35101
28,0,3.655,1,0,35101
28,0,3.655,1,0,35101
28,0,3.655,1,0,35101
28,0,3.655,1,0,35101
28,0,3.655,1,0,35101
28,0,3.655,1,0,35101
28,0,3.655,1,0,35101
28,0,3.655,1,0,35101
28,0,3.655,1,0,35101
28,0,3.655,1,0,35101
28,0,3.655,1,0,35101
28,0,3.655,1,0,35101
28,0,3.655,1,0,35101
28,0,3.655,1,0,35101
28,0,3.655,1,0,35101
28,0,3.655,1,0,35101
28,0,3.655,1,0,35101
28,0,3.655,1,0,35101
28,0,3.655,1,0,35101
28,0,3.655,1,0,35101
28,0,3.655,1,0,35101
28,0,3.655,1,0,35101
28,0,3.655,1,0,35101
28,0,3.655,1,0,35101
28,0,3.655,1,0,35101
28,0,3.655,1,0,35101
28,0,3.655,1,0,35101
28,0,3.655,1,0,35101
28,0,3.655,1,0,35101
28,0,3.655,1,0,35101
28,0,3.655,1,0,35101
28,0,3.655,1,0,35101
28,0,3.655,1,0,35101
28,0,3.655,1,0,35101
28,0,3.655,1,0,35101
28,0,3.655,1,0,35101
28,0,3.655,1,0,35101
28,0,3.655,1,0,35101
28,0,3.655,1,0,35101
28,0,3.655,1,0,35101
28,0,3.655,1,0,35101
28,0,3.655,1,0,35101
28,0,3.655,1,0,35101
28,0,3.655,1,0,35101
28,0,3.655,1,0,35101
28,0,3.655,1,0,35101
28,0,3.655,1,0,35101
28,0,3.655,1,0,35101
28,0,3.655,1,0,35101
28,0,3.655,1,0,35101
28,0,3.655,1,0,35101
28,0,3.655,1,0,35101
28,0,3.655,1,0,35101
28,0,3.655,1,0,35101
28,0,3.655,1,0,35101
28,0,3.655,1,0,35101
28,0,3.655,1,0,35101
28,0,3.655,1,0,35101
28,0,3.655,1,0,35101
28,0,3.655,1,0,35101
28,0,3.655,1,0,35101
28,0,3.655,1,0,35101
28,0,3.655,1,0,35101
28,0,3.655,1,0,35101
28,0,3.655,1,0,35101
28,0,3.655,1,0,35101
28,0,3.655,1,0,35101
28,0,3.655,1,0,35101
28,0,3.655,1,0,35101
28,0,3.655,1,0,35101
28,0,3.655,1,0,35101
28,0,3.655,1,0,35101
28,0,3.655,1,0,35101
28,0,3.655,1,0,35101
28,0,3.655,1,0,35101
28,0,3.655,1,0,35101
28,0,3.655,1,0,35101
28,0,3.655,1,0,35101
28,0,3.655,1,0,35101
28,0,3.655,1,0,35101
28,0,3.655,1,0,35101
28,0,3.655,1,0,35101
28,0,3.655,1,0,35101
28,0,3.655,1,0,35101
28,0,3.655,1,0,35101
28,0,3.655,1,0,35101
28,0,3.655,1,0,35101
28,0,3.655,1,0,35101
28,0,3.655,1,0,35101
28,0,3.655,1,0,35101
28,0,3.655,1,0,35101
28,0,3.655,1,0,35101
28,0,3.655,1,0,35101
28,0,3.655,1,0,35101
28,0,3.655,1,0,35101
28,0,3.655,1,0,35101
28,0,3.655,1,0,35101
28,0,3.655,1,0,35101
28,0,3.655,1,0,35101
28,0,3.655,1,0,35101
28,0,3.655,1,0,35101
28,0,3.655,1,0,35101
28,0,3.655,1,0,35101
28,0,3.655,1,0,35101
28,0,3.655,1,0,35101
28,0,3.655,1,0,35101
28,0,3.655,1,0,35101
28,0,3.655,1,0,35101
28,0,3.655,1,0,35101
28,0,3.655,1,0,35101
28,0,3.655,1,0,35101
28,0,3.655,1,0,35101
28,0,3.655,1,0,35101
28,0,3.655,1,0,35101
28,0,3.655,1,0,35101
28,0,3.655,1,0,35101
28,0,3.655,1,0,35101
28,0,3.655,1,0,35101
28,0,3.655,1,0,35101
28,0,3.655,1,0,35101
28,0,3.655,1,0,35101
28,0,3.655,1,0,35101
28,0,3.655,1,0,35101
28,0,3.655,1,0,35101
28,0,3.655,1,0,35101
28,0,3.655,1,0,35101
28,0,3.655,1,0,35101
28,0,3.655,1,0,35101
28,0,3.655,1,0,35101
28,0,3.655,1,0,35101
28,0,3.655,1,0,35101
28,0,3.655,1,0,35101
28,0,3.655,1,0,35101
28,0,3.655,1,0,35101
28,0,3.655,1,0,35101
28,0,3.655,1,0,35101
28,0,3.655,1,0,35101
28,0,3.655,1,0,35101
28,0,3.655,1,0,35101
28,0,3.655,1,0,35101
28,0,3.655,1,0,35101
28,0,3.655,1,0,35101
28,0,3.655,1,0,35101
28,0,3.655,1,0,35101
28,0,3.655,1,0,35101
28,0,3.655,1,0,35101
28,0,3.655,1,0,35101
28,0,3.655,1,0,35101
28,0,3.655,1,0,35101
28,0,3.655,1,0,35101
28,0,3.655,1,0,35101
28,0,3.655,1,0,35101
28,0,3.655,1,0,35101
28,0,3.655,1,0,35101
28,0,3.655,1,0,35101
28,0,3.655,1,0,35101
28,0,3.655,1,0,35101
28,0,3.655,1,0,35101
28,0,3.655,1,0,35101
28,0,3.655,1,0,35101
28,0,3.655,1,0,35101
28,0,3.655,1,0,35101
28,0,3.655,1,0,35101
28,0,3.655,1,0,35101
28,0,3.655,1,0,35101
28,0,3.655,1,0,35101
28,0,3.655,1,0,35101
28,0,3.655,1,0,35101
28,0,3.655,1,0,35101
28,0,3.655,1,0,35101
28,0,3.655,1,0,35101
28,0,3.655,1,0,35101
28,0,3.655,1,0,35101
28,0,3.655,1,0,35101
28,0,3.655,1,0,35101
28,0,3.655,1,0,35101
28,0,3.655,1,0,35101
28,0,3.655,1,0,35101
28,0,3.655,1,0,35101
28,0,3.655,1,0,35101
28,0,3.655,1,0,35101
28,0,3.655,1,0,35101
28,0,3.655,1,0,35101
28,0,3.655,1,0,35101
28,0,3.655,1,0,35101
28,0,3.655,1,0,35101
28,0,3.655,1,0,35101
28,0,3.655,1,0,35101
28,0,3.655,1,0,35101
28,0,3.655,1,0,35101
28,0,3.655,1,0,35101
28,0,3.655,1,0,35101
28,0,3.655,1,0,35101
28,0,3.655,1,0,35101
28,0,3.655,1,0,35101
28,0,3.655,1,0,35101
28,0,3.655,1,0,35101
28,0,3.655,1,0,35101
28,0,3.655,1,0,35101
28,0,3.655,1,0,35101
28,0,3.655,1,0,35101
28,0,3.655,1,0,35101
28,0,3.655,1,0,35101
28,0,3.655,1,0,35101
28,0,3.655,1,0,35101
28,0,3.655,1,0,35101
28,0,3.655,1,0,35101
28,0,3.655,1,0,35101
28,0,3.655,1,0,35101
28,0,3.655,1,0,35101
28,0,3.655,1,0,35101
28,0,3.655,1,0,35101
28,0,3.655,1,0,35101
28,0,3.655,1,0,35101
28,0,3.655,1,0,35101
28,0,3.655,1,0,35101
28,0,3.655,1,0,35101
28,0,3.655,1,0,35101
28,0,3.655,1,0,35101
28,0,3.655,1,0,35101
28,0,3.655,1,0,35101
28,0,3.655,1,0,35101
28,0,3.655,1,0,35101
28,0,3.655,1,0,35101
28,0,3.655,1,0,35101
28,0,3.655,1,0,35101
28,0,3.655,1,0,35101
28,0,3.655,1,0,35101
28,0,3.655,1,0,35101
28,0,3.655,1,0,35101
28,0,3.655,1,0,35101
28,0,3.655,1,0,35101
28,0,3.655,1,0,35101
28,0,3.655,1,0,35101
28,0,3.655,1,0,35101
28,0,3.655,1,0,35101
28,0,3.655,1,0,35101
28,0,3.655,1,0,35101
28,0,3.655,1,0,35101
28,0,3.655,1,0,35101
28,0,3.655,1,0,35101
28,0,3.655,1,0,35101
28,0,3.655,1,0,35101
28,0,3.655,1,0,35101
28,0,3.655,1,0,35101
28,0,3.655,1,0,35101
28,0,3.655,1,0,35101
28,0,3.655,1,0,35101
28,0,3.655,1,0,35101
28,0,3.655,1,0,35101
28,0,3.655,1,0,35101
28,0,3.655,1,0,35101
28,0,3.655,1,0,35101
28,0,3.655,1,0,35101
28,0,3.655,1,0,35101
28,0,3.655,1,0,35101
28,0,3.655,1,0,35101
28,0,3.655,1,0,35101
28,0,3.655,1,0,35101
28,0,3.655,1,0,35101
28,0,3.655,1,0,35101
28,0,3.655,1,0,35101
28,0,3.655,1,0,35101
28,0,3.655,1,0,35101
28,0,3.655,1,0,35101
28,0,3.655,1,0,35101
28,0,3.655,1,0,35101
28,0,3.655,1,0,35101
28,0,3.655,1,0,35101
28,0,3.655,1,0,35101
28,0,3.655,1,0,35101
28,0,3.655,1,0,35101
28,0,3.655,1,0,35101
28,0,3.655,1,0,35101
28,0,3.655,1,0,35101
28,0,3.655,1,0,35101
28,0,3.655,1,0,35101
28,0,3.655,1,0,35101
28,0,3.655,1,0,35101
28,0,3.655,1,0,35101
28,0,3.655,1,0,35101
28,0,3.655,1,0,35101
28,0,3.655,1,0,35101
28,0,3.655,1,0,35101
28,0,3.655,1,0,35101
28,0,3.655,1,0,35101
28,0,3.655,1,0,35101
28,0,3.655,1,0,35101
28,0,3.655,1,0,35101
28,0,3.655,1,0,35101
28,0,3.655,1,0,35101
28,0,3.655,1,0,35101
28,0,3.655,1,0,35101
28,0,3.655,1,0,35101
28,0,3.655,1,0,35101
28,0,3.655,1,0,35101
28,0,3.655,1,0,35101
28,0,3.655,1,0,35101
28,0,3.655,1,0,35101
28,0,3.655,1,0,35101
28,0,3.655,1,0,35101
28,0,3.655,1,0,35101
28,0,3.655,1,0,35101
28,0,3.655,1,0,35101
28,0,3.655,1,0,35101
28,0,3.655,1,0,35101
28,0,3.655,1,0,35101
28,0,3.655,1,0,35101
28,0,3.655,1,0,35101
28,0,3.655,1,0,35101
28,0,3.655,1,0,35101
28,0,3.655,1,0,35101
28,0,3.655,1,0,35101
28,0,3.655,1,0,35101
28,0,3.655,1,0,35101
28,0,3.655,1,0,35101
28,0,3.655,1,0,35101
28,0,3.655,1,0,35101
28,0,3.655,1,0,35101
28,0,3.655,1,0,35101
28,0,3.655,1,0,35101
28,0,3.655,1,0,35101
28,0,3.655,1,0,35101
28,0,3.655,1,0,35101
28,0,3.655,1,0,35101
28,0,3.655,1,0,35101
28,0,3.655,1,0,35101
28,0,3.655,1,0,35101
28,0,3.655,1,0,35101
28,0,3.655,1,0,35101
28,0,3.655,1,0,35101
28,0,3.655,1,0,35101
28,0,3.655,1,0,35101
28,0,3.655,1,0,35101
28,0,3.655,1,0,35101
28,0,3.655,1,0,35101
28,0,3.655,1,0,35101
28,0,3.655,1,0,35101
28,0,3.655,1,0,35101
28,0,3.655,1,0,35101
28,0,3.655,1,0,35101
28,0,3.655,1,0,35101
28,0,3.655,1,0,35101
28,0,3.655,1,0,35101
28,0,3.655,1,0,35101
28,0,3.655,1,0,35101
28,0,3.655,1,0,35101
28,0,3.655,1,0,35101
28,0,3.655,1,0,35101
28,0,3.655,1,0,35101
28,0,3.655,1,0,35101
28,0,3.655,1,0,35101
28,0,3.655,1,0,35101
28,0,3.655,1,0,35101
28,0,3.655,1,0,35101
28,0,3.655,1,0,35101
28,0,3.655,1,0,35101
28,0,3.655,1,0,35101
28,0,3.655,1,0,35101
28,0,3.655,1,0,35101
28,0,3.655,1,0,35101
28,0,3.655,1,0,35101
28,0,3.655,1,0,35101
28,0,3.655,1,0,35101
28,0,3.655,1,0,35101
28,0,3.655,1,0,35101
28,0,3.655,1,0,35101
28,0,3.655,1,0,35101
28,0,3.655,1,0,35101
28,0,3.655,1,0,35101
28,0,3.655,1,0,35101
28,0,3.655,1,0,35101
28,0,3.655,1,0,35101
28,0,3.655,1,0,35101
28,0,3.655,1,0,35101
28,0,3.655,1,0,35101
28,0,3.655,1,0,35101
28,0,3.655,1,0,35101
28,0,3.655,1,0,35101
28,0,3.655,1,0,35101
28,0,3.655,1,0,35101
28,0,3.655,1,0,35101
28,0,3.655,1,0,35101
28,0,3.655,1,0,35101
28,0,3.655,1,0,35101
28,0,3.655,1,0,35101
28,0,3.655,1,0,35101
28,0,3.655,1,0,35101
28,0,3.655,1,0,35101
28,0,3.655,1,0,35101
28,0,3.655,1,0,35101
28,0,3.655,1,0,35101
28,0,3.655,1,0,35101
28,0,3.655,1,0,35101
28,0,3.655,1,0,35101
28,0,3.655,1,0,35101
28,0,3.655,1,0,35101
28,0,3.655,1,0,35101
28,0,3.655,1,0,35101
28,0,3.655,1,0,35101
28,0,3.655,1,0,35101
28,0,3.655,1,0,35101
28,0,3.655,1,0,35101
28,0,3.655,1,0,35101
28,0,3.655,1,0,35101
28,0,3.655,1,0,35101
28,0,3.655,1,0,35101
28,0,3.655,1,0,35101
28,0,3.655,1,0,35101
28,0,3.655,1,0,35101
28,0,3.655,1,0,35101
28,0,3.655,1,0,35101
28,0,3.655,1,0,35101
28,0,3.655,1,0,35101
28,0,3.655,1,0,35101
28,0,3.655,1,0,35101
28,0,3.655,1,0,35101
28,0,3.655,1,0,35101
28,0,3.655,1,0,35101
28,0,3.655,1,0,35101
28,0,3.655,1,0,35101
28,0,3.655,1,0,35101
28,0,3.655,1,0,35101
28,0,3.655,1,0,35101
28,0,3.655,1,0,35101
28,0,3.655,1,0,35101
28,0,3.655,1,0,35101
28,0,3.655,1,0,35101
28,0,3.655,1,0,35101
28,0,3.655,1,0,35101
28,0,3.655,1,0,35101
28,0,3.655,1,0,35101
28,0,3.655,1,0,35101
28,0,3.655,1,0,35101
28,0,3.655,1,0,35101
28,0,3.655,1,0,35101
28,0,3.655,1,0,35101
28,0,3.655,1,0,35101
28,0,3.655,1,0,35101
28,0,3.655,1,0,35101
28,0,3.655,1,0,35101
28,0,3.655,1,0,35101
28,0,3.655,1,0,35101
28,0,3.655,1,0,35101
28,0,3.655,1,0,35101
28,0,3.655,1,0,35101
28,0,3.655,1,0,35101
28,0,3.655,1,0,35101
28,0,3.655,1,0,35101
28,0,3.655,1,0,35101
28,0,3.655,1,0,35101
28,0,3.655,1,0,35101
28,0,3.655,1,0,35101
28,0,3.655,1,0,35101
28,0,3.655,1,0,35101
28,0,3.655,1,0,35101
28,0,3.655,1,0,35101
28,0,3.655,1,0,35101
28,0,3.655,1,0,35101
28,0,3.655,1,0,35101
28,0,3.655,1,0,35101
28,0,3.655,1,0,35101
28,0,3.655,1,0,35101
28,0,3.655,1,0,35101
28,0,3.655,1,0,35101
28,0,3.655,1,0,35101
28,0,3.655,1,0,35101
28,0,3.655,1,0,35101
28,0,3.655,1,0,35101
28,0,3.655,1,0,35101
28,0,3.655,1,0,35101
28,0,3.655,1,0,35101
28,0,3.655,1,0,35101
28,0,3.655,1,0,35101
28,0,3.655,1,0,35101
28,0,3.655,1,0,35101
28,0,3.655,1,0,35101
28,0,3.655,1,0,35101
28,0,3.655,1,0,35101
28,0,3.655,1,0,35101
28,0,3.655,1,0,35101
28,0,3.655,1,0,35101
28,0,3.655,1,0,35101
28,0,3.655,1,0,35101
28,0,3.655,1,0,35101
28,0,3.655,1,0,35101
28,0,3.655,1,0,35101
28,0,3.655,1,0,35101
28,0,3.655,1,0,35101
28,0,3.655,1,0,35101
28,0,3.655,1,0,35101
28,0,3.655,1,0,35101
28,0,3.655,1,0,35101
28,0,3.655,1,0,35101
28,0,3.655,1,0,35101
28,0,3.655,1,0,35101
28,0,3.655,1,0,35101
28,0,3.655,1,0,35101
28,0,3.655,1,0,35101
28,0,3.655,1,0,35101
28,0,3.655,1,0,35101
28,0,3.655,1,0,35101
28,0,3.655,1,0,35101
28,0,3.655,1,0,35101
28,0,3.655,1,0,35101
28,0,3.655,1,0,35101
28,0,3.655,1,0,35101
28,0,3.655,1,0,35101
28,0,3.655,1,0,35101
28,0,3.655,1,0,35101
28,0,3.655,1,0,35101
28,0,3.655,1,0,35101
28,0,3.655,1,0,35101
28,0,3.655,1,0,35101
28,0,3.655,1,0,35101
28,0,3.655,1,0,35101
28,0,3.655,1,0,35101
28,0,3.655,1,0,35101
28,0,3.655,1,0,35101
28,0,3.655,1,0,35101
28,0,3.655,1,0,35101
28,0,3.655,1,0,35101
28,0,3.655,1,0,35101
28,0,3.655,1,0,35101
28,0,3.655,1,0,35101
28,0,3.655,1,0,35101
28,0,3.655,1,0,35101
28,0,3.655,1,0,35101
28,0,3.655,1,0,35101
28,0,3.655,1,0,35101
28,0,3.655,1,0,35101
28,0,3.655,1,0,35101
28,0,3.655,1,0,35101
28,0,3.655,1,0,35101
28,0,3.655,1,0,35101
28,0,3.655,1,0,35101
28,0,3.655,1,0,35101
28,0,3.655,1,0,35101
28,0,3.655,1,0,35101
28,0,3.655,1,0,35101
28,0,3.655,1,0,35101
28,0,3.655,1,0,35101
28,0,3.655,1,0,35101
28,0,3.655,1,0,35101
28,0,3.655,1,0,35101
28,0,3.655,1,0,35101
28,0,3.655,1,0,35101
28,0,3.655,1,0,35101
28,0,3.655,1,0,35101
28,0,3.655,1,0,35101
28,0,3.655,1,0,35101
28,0,3.655,1,0,35101
28,0,3.655,1,0,35101
28,0,3.655,1,0,35101
28,0,3.655,1,0,35101
28,0,3.655,1,0,35101
28,0,3.655,1,0,35101
28,0,3.655,1,0,35101
28,0,3.655,1,0,35101
28,0,3.655,1,0,35101
28,0,3.655,1,0,35101
28,0,3.655,1,0,35101
28,0,3.655,1,0,35101
28,0,3.655,1,0,35101
28,0,3.655,1,0,35101
28,0,3.655,1,0,35101
28,0,3.655,1,0,35101
28,0,3.655,1,0,35101
28,0,3.655,1,0,35101
28,0,3.655,1,0,35101
28,0,3.655,1,0,35101
28,0,3.655,1,0,35101
28,0,3.655,1,0,35101
28,0,3.655,1,0,35101
28,0,3.655,1,0,35101
28,0,3.655,1,0,35101
28,0,3.655,1,0,35101
28,0,3.655,1,0,35101
28,0,3.655,1,0,35101
28,0,3.655,1,0,35101
28,0,3.655,1,0,35101
28,0,3.655,1,0,35101
28,0,3.655,1,0,35101
28,0,3.655,1,0,35101
28,0,3.655,1,0,35101
28,0,3.655,1,0,35101
28,0,3.655,1,0,35101
28,0,3.655,1,0,35101
28,0,3.655,1,0,35101
28,0,3.655,1,0,35101
28,0,3.655,1,0,35101
28,0,3.655,1,0,35101
28,0,3.655,1,0,35101
28,0,3.655,1,0,35101
28,0,3.655,1,0,35101
28,0,3.655,1,0,35101
28,0,3.655,1,0,35101
28,0,3.655,1,0,35101
28,0,3.655,1,0,35101
28,0,3.655,1,0,35101
28,0,3.655,1,0,35101
28,0,3.655,1,0,35101
28,0,3.655,1,0,35101
28,0,3.655,1,0,35101
28,0,3.655,1,0,35101
28,0,3.655,1,0,35101
28,0,3.655,1,0,35101
28,0,3.655,1,0,35101
28,0,3.655,1,0,35101
28,0,3.655,1,0,35101
28,0,3.655,1,0,35101
28,0,3.655,1,0,35101
28,0,3.655,1,0,35101
28,0,3.655,1,0,35101
28,0,3.655,1,0,35101
28,0,3.655,1,0,35101
28,0,3.655,1,0,35101
28,0,3.655,1,0,35101
28,0,3.655,1,0,35101
28,0,3.655,1,0,35101
28,0,3.655,1,0,35101
28,0,3.655,1,0,35101
28,0,3.655,1,0,35101
28,0,3.655,1,0,35101
28,0,3.655,1,0,35101
28,0,3.655,1,0,35101
28,0,3.655,1,0,35101
28,0,3.655,1,0,35101
28,0,3.655,1,0,35101
28,0,3.655,1,0,35101
28,0,3.655,1,0,35101
28,0,3.655,1,0,35101
28,0,3.655,1,0,35101
28,0,3.655,1,0,35101
28,0,3.655,1,0,35101
28,0,3.655,1,0,35101
28,0,3.655,1,0,35101
28,0,3.655,1,0,35101
28,0,3.655,1,0,35101
28,0,3.655,1,0,35101
28,0,3.655,1,0,35101
28,0,3.655,1,0,35101
28,0,3.655,1,0,35101
28,0,3.655,1,0,35101
28,0,3.655,1,0,35101
28,0,3.655,1,0,35101
28,0,3.655,1,0,35101
28,0,3.655,1,0,35101
28,0,3.655,1,0,35101
28,0,3.655,1,0,35101
28,0,3.655,1,0,35101
28,0,3.655,1,0,35101
28,0,3.655,1,0,35101
28,0,3.655,1,0,35101
28,0,3.655,1,0,35101
28,0,3.655,1,0,35101
28,0,3.655,1,0,35101
28,0,3.655,1,0,35101
28,0,3.655,1,0,35101
28,0,3.655,1,0,35101
28,0,3.655,1,0,35101
28,0,3.655,1,0,35101
28,0,3.655,1,0,35101
28,0,3.655,1,0,35101
28,0,3.655,1,0,35101
28,0,3.655,1,0,35101
28,0,3.655,1,0,35101
28,0,3.655,1,0,35101
28,0,3.655,1,0,35101
28,0,3.655,1,0,35101
28,0,3.655,1,0,35101
28,0,3.655,1,0,35101
28,0,3.655,1,0,35101
28,0,3.655,1,0,35101
28,0,3.655,1,0,35101
28,0,3.655,1,0,35101
28,0,3.655,1,0,35101
28,0,3.655,1,0,35101
28,0,3.655,1,0,35101
28,0,3.655,1,0,35101
28,0,3.655,1,0,35101
28,0,3.655,1,0,35101
28,0,3.655,1,0,35101
28,0,3.655,1,0,35101
28,0,3.655,1,0,35101
28,0,3.655,1,0,35101
28,0,3.655,1,0,35101
28,0,3.655,1,0,35101
28,0,3.655,1,0,35101
28,0,3.655,1,0,35101
28,0,3.655,1,0,35101
28,0,3.655,1,0,35101
28,0,3.655,1,0,35101
28,0,3.655,1,0,35101
28,0,3.655,1,0,35101
28,0,3.655,1,0,35101
28,0,3.655,1,0,35101
28,0,3.655,1,0,35101
28,0,3.655,1,0,35101
28,0,3.655,1,0,35101
28,0,3.655,1,0,35101
28,0,3.655,1,0,35101
28,0,3.655,1,0,35101
28,0,3.655,1,0,35101
28,0,3.655,1,0,35101
28,0,3.655,1,0,35101
28,0,3.655,1,0,35101
28,0,3.655,1,0,35101
28,0,3.655,1,0,35101
28,0,3.655,1,0,35101
28,0,3.655,1,0,35101
28,0,3.655,1,0,35101
28,0,3.655,1,0,35101
28,0,3.655,1,0,35101
28,0,3.655,1,0,35101
28,0,3.655,1,0,35101
28,0,3.655,1,0,35101
28,0,3.655,1,0,35101
28,0,3.655,1,0,35101
28,0,3.655,1,0,35101
28,0,3.655,1,0,35101
28,0,3.655,1,0,35101
28,0,3.655,1,0,35101
28,0,3.655,1,0,35101
28,0,3.655,1,0,35101
28,0,3.655,1,0,35101
28,0,3.655,1,0,35101
28,0,3.655,1,0,35101
28,0,3.655,1,0,35101
28,0,3.655,1,0,35101
28,0,3.655,1,0,35101
28,0,3.655,1,0,35101
28,0,3.655,1,0,35101
28,0,3.655,1,0,35101
28,0,3.655,1,0,35101
28,0,3.655,1,0,35101
28,0,3.655,1,0,35101
28,0,3.655,1,0,35101
28,0,3.655,1,0,35101
28,0,3.655,1,0,35101
28,0,3.655,1,0,35101
28,0,3.655,1,0,35101
28,0,3.655,1,0,35101
28,0,3.655,1,0,35101
28,0,3.655,1,0,35101
28,0,3.655,1,0,35101
28,0,3.655,1,0,35101
28,0,3.655,1,0,35101
28,0,3.655,1,0,35101
28,0,3.655,1,0,35101
28,0,3.655,1,0,35101
28,0,3.655,1,0,35101
28,0,3.655,1,0,35101
28,0,3.655,1,0,35101
28,0,3.655,1,0,35101
28,0,3.655,1,0,35101
28,0,3.655,1,0,35101
28,0,3.655,1,0,35101
28,0,3.655,1,0,35101
28,0,3.655,1,0,35101
28,0,3.655,1,0,35101
28,0,3.655,1,0,35101
28,0,3.655,1,0,35101
28,0,3.655,1,0,35101
28,0,3.655,1,0,35101
28,0,3.655,1,0,35101
28,0,3.655,1,0,35101
28,0,3.655,1,0,35101
28,0,3.655,1,0,35101
28,0,3.655,1,0,35101
28,0,3.655,1,0,35101
28,0,3.655,1,0,35101
28,0,3.655,1,0,35101
28,0,3.655,1,0,35101
28,0,3.655,1,0,35101
28,0,3.655,1,0,35101
28,0,3.655,1,0,35101
28,0,3.655,1,0,35101
28,0,3.655,1,0,35101
28,0,3.655,1,0,35101
28,0,3.655,1,0,35101
28,0,3.655,1,0,35101
28,0,3.655,1,0,35101
28,0,3.655,1,0,35101
28,0,3.655,1,0,35101
28,0,3.655,1,0,35101
28,0,3.655,1,0,35101
28,0,3.655,1,0,35101
28,0,3.655,1,0,35101
28,0,3.655,1,0,35101
28,0,3.655,1,0,35101
28,0,3.655,1,0,35101
28,0,3.655,1,0,35101
28,0,3.655,1,0,35101
28,0,3.655,1,0,35101
28,0,3.655,1,0,35101
28,0,3.655,1,0,35101
28,0,3.655,1,0,35101
28,0,3.655,1,0,35101
28,0,3.655,1,0,35101
28,0,3.655,1,0,35101
28,0,3.655,1,0,35101
28,0,3.655,1,0,35101
28,0,3.655,1,0,35101
28,0,3.655,1,0,35101
28,0,3.655,1,0,35101
28,0,3.655,1,0,35101
28,0,3.655,1,0,35101
28,0,3.655,1,0,35101
28,0,3.655,1,0,35101
28,0,3.655,1,0,35101
28,0,3.655,1,0,35101
28,0,3.655,1,0,35101
28,0,3.655,1,0,35101
28,0,3.655,1,0,35101
28,0,3.655,1,0,35101
28,0,3.655,1,0,35101
28,0,3.655,1,0,35101
28,0,3.655,1,0,35101
28,0,3.655,1,0,35101
28,0,3.655,1,0,35101
28,0,3.655,1,0,35101
28,0,3.655,1,0,35101
28,0,3.655,1,0,35101
28,0,3.655,1,0,35101
28,0,3.655,1,0,35101
28,0,3.655,1,0,35101
28,0,3.655,1,0,35101
28,0,3.655,1,0,35101
28,0,3.655,1,0,35101
28,0,3.655,1,0,35101
28,0,3.655,1,0,35101
28,0,3.655,1,0,35101
28,0,3.655,1,0,35101
28,0,3.655,1,0,35101
28,0,3.655,1,0,35101
28,0,3.655,1,0,35101
28,0,3.655,1,0,35101
28,0,3.655,1,0,35101
28,0,3.655,1,0,35101
28,0,3.655,1,0,35101
28,0,3.655,1,0,35101
28,0,3.655,1,0,35101
28,0,3.655,1,0,35101
28,0,3.655,1,0,35101
28,0,3.655,1,0,35101
28,0,3.655,1,0,35101
28,0,3.655,1,0,35101
28,0,3.655,1,0,35101
28,0,3.655,1,0,35101
28,0,3.655,1,0,35101
28,0,3.655,1,0,35101
28,0,3.655,1,0,35101
28,0,3.655,1,0,35101
28,0,3.655,1,0,35101
28,0,3.655,1,0,35101
28,0,3.655,1,0,35101
28,0,3.655,1,0,35101
28,0,3.655,1,0,35101
28,0,3.655,1,0,35101
28,0,3.655,1,0,35101
28,0,3.655,1,0,35101
28,0,3.655,1,0,35101
28,0,3.655,1,0,35101
28,0,3.655,1,0,35101
28,0,3.655,1,0,35101
28,0,3.655,1,0,35101
28,0,3.655,1,0,35101
28,0,3.655,1,0,35101
28,0,3.655,1,0,35101
28,0,3.655,1,0,35101
28,0,3.655,1,0,35101
28,0,3.655,1,0,35101
28,0,3.655,1,0,35101
28,0,3.655,1,0,35101
28,0,3.655,1,0,35101
28,0,3.655,1,0,35101
28,0,3.655,1,0,35101
28,0,3.655,1,0,35101
28,0,3.655,1,0,35101
28,0,3.655,1,0,35101
28,0,3.655,1,0,35101
28,0,3.655,1,0,35101
28,0,3.655,1,0,35101
28,0,3.655,1,0,35101
28,0,3.655,1,0,35101
28,0,3.655,1,0,35101
28,0,3.655,1,0,35101
28,0,3.655,1,0,35101
28,0,3.655,1,0,35101
28,0,3.655,1,0,35101
28,0,3.655,1,0,35101
28,0,3.655,1,0,35101
28,0,3.655,1,0,35101
28,0,3.655,1,0,35101
28,0,3.655,1,0,35101
28,0,3.655,1,0,35101
28,0,3.655,1,0,35101
28,0,3.655,1,0,35101
28,0,3.655,1,0,35101
28,0,3.655,1,0,35101
28,0,3.655,1,0,35101
28,0,3.655,1,0,35101
28,0,3.655,1,0,35101
28,0,3.655,1,0,35101
28,0,3.655,1,0,35101
28,0,3.655,1,0,35101
28,0,3.655,1,0,35101
28,0,3.655,1,0,35101
28,0,3.655,1,0,35101
28,0,3.655,1,0,35101
28,0,3.655,1,0,35101
28,0,3.655,1,0,35101
28,0,3.655,1,0,35101
28,0,3.655,1,0,35101
28,0,3.655,1,0,35101
28,0,3.655,1,0,35101
28,0,3.655,1,0,35101
28,0,3.655,1,0,35101
28,0,3.655,1,0,35101
28,0,3.655,1,0,35101
28,0,3.655,1,0,35101
28,0,3.655,1,0,35101
28,0,3.655,1,0,35101
28,0,3.655,1,0,35101
28,0,3.655,1,0,35101
28,0,3.655,1,0,35101
28,0,3.655,1,0,35101
28,0,3.655,1,0,35101
28,0,3.655,1,0,35101
28,0,3.655,1,0,35101
28,0,3.655,1,0,35101
28,0,3.655,1,0,35101
28,0,3.655,1,0,35101
28,0,3.655,1,0,35101
28,0,3.655,1,0,35101
28,0,3.655,1,0,35101
28,0,3.655,1,0,35101
28,0,3.655,1,0,35101
28,0,3.655,1,0,35101
28,0,3.655,1,0,35101
28,0,3.655,1,0,35101
28,0,3.655,1,0,35101
28,0,3.655,1,0,35101
28,0,3.655,1,0,35101
28,0,3.655,1,0,35101
28,0,3.655,1,0,35101
28,0,3.655,1,0,35101
28,0,3.655,1,0,35101
28,0,3.655,1,0,35101
28,0,3.655,1,0,35101
28,0,3.655,1,0,35101
28,0,3.655,1,0,35101
28,0,3.655,1,0,35101
28,0,3.655,1,0,35101
28,0,3.655,1,0,35101
28,0,3.655,1,0,35101
28,0,3.655,1,0,35101
28,0,3.655,1,0,35101
28,0,3.655,1,0,35101
28,0,3.655,1,0,35101
28,0,3.655,1,0,35101
28,0,3.655,1,0,35101
28,0,3.655,1,0,35101
28,0,3.655,1,0,35101
28,0,3.655,1,0,35101
28,0,3.655,1,0,35101
28,0,3.655,1,0,35101
28,0,3.655,1,0,35101
28,0,3.655,1,0,35101
28,0,3.655,1,0,35101
28,0,3.655,1,0,35101
28,0,3.655,1,0,35101
28,0,3.655,1,0,35101
28,0,3.655,1,0,35101
28,0,3.655,1,0,35101
28,0,3.655,1,0,35101
28,0,3.655,1,0,35101
28,0,3.655,1,0,35101
28,0,3.655,1,0,35101
28,0,3.655,1,0,35101
28,0,3.655,1,0,35101
28,0,3.655,1,0,35101
28,0,3.655,1,0,35101
28,0,3.655,1,0,35101
28,0,3.655,1,0,35101
28,0,3.655,1,0,35101
28,0,3.655,1,0,35101
28,0,3.655,1,0,35101
28,0,3.655,1,0,35101
28,0,3.655,1,0,35101
28,0,3.655,1,0,35101
28,0,3.655,1,0,35101
28,0,3.655,1,0,35101
28,0,3.655,1,0,35101
28,0,3.655,1,0,35101
28,0,3.655,1,0,35101
28,0,3.655,1,0,35101
28,0,3.655,1,0,35101
28,0,3.655,1,0,35101
28,0,3.655,1,0,35101
28,0,3.655,1,0,35101
28,0,3.655,1,0,35101
28,0,3.655,1,0,35101
28,0,3.655,1,0,35101
28,0,3.655,1,0,35101
28,0,3.655,1,0,35101
28,0,3.655,1,0,35101
28,0,3.655,1,0,35101
28,0,3.655,1,0,35101
28,0,3.655,1,0,35101
28,0,3.655,1,0,35101
28,0,3.655,1,0,35101
28,0,3.655,1,0,35101
28,0,3.655,1,0,35101
28,0,3.655,1,0,35101
28,0,3.655,1,0,35101
28,0,3.655,1,0,35101
28,0,3.655,1,0,35101
28,0,3.655,1,0,35101
28,0,3.655,1,0,35101
28,0,3.655,1,0,35101
28,0,3.655,1,0,35101
28,0,3.655,1,0,35101
28,0,3.655,1,0,35101
28,0,3.655,1,0,35101
28,0,3.655,1,0,35101
28,0,3.655,1,0,35101
28,0,3.655,1,0,35101
28,0,3.655,1,0,35101
28,0,3.655,1,0,35101
28,0,3.655,1,0,35101
28,0,3.655,1,0,35101
28,0,3.655,1,0,35101
28,0,3.655,1,0,35101
28,0,3.655,1,0,35101
28,0,3.655,1,0,35101
28,0,3.655,1,0,35101
28,0,3.655,1,0,35101
28,0,3.655,1,0,35101
28,0,3.655,1,0,35101
28,0,3.655,1,0,35101
28,0,3.655,1,0,35101
28,0,3.655,1,0,35101
28,0,3.655,1,0,35101
28,0,3.655,1,0,35101
28,0,3.655,1,0,35101
28,0,3.655,1,0,35101
28,0,3.655,1,0,35101
28,0,3.655,1,0,35101
28,0,3.655,1,0,35101
28,0,3.655,1,0,35101
28,0,3.655,1,0,35101
28,0,3.655,1,0,35101
28,0,3.655,1,0,35101
28,0,3.655,1,0,35101
28,0,3.655,1,0,35101
28,0,3.655,1,0,35101
28,0,3.655,1,0,35101
28,0,3.655,1,0,35101
28,0,3.655,1,0,35101
28,0,3.655,1,0,35101
28,0,3.655,1,0,35101
28,0,3.655,1,0,35101
28,0,3.655,1,0,35101
28,0,3.655,1,0,35101
28,0,3.655,1,0,35101
28,0,3.655,1,0,35101
28,0,3.655,1,0,35101
28,0,3.655,1,0,35101
28,0,3.655,1,0,35101
28,0,3.655,1,0,35101
28,0,3.655,1,0,35101
28,0,3.655,1,0,35101
28,0,3.655,1,0,35101
28,0,3.655,1,0,35101
28,0,3.655,1,0,35101
28,0,3.655,1,0,35101
28,0,3.655,1,0,35101
28,0,3.655,1,0,35101
28,0,3.655,1,0,35101
28,0,3.655,1,0,35101
28,0,3.655,1,0,35101
28,0,3.655,1,0,35101
28,0,3.655,1,0,35101
28,0,3.655,1,0,35101
28,0,3.655,1,0,35101
28,0,3.655,1,0,35101
28,0,3.655,1,0,35101
28,0,3.655,1,0,35101
28,0,3.655,1,0,35101
28,0,3.655,1,0,35101
28,0,3.655,1,0,35101
28,0,3.655,1,0,35101
28,0,3.655,1,0,35101
28,0,3.655,1,0,35101
28,0,3.655,1,0,35101
28,0,3.655,1,0,35101
28,0,3.655,1,0,35101
28,0,3.655,1,0,35101
28,0,3.655,1,0,35101
28,0,3.655,1,0,35101
28,0,3.655,1,0,35101
28,0,3.655,1,0,35101
28,0,3.655,1,0,35101
28,0,3.655,1,0,35101
28,0,3.655,1,0,35101
28,0,3.655,1,0,35101
28,0,3.655,1,0,35101
28,0,3.655,1,0,35101
28,0,3.655,1,0,35101
28,0,3.655,1,0,35101
28,0,3.655,1,0,35101
28,0,3.655,1,0,35101
28,0,3.655,1,0,35101
28,0,3.655,1,0,35101
28,0,3.655,1,0,35101
28,0,3.655,1,0,35101
28,0,3.655,1,0,35101
28,0,3.655,1,0,35101
28,0,3.655,1,0,35101
28,0,3.655,1,0,35101
28,0,3.655,1,0,35101
28,0,3.655,1,0,35101
28,0,3.655,1,0,35101
28,0,3.655,1,0,35101
28,0,3.655,1,0,35101
28,0,3.655,1,0,35101
28,0,3.655,1,0,35101
28,0,3.655,1,0,35101
28,0,3.655,1,0,35101
28,0,3.655,1,0,35101
28,0,3.655,1,0,35101
28,0,3.655,1,0,35101
28,0,3.655,1,0,35101
28,0,3.655,1,0,35101
28,0,3.655,1,0,35101
28,0,3.655,1,0,35101
28,0,3.655,1,0,35101
28,0,3.655,1,0,35101
28,0,3.655,1,0,35101
28,0,3.655,1,0,35101
28,0,3.655,1,0,35101
28,0,3.655,1,0,35101
28,0,3.655,1,0,35101
28,0,3.655,1,0,35101
28,0,3.655,1,0,35101
28,0,3.655,1,0,35101
28,0,3.655,1,0,35101
28,0,3.655,1,0,35101
28,0,3.655,1,0,35101
28,0,3.655,1,0,35101
28,0,3.655,1,0,35101
28,0,3.655,1,0,35101
28,0,3.655,1,0,35101
28,0,3.655,1,0,35101
28,0,3.655,1,0,35101
28,0,3.655,1,0,35101
28,0,3.655,1,0,35101
28,0,3.655,1,0,35101
28,0,3.655,1,0,35101
28,0,3.655,1,0,35101
28,0,3.655,1,0,35101
28,0,3.655,1,0,35101
28,0,3.655,1,0,35101
28,0,3.655,1,0,35101
28,0,3.655,1,0,35101
28,0,3.655,1,0,35101
28,0,3.655,1,0,35101
28,0,3.655,1,0,35101
28,0,3.655,1,0,35101
28,0,3.655,1,0,35101
28,0,3.655,1,0,35101
28,0,3.655,1,0,35101
28,0,3.655,1,0,35101
28,0,3.655,1,0,35101
28,0,3.655,1,0,35101
28,0,3.655,1,0,35101
28,0,3.655,1,0,35101
28,0,3.655,1,0,35101
28,0,3.655,1,0,35101
28,0,3.655,1,0,35101
28,0,3.655,1,0,35101
28,0,3.655,1,0,35101
28,0,3.655,1,0,35101
28,0,3.655,1,0,35101
28,0,3.655,1,0,35101
28,0,3.655,1,0,35101
28,0,3.655,1,0,35101
28,0,3.655,1,0,35101
28,0,3.655,1,0,35101
28,0,3.655,1,0,35101
28,0,3.655,1,0,35101
28,0,3.655,1,0,35101
28,0,3.655,1,0,35101
28,0,3.655,1,0,35101
28,0,3.655,1,0,35101
28,0,3.655,1,0,35101
28,0,3.655,1,0,35101
28,0,3.655,1,0,35101
28,0,3.655,1,0,35101
28,0,3.655,1,0,35101
28,0,3.655,1,0,35101
28,0,3.655,1,0,35101
28,0,3.655,1,0,35101
28,0,3.655,1,0,35101
28,0,3.655,1,0,35101
28,0,3.655,1,0,35101
28,0,3.655,1,0,35101
28,0,3.655,1,0,35101
28,0,3.655,1,0,35101
28,0,3.655,1,0,35101
28,0,3.655,1,0,35101
28,0,3.655,1,0,35101
28,0,3.655,1,0,35101
28,0,3.655,1,0,35101
28,0,3.655,1,0,35101
28,0,3.655,1,0,35101
28,0,3.655,1,0,35101
28,0,3.655,1,0,35101
28,0,3.655,1,0,35101
28,0,3.655,1,0,35101
28,0,3.655,1,0,35101
28,0,3.655,1,0,35101
28,0,3.655,1,0,35101
28,0,3.655,1,0,35101
28,0,3.655,1,0,35101
28,0,3.655,1,0,35101
28,0,3.655,1,0,35101
28,0,3.655,1,0,35101
28,0,3.655,1,0,35101
28,0,3.655,1,0,35101
28,0,3.655,1,0,35101
28,0,3.655,1,0,35101
28,0,3.655,1,0,35101
28,0,3.655,1,0,35101
28,0,3.655,1,0,35101
28,0,3.655,1,0,35101
28,0,3.655,1,0,35101
28,0,3.655,1,0,35101
28,0,3.655,1,0,35101
28,0,3.655,1,0,35101
28,0,3.655,1,0,35101
28,0,3.655,1,0,35101
28,0,3.655,1,0,35101
28,0,3.655,1,0,35101
28,0,3.655,1,0,35101
28,0,3.655,1,0,35101
28,0,3.655,1,0,35101
28,0,3.655,1,0,35101
28,0,3.655,1,0,35101
28,0,3.655,1,0,35101
28,0,3.655,1,0,35101
28,0,3.655,1,0,35101
28,0,3.655,1,0,35101
28,0,3.655,1,0,35101
28,0,3.655,1,0,35101
28,0,3.655,1,0,35101
28,0,3.655,1,0,35101
28,0,3.655,1,0,35101
28,0,3.655,1,0,35101
28,0,3.655,1,0,35101
28,0,3.655,1,0,35101
28,0,3.655,1,0,35101
28,0,3.655,1,0,35101
28,0,3.655,1,0,35101
28,0,3.655,1,0,35101
28,0,3.655,1,0,35101
28,0,3.655,1,0,35101
28,0,3.655,1,0,35101
28,0,3.655,1,0,35101
28,0,3.655,1,0,35101
28,0,3.655,1,0,35101
28,0,3.655,1,0,35101
28,0,3.655,1,0,35101
28,0,3.655,1,0,35101
28,0,3.655,1,0,35101
28,0,3.655,1,0,35101
28,0,3.655,1,0,35101
28,0,3.655,1,0,35101
28,0,3.655,1,0,35101
28,0,3.655,1,0,35101
28,0,3.655,1,0,35101
28,0,3.655,1,0,35101
28,0,3.655,1,0,35101
28,0,3.655,1,0,35101
28,0,3.655,1,0,35101
28,0,3.655,1,0,35101
28,0,3.655,1,0,35101
28,0,3.655,1,0,35101
28,0,3.655,1,0,35101
28,0,3.655,1,0,35101
28,0,3.655,1,0,35101
28,0,3.655,1,0,35101
28,0,3.655,1,0,35101
28,0,3.655,1,0,35101
28,0,3.655,1,0,35101
28,0,3.655,1,0,35101
28,0,3.655,1,0,35101
28,0,3.655,1,0,35101
28,0,3.655,1,0,35101
28,0,3.655,1,0,35101
28,0,3.655,1,0,35101
28,0,3.655,1,0,35101
28,0,3.655,1,0,35101
28,0,3.655,1,0,35101
28,0,3.655,1,0,35101
28,0,3.655,1,0,35101
28,0,3.655,1,0,35101
28,0,3.655,1,0,35101
28,0,3.655,1,0,35101
28,0,3.655,1,0,35101
28,0,3.655,1,0,35101
28,0,3.655,1,0,35101
28,0,3.655,1,0,35101
28,0,3.655,1,0,35101
28,0,3.655,1,0,35101
28,0,3.655,1,0,35101
28,0,3.655,1,0,35101
28,0,3.655,1,0,35101
28,0,3.655,1,0,35101
28,0,3.655,1,0,35101
28,0,3.655,1,0,35101
28,0,3.655,1,0,35101
28,0,3.655,1,0,35101
28,0,3.655,1,0,35101
28,0,3.655,1,0,35101
28,0,3.655,1,0,35101
28,0,3.655,1,0,35101
28,0,3.655,1,0,35101
28,0,3.655,1,0,35101
28,0,3.655,1,0,35101
28,0,3.655,1,0,35101
28,0,3.655,1,0,35101
28,0,3.655,1,0,35101
28,0,3.655,1,0,35101
28,0,3.655,1,0,35101
28,0,3.655,1,0,35101
28,0,3.655,1,0,35101
28,0,3.655,1,0,35101
28,0,3.655,1,0,35101
28,0,3.655,1,0,35101
28,0,3.655,1,0,35101
28,0,3.655,1,0,35101
28,0,3.655,1,0,35101
28,0,3.655,1,0,35101
28,0,3.655,1,0,35101
28,0,3.655,1,0,35101
28,0,3.655,1,0,35101
28,0,3.655,1,0,35101
28,0,3.655,1,0,35101
28,0,3.655,1,0,35101
28,0,3.655,1,0,35101
28,0,3.655,1,0,35101
28,0,3.655,1,0,35101
28,0,3.655,1,0,35101
28,0,3.655,1,0,35101
28,0,3.655,1,0,35101
28,0,3.655,1,0,35101
28,0,3.655,1,0,35101
28,0,3.655,1,0,35101
28,0,3.655,1,0,35101
28,0,3.655,1,0,35101
28,0,3.655,1,0,35101
28,0,3.655,1,0,35101
28,0,3.655,1,0,35101
28,0,3.655,1,0,35101
28,0,3.655,1,0,35101
28,0,3.655,1,0,35101
28,0,3.655,1,0,35101
28,0,3.655,1,0,35101
28,0,3.655,1,0,35101
28,0,3.655,1,0,35101
28,0,3.655,1,0,35101
28,0,3.655,1,0,35101
28,0,3.655,1,0,35101
28,0,3.655,1,0,35101
28,0,3.655,1,0,35101
28,0,3.655,1,0,35101
28,0,3.655,1,0,35101
28,0,3.655,1,0,35101
28,0,3.655,1,0,35101
28,0,3.655,1,0,35101
28,0,3.655,1,0,35101
28,0,3.655,1,0,35101
28,0,3.655,1,0,35101
28,0,3.655,1,0,35101
28,0,3.655,1,0,35101
28,0,3.655,1,0,35101
28,0,3.655,1,0,35101
28,0,3.655,1,0,35101
28,0,3.655,1,0,35101
28,0,3.655,1,0,35101
28,0,3.655,1,0,35101
28,0,3.655,1,0,35101
28,0,3.655,1,0,35101
28,0,3.655,1,0,35101
28,0,3.655,1,0,35101
28,0,3.655,1,0,35101
28,0,3.655,1,0,35101
28,0,3.655,1,0,35101
28,0,3.655,1,0,35101
28,0,3.655,1,0,35101
28,0,3.655,1,0,35101
28,0,3.655,1,0,35101
28,0,3.655,1,0,35101
28,0,3.655,1,0,35101
28,0,3.655,1,0,35101
28,0,3.655,1,0,35101
28,0,3.655,1,0,35101
28,0,3.655,1,0,35101
28,0,3.655,1,0,35101
28,0,3.655,1,0,35101
28,0,3.655,1,0,35101
28,0,3.655,1,0,35101
28,0,3.655,1,0,35101
28,0,3.655,1,0,35101
28,0,3.655,1,0,35101
28,0,3.655,1,0,35101
28,0,3.655,1,0,35101
28,0,3.655,1,0,35101
28,0,3.655,1,0,35101
28,0,3.655,1,0,35101
28,0,3.655,1,0,35101
28,0,3.655,1,0,35101
28,0,3.655,1,0,35101
28,0,3.655,1,0,35101
28,0,3.655,1,0,35101
28,0,3.655,1,0,35101
28,0,3.655,1,0,35101
28,0,3.655,1,0,35101
28,0,3.655,1,0,35101
28,0,3.655,1,0,35101
28,0,3.655,1,0,35101
28,0,3.655,1,0,35101
28,0,3.655,1,0,35101
28,0,3.655,1,0,35101
28,0,3.655,1,0,35101
28,0,3.655,1,0,35101
28,0,3.655,1,0,35101
28,0,3.655,1,0,35101
28,0,3.655,1,0,35101
28,0,3.655,1,0,35101
28,0,3.655,1,0,35101
28,0,3.655,1,0,35101
28,0,3.655,1,0,35101
28,0,3.655,1,0,35101
28,0,3.655,1,0,35101
28,0,3.655,1,0,35101
28,0,3.655,1,0,35101
28,0,3.655,1,0,35101
28,0,3.655,1,0,35101
28,0,3.655,1,0,35101
28,0,3.655,1,0,35101
28,0,3.655,1,0,35101
28,0,3.655,1,0,35101
28,0,3.655,1,0,35101
28,0,3.655,1,0,35101
28,0,3.655,1,0,35101
28,0,3.655,1,0,35101
28,0,3.655,1,0,35101
28,0,3.655,1,0,35101
28,0,3.655,1,0,35101
28,0,3.655,1,0,35101
28,0,3.655,1,0,35101
28,0,3.655,1,0,35101
28,0,3.655,1,0,35101
28,0,3.655,1,0,35101
28,0,3.655,1,0,35101
28,0,3.655,1,0,35101
28,0,3.655,1,0,35101
28,0,3.655,1,0,35101
28,0,3.655,1,0,35101
28,0,3.655,1,0,35101
28,0,3.655,1,0,35101
28,0,3.655,1,0,35101
28,0,3.655,1,0,35101
28,0,3.655,1,0,35101
28,0,3.655,1,0,35101
28,0,3.655,1,0,35101
28,0,3.655,1,0,35101
28,0,3.655,1,0,35101
28,0,3.655,1,0,35101
28,0,3.655,1,0,35101
28,0,3.655,1,0,35101
28,0,3.655,1,0,35101
28,0,3.655,1,0,35101
28,0,3.655,1,0,35101
28,0,3.655,1,0,35101
28,0,3.655,1,0,35101
28,0,3.655,1,0,35101
28,0,3.655,1,0,35101
28,0,3.655,1,0,35101
28,0,3.655,1,0,35101
28,0,3.655,1,0,35101
28,0,3.655,1,0,35101
28,0,3.655,1,0,35101
28,0,3.655,1,0,35101
28,0,3.655,1,0,35101
28,0,3.655,1,0,35101
28,0,3.655,1,0,35101
28,0,3.655,1,0,35101
28,0,3.655,1,0,35101
28,0,3.655,1,0,35101
28,0,3.655,1,0,35101
28,0,3.655,1,0,35101
28,0,3.655,1,0,35101
28,0,3.655,1,0,35101
28,0,3.655,1,0,35101
28,0,3.655,1,0,35101
28,0,3.655,1,0,35101
28,0,3.655,1,0,35101
28,0,3.655,1,0,35101
28,0,3.655,1,0,35101
28,0,3.655,1,0,35101
28,0,3.655,1,0,35101
28,0,3.655,1,0,35101
28,0,3.655,1,0,35101
28,0,3.655,1,0,35101
28,0,3.655,1,0,35101
28,0,3.655,1,0,35101
28,0,3.655,1,0,35101
28,0,3.655,1,0,35101
28,0,3.655,1,0,35101
28,0,3.655,1,0,35101
28,0,3.655,1,0,35101
28,0,3.655,1,0,35101
28,0,3.655,1,0,35101
28,0,3.655,1,0,35101
28,0,3.655,1,0,35101
28,0,3.655,1,0,35101
28,0,3.655,1,0,35101
28,0,3.655,1,0,35101
28,0,3.655,1,0,35101
28,0,3.655,1,0,35101
28,0,3.655,1,0,35101
28,0,3.655,1,0,35101
28,0,3.655,1,0,35101
28,0,3.655,1,0,35101
28,0,3.655,1,0,35101
28,0,3.655,1,0,35101
28,0,3.655,1,0,35101
28,0,3.655,1,0,35101
28,0,3.655,1,0,35101
28,0,3.655,1,0,35101
28,0,3.655,1,0,35101
28,0,3.655,1,0,35101
28,0,3.655,1,0,35101
28,0,3.655,1,0,35101
28,0,3.655,1,0,35101
28,0,3.655,1,0,35101
28,0,3.655,1,0,35101
28,0,3.655,1,0,35101
28,0,3.655,1,0,35101
28,0,3.655,1,0,35101
28,0,3.655,1,0,35101
28,0,3.655,1,0,35101
28,0,3.655,1,0,35101
28,0,3.655,1,0,35101
28,0,3.655,1,0,35101
28,0,3.655,1,0,35101
28,0,3.655,1,0,35101
28,0,3.655,1,0,35101
28,0,3.655,1,0,35101
28,0,3.655,1,0,35101
28,0,3.655,1,0,35101
28,0,3.655,1,0,35101
28,0,3.655,1,0,35101
28,0,3.655,1,0,35101
28,0,3.655,1,0,35101
28,0,3.655,1,0,35101
28,0,3.655,1,0,35101
28,0,3.655,1,0,35101
28,0,3.655,1,0,35101
28,0,3.655,1,0,35101
28,0,3.655,1,0,35101
28,0,3.655,1,0,35101
28,0,3.655,1,0,35101
28,0,3.655,1,0,35101
28,0,3.655,1,0,35101
28,0,3.655,1,0,35101
28,0,3.655,1,0,35101
28,0,3.655,1,0,35101
28,0,3.655,1,0,35101
28,0,3.655,1,0,35101
28,0,3.655,1,0,35101
28,0,3.655,1,0,35101
28,0,3.655,1,0,35101
28,0,3.655,1,0,35101
28,0,3.655,1,0,35101
28,0,3.655,1,0,35101
28,0,3.655,1,0,35101
28,0,3.655,1,0,35101
28,0,3.655,1,0,35101
28,0,3.655,1,0,35101
28,0,3.655,1,0,35101
28,0,3.655,1,0,35101
28,0,3.655,1,0,35101
28,0,3.655,1,0,35101
28,0,3.655,1,0,35101
28,0,3.655,1,0,35101
28,0,3.655,1,0,35101
28,0,3.655,1,0,35101
28,0,3.655,1,0,35101
28,0,3.655,1,0,35101
28,0,3.655,1,0,35101
28,0,3.655,1,0,35101
28,0,3.655,1,0,35101
28,0,3.655,1,0,35101
28,0,3.655,1,0,35101
28,0,3.655,1,0,35101
28,0,3.655,1,0,35101
28,0,3.655,1,0,35101
28,0,3.655,1,0,35101
28,0,3.655,1,0,35101
28,0,3.655,1,0,35101
28,0,3.655,1,0,35101
28,0,3.655,1,0,35101
28,0,3.655,1,0,35101
28,0,3.655,1,0,35101
28,0,3.655,1,0,35101
28,0,3.655,1,0,35101
28,0,3.655,1,0,35101
28,0,3.655,1,0,35101
28,0,3.655,1,0,35101
28,0,3.655,1,0,35101
28,0,3.655,1,0,35101
28,0,3.655,1,0,35101
28,0,3.655,1,0,35101
28,0,3.655,1,0,35101
28,0,3.655,1,0,35101
28,0,3.655,1,0,35101
28,0,3.655,1,0,35101
28,0,3.655,1,0,35101
28,0,3.655,1,0,35101
28,0,3.655,1,0,35101
28,0,3.655,1,0,35101
28,0,3.655,1,0,35101
28,0,3.655,1,0,35101
28,0,3.655,1,0,35101
28,0,3.655,1,0,35101
28,0,3.655,1,0,35101
28,0,3.655,1,0,35101
28,0,3.655,1,0,35101
28,0,3.655,1,0,35101
28,0,3.655,1,0,35101
28,0,3.655,1,0,35101
28,0,3.655,1,0,35101
28,0,3.655,1,0,35101
28,0,3.655,1,0,35101
28,0,3.655,1,0,35101
28,0,3.655,1,0,35101
28,0,3.655,1,0,35101
28,0,3.655,1,0,35101
28,0,3.655,1,0,35101
28,0,3.655,1,0,35101
28,0,3.655,1,0,35101
28,0,3.655,1,0,35101
28,0,3.655,1,0,35101
28,0,3.655,1,0,35101
28,0,3.655,1,0,35101
28,0,3.655,1,0,35101
28,0,3.655,1,0,35101
28,0,3.655,1,0,35101
28,0,3.655,1,0,35101
28,0,3.655,1,0,35101
28,0,3.655,1,0,35101
28,0,3.655,1,0,35101
28,0,3.655,1,0,35101
28,0,3.655,1,0,35101
28,0,3.655,1,0,35101
28,0,3.655,1,0,35101
28,0,3.655,1,0,35101
28,0,3.655,1,0,35101
28,0,3.655,1,0,35101
28,0,3.655,1,0,35101
28,0,3.655,1,0,35101
28,0,3.655,1,0,35101
28,0,3.655,1,0,35101
28,0,3.655,1,0,35101
28,0,3.655,1,0,35101
28,0,3.655,1,0,35101
28,0,3.655,1,0,35101
28,0,3.655,1,0,35101
28,0,3.655,1,0,35101
28,0,3.655,1,0,35101
28,0,3.655,1,0,35101
28,0,3.655,1,0,35101
28,0,3.655,1,0,35101
28,0,3.655,1,0,35101
28,0,3.655,1,0,35101
28,0,3.655,1,0,35101
28,0,3.655,1,0,35101
28,0,3.655,1,0,35101
28,0,3.655,1,0,35101
28,0,3.655,1,0,35101
28,0,3.655,1,0,35101
28,0,3.655,1,0,35101
28,0,3.655,1,0,35101
28,0,3.655,1,0,35101
28,0,3.655,1,0,35101
28,0,3.655,1,0,35101
28,0,3.655,1,0,35101
28,0,3.655,1,0,35101
28,0,3.655,1,0,35101
28,0,3.655,1,0,35101
28,0,3.655,1,0,35101
28,0,3.655,1,0,35101
28,0,3.655,1,0,35101
28,0,3.655,1,0,35101
28,0,3.655,1,0,35101
28,0,3.655,1,0,35101
28,0,3.655,1,0,35101
28,0,3.655,1,0,35101
28,0,3.655,1,0,35101
28,0,3.655,1,0,35101
28,0,3.655,1,0,35101
28,0,3.655,1,0,35101
28,0,3.655,1,0,35101
28,0,3.655,1,0,35101
28,0,3.655,1,0,35101
28,0,3.655,1,0,35101
28,0,3.655,1,0,35101
28,0,3.655,1,0,35101
28,0,3.655,1,0,35101
28,0,3.655,1,0,35101
28,0,3.655,1,0,35101
28,0,3.655,1,0,35101
28,0,3.655,1,0,35101
28,0,3.655,1,0,35101
28,0,3.655,1,0,35101
28,0,3.655,1,0,35101
28,0,3.655,1,0,35101
28,0,3.655,1,0,35101
28,0,3.655,1,0,35101
28,0,3.655,1,0,35101
28,0,3.655,1,0,35101
28,0,3.655,1,0,35101
28,0,3.655,1,0,35101
28,0,3.655,1,0,35101
28,0,3.655,1,0,35101
28,0,3.655,1,0,35101
28,0,3.655,1,0,35101
28,0,3.655,1,0,35101
28,0,3.655,1,0,35101
28,0,3.655,1,0,35101
28,0,3.655,1,0,35101
28,0,3.655,1,0,35101
28,0,3.655,1,0,35101
28,0,3.655,1,0,35101
28,0,3.655,1,0,35101
28,0,3.655,1,0,35101
28,0,3.655,1,0,35101
28,0,3.655,1,0,35101
28,0,3.655,1,0,35101
28,0,3.655,1,0,35101
28,0,3.655,1,0,35101
28,0,3.655,1,0,35101
28,0,3.655,1,0,35101
28,0,3.655,1,0,35101
28,0,3.655,1,0,35101
28,0,3.655,1,0,35101
28,0,3.655,1,0,35101
28,0,3.655,1,0,35101
28,0,3.655,1,0,35101
28,0,3.655,1,0,35101
28,0,3.655,1,0,35101
28,0,3.655,1,0,35101
28,0,3.655,1,0,35101
28,0,3.655,1,0,35101
28,0,3.655,1,0,35101
28,0,3.655,1,0,35101
28,0,3.655,1,0,35101
28,0,3.655,1,0,35101
28,0,3.655,1,0,35101
28,0,3.655,1,0,35101
28,0,3.655,1,0,35101
28,0,3.655,1,0,35101
28,0,3.655,1,0,35101
28,0,3.655,1,0,35101
28,0,3.655,1,0,35101
28,0,3.655,1,0,35101
28,0,3.655,1,0,35101
28,0,3.655,1,0,35101
28,0,3.655,1,0,35101
28,0,3.655,1,0,35101
28,0,3.655,1,0,35101
28,0,3.655,1,0,35101
28,0,3.655,1,0,35101
28,0,3.655,1,0,35101
28,0,3.655,1,0,35101
28,0,3.655,1,0,35101
28,0,3.655,1,0,35101
28,0,3.655,1,0,35101
28,0,3.655,1,0,35101
28,0,3.655,1,0,35101
28,0,3.655,1,0,35101
28,0,3.655,1,0,35101
28,0,3.655,1,0,35101
28,0,3.655,1,0,35101
28,0,3.655,1,0,35101
28,0,3.655,1,0,35101
28,0,3.655,1,0,35101
28,0,3.655,1,0,35101
28,0,3.655,1,0,35101
28,0,3.655,1,0,35101
28,0,3.655,1,0,35101
28,0,3.655,1,0,35101
28,0,3.655,1,0,35101
28,0,3.655,1,0,35101
28,0,3.655,1,0,35101
28,0,3.655,1,0,35101
28,0,3.655,1,0,35101
28,0,3.655,1,0,35101
28,0,3.655,1,0,35101
28,0,3.655,1,0,35101
28,0,3.655,1,0,35101
28,0,3.655,1,0,35101
28,0,3.655,1,0,35101
28,0,3.655,1,0,35101
28,0,3.655,1,0,35101
28,0,3.655,1,0,35101
28,0,3.655,1,0,35101
28,0,3.655,1,0,35101
28,0,3.655,1,0,35101
28,0,3.655,1,0,35101
28,0,3.655,1,0,35101
28,0,3.655,1,0,35101
28,0,3.655,1,0,35101
28,0,3.655,1,0,35101
28,0,3.655,1,0,35101
28,0,3.655,1,0,35101
28,0,3.655,1,0,35101
28,0,3.655,1,0,35101
28,0,3.655,1,0,35101
28,0,3.655,1,0,35101
28,0,3.655,1,0,35101
28,0,3.655,1,0,35101
28,0,3.655,1,0,35101
28,0,3.655,1,0,35101
28,0,3.655,1,0,35101
28,0,3.655,1,0,35101
28,0,3.655,1,0,35101
28,0,3.655,1,0,35101
28,0,3.655,1,0,35101
28,0,3.655,1,0,35101
28,0,3.655,1,0,35101
28,0,3.655,1,0,35101
28,0,3.655,1,0,35101
28,0,3.655,1,0,35101
28,0,3.655,1,0,35101
28,0,3.655,1,0,35101
28,0,3.655,1,0,35101
28,0,3.655,1,0,35101
28,0,3.655,1,0,35101
28,0,3.655,1,0,35101
28,0,3.655,1,0,35101
28,0,3.655,1,0,35101
28,0,3.655,1,0,35101
28,0,3.655,1,0,35101
28,0,3.655,1,0,35101
28,0,3.655,1,0,35101
28,0,3.655,1,0,35101
28,0,3.655,1,0,35101
28,0,3.655,1,0,35101
28,0,3.655,1,0,35101
28,0,3.655,1,0,35101
28,0,3.655,1,0,35101
28,0,3.655,1,0,35101
28,0,3.655,1,0,35101
28,0,3.655,1,0,35101
28,0,3.655,1,0,35101
28,0,3.655,1,0,35101
28,0,3.655,1,0,35101
28,0,3.655,1,0,35101
28,0,3.655,1,0,35101
28,0,3.655,1,0,35101
28,0,3.655,1,0,35101
28,0,3.655,1,0,35101
28,0,3.655,1,0,35101
28,0,3.655,1,0,35101
28,0,3.655,1,0,35101
28,0,3.655,1,0,35101
28,0,3.655,1,0,35101
28,0,3.655,1,0,35101
28,0,3.655,1,0,35101
28,0,3.655,1,0,35101
28,0,3.655,1,0,35101
28,0,3.655,1,0,35101
28,0,3.655,1,0,35101
28,0,3.655,1,0,35101
28,0,3.655,1,0,35101
28,0,3.655,1,0,35101
28,0,3.655,1,0,35101
28,0,3.655,1,0,35101
28,0,3.655,1,0,35101
28,0,3.655,1,0,35101
28,0,3.655,1,0,35101
28,0,3.655,1,0,35101
28,0,3.655,1,0,35101
28,0,3.655,1,0,35101
28,0,3.655,1,0,35101
28,0,3.655,1,0,35101
28,0,3.655,1,0,35101
28,0,3.655,1,0,35101
28,0,3.655,1,0,35101
28,0,3.655,1,0,35101
28,0,3.655,1,0,35101
28,0,3.655,1,0,35101
28,0,3.655,1,0,35101
28,0,3.655,1,0,35101
28,0,3.655,1,0,35101
28,0,3.655,1,0,35101
28,0,3.655,1,0,35101
28,0,3.655,1,0,35101
28,0,3.655,1,0,35101
28,0,3.655,1,0,35101
28,0,3.655,1,0,35101
28,0,3.655,1,0,35101
28,0,3.655,1,0,35101
28,0,3.655,1,0,35101
28,0,3.655,1,0,35101
28,0,3.655,1,0,35101
28,0,3.655,1,0,35101
28,0,3.655,1,0,35101
28,0,3.655,1,0,35101
28,0,3.655,1,0,35101
28,0,3.655,1,0,35101
28,0,3.655,1,0,35101
28,0,3.655,1,0,35101
28,0,3.655,1,0,35101
28,0,3.655,1,0,35101
28,0,3.655,1,0,35101
28,0,3.655,1,0,35101
28,0,3.655,1,0,35101
28,0,3.655,1,0,35101
28,0,3.655,1,0,35101
28,0,3.655,1,0,35101
28,0,3.655,1,0,35101
28,0,3.655,1,0,35101
28,0,3.655,1,0,35101
28,0,3.655,1,0,35101
28,0,3.655,1,0,35101
28,0,3.655,1,0,35101
28,0,3.655,1,0,35101
28,0,3.655,1,0,35101
28,0,3.655,1,0,35101
28,0,3.655,1,0,35101
28,0,3.655,1,0,35101
28,0,3.655,1,0,35101
28,0,3.655,1,0,35101
28,0,3.655,1,0,35101
28,0,3.655,1,0,35101
28,0,3.655,1,0,35101
28,0,3.655,1,0,35101
28,0,3.655,1,0,35101
28,0,3.655,1,0,35101
28,0,3.655,1,0,35101
28,0,3.655,1,0,35101
28,0,3.655,1,0,35101
28,0,3.655,1,0,35101
28,0,3.655,1,0,35101
28,0,3.655,1,0,35101
28,0,3.655,1,0,35101
28,0,3.655,1,0,35101
28,0,3.655,1,0,35101
28,0,3.655,1,0,35101
28,0,3.655,1,0,35101
28,0,3.655,1,0,35101
28,0,3.655,1,0,35101
28,0,3.655,1,0,35101
28,0,3.655,1,0,35101
28,0,3.655,1,0,35101
28,0,3.655,1,0,35101
28,0,3.655,1,0,35101
28,0,3.655,1,0,35101
28,0,3.655,1,0,35101
28,0,3.655,1,0,35101
28,0,3.655,1,0,35101
28,0,3.655,1,0,35101
28,0,3.655,1,0,35101
28,0,3.655,1,0,35101
28,0,3.655,1,0,35101
28,0,3.655,1,0,35101
28,0,3.655,1,0,35101
28,0,3.655,1,0,35101
28,0,3.655,1,0,35101
28,0,3.655,1,0,35101
28,0,3.655,1,0,35101
28,0,3.655,1,0,35101
28,0,3.655,1,0,35101
28,0,3.655,1,0,35101
28,0,3.655,1,0,35101
28,0,3.655,1,0,35101
28,0,3.655,1,0,35101
28,0,3.655,1,0,35101
28,0,3.655,1,0,35101
28,0,3.655,1,0,35101
28,0,3.655,1,0,35101
28,0,3.655,1,0,35101
28,0,3.655,1,0,35101
28,0,3.655,1,0,35101
28,0,3.655,1,0,35101
28,0,3.655,1,0,35101
28,0,3.655,1,0,35101
28,0,3.655,1,0,35101
28,0,3.655,1,0,35101
28,0,3.655,1,0,35101
28,0,3.655,1,0,35101
28,0,3.655,1,0,35101
28,0,3.655,1,0,35101
28,0,3.655,1,0,35101
28,0,3.655,1,0,35101
28,0,3.655,1,0,35101
28,0,3.655,1,0,35101
28,0,3.655,1,0,35101
28,0,3.655,1,0,35101
28,0,3.655,1,0,35101
28,0,3.655,1,0,35101
28,0,3.655,1,0,35101
28,0,3.655,1,0,35101
28,0,3.655,1,0,35101
28,0,3.655,1,0,35101
28,0,3.655,1,0,35101
28,0,3.655,1,0,35101
28,0,3.655,1,0,35101
28,0,3.655,1,0,35101
28,0,3.655,1,0,35101
28,0,3.655,1,0,35101
28,0,3.655,1,0,35101
28,0,3.655,1,0,35101
28,0,3.655,1,0,35101
28,0,3.655,1,0,35101
28,0,3.655,1,0,35101
28,0,3.655,1,0,35101
28,0,3.655,1,0,35101
28,0,3.655,1,0,35101
28,0,3.655,1,0,35101
28,0,3.655,1,0,35101
28,0,3.655,1,0,35101
28,0,3.655,1,0,35101
28,0,3.655,1,0,35101
28,0,3.655,1,0,35101
28,0,3.655,1,0,35101
28,0,3.655,1,0,35101
28,0,3.655,1,0,35101
28,0,3.655,1,0,35101
28,0,3.655,1,0,35101
28,0,3.655,1,0,35101
28,0,3.655,1,0,35101
28,0,3.655,1,0,35101
28,0,3.655,1,0,35101
28,0,3.655,1,0,35101
28,0,3.655,1,0,35101
28,0,3.655,1,0,35101
28,0,3.655,1,0,35101
28,0,3.655,1,0,35101
28,0,3.655,1,0,35101
28,0,3.655,1,0,35101
28,0,3.655,1,0,35101
28,0,3.655,1,0,35101
28,0,3.655,1,0,35101
28,0,3.655,1,0,35101
28,0,3.655,1,0,35101
28,0,3.655,1,0,35101
28,0,3.655,1,0,35101
28,0,3.655,1,0,35101
28,0,3.655,1,0,35101
28,0,3.655,1,0,35101
28,0,3.655,1,0,35101
28,0,3.655,1,0,35101
28,0,3.655,1,0,35101
28,0,3.655,1,0,35101
28,0,3.655,1,0,35101
28,0,3.655,1,0,35101
28,0,3.655,1,0,35101
28,0,3.655,1,0,35101
28,0,3.655,1,0,35101
28,0,3.655,1,0,35101
28,0,3.655,1,0,35101
28,0,3.655,1,0,35101
28,0,3.655,1,0,35101
28,0,3.655,1,0,35101
28,0,3.655,1,0,35101
28,0,3.655,1,0,35101
28,0,3.655,1,0,35101
28,0,3.655,1,0,35101
28,0,3.655,1,0,35101
28,0,3.655,1,0,35101
28,0,3.655,1,0,35101
28,0,3.655,1,0,35101
28,0,3.655,1,0,35101
28,0,3.655,1,0,35101
28,0,3.655,1,0,35101
28,0,3.655,1,0,35101
28,0,3.655,1,0,35101
28,0,3.655,1,0,35101
28,0,3.655,1,0,35101
28,0,3.655,1,0,35101
28,0,3.655,1,0,35101
28,0,3.655,1,0,35101
28,0,3.655,1,0,35101
28,0,3.655,1,0,35101
28,0,3.655,1,0,35101
28,0,3.655,1,0,35101
28,0,3.655,1,0,35101
28,0,3.655,1,0,35101
28,0,3.655,1,0,35101
28,0,3.655,1,0,35101
28,0,3.655,1,0,35101
28,0,3.655,1,0,35101
28,0,3.655,1,0,35101
28,0,3.655,1,0,35101
28,0,3.655,1,0,35101
28,0,3.655,1,0,35101
28,0,3.655,1,0,35101
28,0,3.655,1,0,35101
28,0,3.655,1,0,35101
28,0,3.655,1,0,35101
28,0,3.655,1,0,35101
28,0,3.655,1,0,35101
28,0,3.655,1,0,35101
28,0,3.655,1,0,35101
28,0,3.655,1,0,35101
28,0,3.655,1,0,35101
28,0,3.655,1,0,35101
28,0,3.655,1,0,35101
28,0,3.655,1,0,35101
28,0,3.655,1,0,35101
28,0,3.655,1,0,35101
28,0,3.655,1,0,35101
28,0,3.655,1,0,35101
28,0,3.655,1,0,35101
28,0,3.655,1,0,35101
28,0,3.655,1,0,35101
28,0,3.655,1,0,35101
28,0,3.655,1,0,35101
28,0,3.655,1,0,35101
28,0,3.655,1,0,35101
28,0,3.655,1,0,35101
28,0,3.655,1,0,35101
28,0,3.655,1,0,35101
28,0,3.655,1,0,35101
28,0,3.655,1,0,35101
28,0,3.655,1,0,35101
28,0,3.655,1,0,35101
28,0,3.655,1,0,35101
28,0,3.655,1,0,35101
28,0,3.655,1,0,35101
28,0,3.655,1,0,35101
28,0,3.655,1,0,35101
28,0,3.655,1,0,35101
28,0,3.655,1,0,35101
28,0,3.655,1,0,35101
28,0,3.655,1,0,35101
28,0,3.655,1,0,35101
28,0,3.655,1,0,35101
28,0,3.655,1,0,35101
28,0,3.655,1,0,35101
28,0,3.655,1,0,35101
28,0,3.655,1,0,35101
28,0,3.655,1,0,35101
28,0,3.655,1,0,35101
28,0,3.655,1,0,35101
28,0,3.655,1,0,35101
28,0,3.655,1,0,35101
28,0,3.655,1,0,35101
28,0,3.655,1,0,35101
28,0,3.655,1,0,35101
28,0,3.655,1,0,35101
28,0,3.655,1,0,35101
28,0,3.655,1,0,35101
28,0,3.655,1,0,35101
28,0,3.655,1,0,35101
28,0,3.655,1,0,35101
28,0,3.655,1,0,35101
28,0,3.655,1,0,35101
28,0,3.655,1,0,35101
28,0,3.655,1,0,35101
28,0,3.655,1,0,35101
28,0,3.655,1,0,35101
28,0,3.655,1,0,35101
28,0,3.655,1,0,35101
28,0,3.655,1,0,35101
28,0,3.655,1,0,35101
28,0,3.655,1,0,35101
28,0,3.655,1,0,35101
28,0,3.655,1,0,35101
28,0,3.655,1,0,35101
28,0,3.655,1,0,35101
28,0,3.655,1,0,35101
28,0,3.655,1,0,35101
28,0,3.655,1,0,35101
28,0,3.655,1,0,35101
28,0,3.655,1,0,35101
28,0,3.655,1,0,35101
28,0,3.655,1,0,35101
28,0,3.655,1,0,35101
28,0,3.655,1,0,35101
28,0,3.655,1,0,35101
28,0,3.655,1,0,35101
28,0,3.655,1,0,35101
28,0,3.655,1,0,35101
28,0,3.655,1,0,35101
28,0,3.655,1,0,35101
28,0,3.655,1,0,35101
28,0,3.655,1,0,35101
28,0,3.655,1,0,35101
28,0,3.655,1,0,35101
28,0,3.655,1,0,35101
28,0,3.655,1,0,35101
28,0,3.655,1,0,35101
28,0,3.655,1,0,35101
28,0,3.655,1,0,35101
28,0,3.655,1,0,35101
28,0,3.655,1,0,35101
28,0,3.655,1,0,35101
28,0,3.655,1,0,35101
28,0,3.655,1,0,35101
28,0,3.655,1,0,35101
28,0,3.655,1,0,35101
28,0,3.655,1,0,35101
28,0,3.655,1,0,35101
28,0,3.655,1,0,35101
28,0,3.655,1,0,35101
28,0,3.655,1,0,35101
28,0,3.655,1,0,35101
28,0,3.655,1,0,35101
28,0,3.655,1,0,35101
28,0,3.655,1,0,35101
28,0,3.655,1,0,35101
28,0,3.655,1,0,35101
28,0,3.655,1,0,35101
28,0,3.655,1,0,35101
28,0,3.655,1,0,35101
28,0,3.655,1,0,35101
28,0,3.655,1,0,35101
28,0,3.655,1,0,35101
28,0,3.655,1,0,35101
28,0,3.655,1,0,35101
28,0,3.655,1,0,35101
28,0,3.655,1,0,35101
28,0,3.655,1,0,35101
28,0,3.655,1,0,35101
28,0,3.655,1,0,35101
28,0,3.655,1,0,35101
28,0,3.655,1,0,35101
28,0,3.655,1,0,35101
28,0,3.655,1,0,35101
28,0,3.655,1,0,35101
28,0,3.655,1,0,35101
28,0,3.655,1,0,35101
28,0,3.655,1,0,35101
28,0,3.655,1,0,35101
28,0,3.655,1,0,35101
28,0,3.655,1,0,35101
28,0,3.655,1,0,35101
28,0,3.655,1,0,35101
28,0,3.655,1,0,35101
28,0,3.655,1,0,35101
28,0,3.655,1,0,35101
28,0,3.655,1,0,35101
28,0,3.655,1,0,35101
28,0,3.655,1,0,35101
28,0,3.655,1,0,35101
28,0,3.655,1,0,35101
28,0,3.655,1,0,35101
28,0,3.655,1,0,35101
28,0,3.655,1,0,35101
28,0,3.655,1,0,35101
28,0,3.655,1,0,35101
28,0,3.655,1,0,35101
28,0,3.655,1,0,35101
28,0,3.655,1,0,35101
28,0,3.655,1,0,35101
28,0,3.655,1,0,35101
28,0,3.655,1,0,35101
28,0,3.655,1,0,35101
28,0,3.655,1,0,35101
28,0,3.655,1,0,35101
28,0,3.655,1,0,35101
28,0,3.655,1,0,35101
28,0,3.655,1,0,35101
28,0,3.655,1,0,35101
28,0,3.655,1,0,35101
28,0,3.655,1,0,35101
28,0,3.655,1,0,35101
28,0,3.655,1,0,35101
28,0,3.655,1,0,35101
28,0,3.655,1,0,35101
28,0,3.655,1,0,35101
28,0,3.655,1,0,35101
28,0,3.655,1,0,35101
28,0,3.655,1,0,35101
28,0,3.655,1,0,35101
28,0,3.655,1,0,35101
28,0,3.655,1,0,35101
28,0,3.655,1,0,35101
28,0,3.655,1,0,35101
28,0,3.655,1,0,35101
28,0,3.655,1,0,35101
28,0,3.655,1,0,35101
28,0,3.655,1,0,35101
28,0,3.655,1,0,35101
28,0,3.655,1,0,35101
28,0,3.655,1,0,35101
28,0,3.655,1,0,35101
28,0,3.655,1,0,35101
28,0,3.655,1,0,35101
28,0,3.655,1,0,35101
28,0,3.655,1,0,35101
28,0,3.655,1,0,35101
28,0,3.655,1,0,35101
28,0,3.655,1,0,35101
28,0,3.655,1,0,35101
28,0,3.655,1,0,35101
28,0,3.655,1,0,35101
28,0,3.655,1,0,35101
28,0,3.655,1,0,35101
28,0,3.655,1,0,35101
28,0,3.655,1,0,35101
28,0,3.655,1,0,35101
28,0,3.655,1,0,35101
28,0,3.655,1,0,35101
28,0,3.655,1,0,35101
28,0,3.655,1,0,35101
28,0,3.655,1,0,35101
28,0,3.655,1,0,35101
28,0,3.655,1,0,35101
28,0,3.655,1,0,35101
28,0,3.655,1,0,35101
28,0,3.655,1,0,35101
28,0,3.655,1,0,35101
28,0,3.655,1,0,35101
28,0,3.655,1,0,35101
28,0,3.655,1,0,35101
28,0,3.655,1,0,35101
28,0,3.655,1,0,35101
28,0,3.655,1,0,35101
28,0,3.655,1,0,35101
28,0,3.655,1,0,35101
28,0,3.655,1,0,35101
28,0,3.655,1,0,35101
28,0,3.655,1,0,35101
28,0,3.655,1,0,35101
28,0,3.655,1,0,35101
28,0,3.655,1,0,35101
28,0,3.655,1,0,35101
28,0,3.655,1,0,35101
28,0,3.655,1,0,35101
28,0,3.655,1,0,35101
28,0,3.655,1,0,35101
28,0,3.655,1,0,35101
28,0,3.655,1,0,35101
28,0,3.655,1,0,35101
28,0,3.655,1,0,35101
28,0,3.655,1,0,35101
28,0,3.655,1,0,35101
28,0,3.655,1,0,35101
28,0,3.655,1,0,35101
28,0,3.655,1,0,35101
28,0,3.655,1,0,35101
28,0,3.655,1,0,35101
28,0,3.655,1,0,35101
28,0,3.655,1,0,35101
28,0,3.655,1,0,35101
28,0,3.655,1,0,35101
28,0,3.655,1,0,35101
28,0,3.655,1,0,35101
28,0,3.655,1,0,35101
28,0,3.655,1,0,35101
28,0,3.655,1,0,35101
28,0,3.655,1,0,35101
28,0,3.655,1,0,35101
28,0,3.655,1,0,35101
28,0,3.655,1,0,35101
28,0,3.655,1,0,35101
28,0,3.655,1,0,35101
28,0,3.655,1,0,35101
28,0,3.655,1,0,35101
28,0,3.655,1,0,35101
28,0,3.655,1,0,35101
28,0,3.655,1,0,35101
28,0,3.655,1,0,35101
28,0,3.655,1,0,35101
28,0,3.655,1,0,35101
28,0,3.655,1,0,35101
28,0,3.655,1,0,35101
28,0,3.655,1,0,35101
28,0,3.655,1,0,35101
28,0,3.655,1,0,35101
28,0,3.655,1,0,35101
28,0,3.655,1,0,35101
28,0,3.655,1,0,35101
28,0,3.655,1,0,35101
28,0,3.655,1,0,35101
28,0,3.655,1,0,35101
28,0,3.655,1,0,35101
28,0,3.655,1,0,35101
28,0,3.655,1,0,35101
28,0,3.655,1,0,35101
28,0,3.655,1,0,35101
28,0,3.655,1,0,35101
28,0,3.655,1,0,35101
28,0,3.655,1,0,35101
28,0,3.655,1,0,35101
28,0,3.655,1,0,35101
28,0,3.655,1,0,35101
28,0,3.655,1,0,35101
28,0,3.655,1,0,35101
28,0,3.655,1,0,35101
28,0,3.655,1,0,35101
28,0,3.655,1,0,35101
28,0,3.655,1,0,35101
28,0,3.655,1,0,35101
28,0,3.655,1,0,35101
28,0,3.655,1,0,35101
28,0,3.655,1,0,35101
28,0,3.655,1,0,35101
28,0,3.655,1,0,35101
28,0,3.655,1,0,35101
28,0,3.655,1,0,35101
28,0,3.655,1,0,35101
28,0,3.655,1,0,35101
28,0,3.655,1,0,35101
28,0,3.655,1,0,35101
28,0,3.655,1,0,35101
28,0,3.655,1,0,35101
28,0,3.655,1,0,35101
28,0,3.655,1,0,35101
28,0,3.655,1,0,35101
28,0,3.655,1,0,35101
28,0,3.655,1,0,35101
28,0,3.655,1,0,35101
28,0,3.655,1,0,35101
28,0,3.655,1,0,35101
28,0,3.655,1,0,35101
28,0,3.655,1,0,35101
28,0,3.655,1,0,35101
28,0,3.655,1,0,35101
28,0,3.655,1,0,35101
28,0,3.655,1,0,35101
28,0,3.655,1,0,35101
28,0,3.655,1,0,35101
28,0,3.655,1,0,35101
28,0,3.655,1,0,35101
28,0,3.655,1,0,35101
28,0,3.655,1,0,35101
28,0,3.655,1,0,35101
28,0,3.655,1,0,35101
28,0,3.655,1,0,35101
28,0,3.655,1,0,35101
28,0,3.655,1,0,35101
28,0,3.655,1,0,35101
28,0,3.655,1,0,35101
28,0,3.655,1,0,35101
28,0,3.655,1,0,35101
28,0,3.655,1,0,35101
28,0,3.655,1,0,35101
28,0,3.655,1,0,35101
28,0,3.655,1,0,35101
28,0,3.655,1,0,35101
28,0,3.655,1,0,35101
28,0,3.655,1,0,35101
28,0,3.655,1,0,35101
28,0,3.655,1,0,35101
28,0,3.655,1,0,35101
28,0,3.655,1,0,35101
28,0,3.655,1,0,35101
28,0,3.655,1,0,35101
28,0,3.655,1,0,35101
28,0,3.655,1,0,35101
28,0,3.655,1,0,35101
28,0,3.655,1,0,35101
28,0,3.655,1,0,35101
28,0,3.655,1,0,35101
28,0,3.655,1,0,35101
28,0,3.655,1,0,35101
28,0,3.655,1,0,35101
28,0,3.655,1,0,35101
28,0,3.655,1,0,35101
28,0,3.655,1,0,35101
28,0,3.655,1,0,35101
28,0,3.655,1,0,35101
28,0,3.655,1,0,35101
28,0,3.655,1,0,35101
28,0,3.655,1,0,35101
28,0,3.655,1,0,35101
28,0,3.655,1,0,35101
28,0,3.655,1,0,35101
28,0,3.655,1,0,35101
28,0,3.655,1,0,35101
28,0,3.655,1,0,35101
28,0,3.655,1,0,35101
28,0,3.655,1,0,35101
28,0,3.655,1,0,35101
28,0,3.655,1,0,35101
28,0,3.655,1,0,35101
28,0,3.655,1,0,35101
28,0,3.655,1,0,35101
28,0,3.655,1,0,35101
28,0,3.655,1,0,35101
28,0,3.655,1,0,35101
28,0,3.655,1,0,35101
28,0,3.655,1,0,35101
28,0,3.655,1,0,35101
28,0,3.655,1,0,35101
28,0,3.655,1,0,35101
28,0,3.655,1,0,35101
28,0,3.655,1,0,35101
28,0,3.655,1,0,35101
28,0,3.655,1,0,35101
28,0,3.655,1,0,35101
28,0,3.655,1,0,35101
28,0,3.655,1,0,35101
28,0,3.655,1,0,35101
28,0,3.655,1,0,35101
28,0,3.655,1,0,35101
28,0,3.655,1,0,35101
28,0,3.655,1,0,35101
28,0,3.655,1,0,35101
28,0,3.655,1,0,35101
28,0,3.655,1,0,35101
28,0,3.655,1,0,35101
28,0,3.655,1,0,35101
28,0,3.655,1,0,35101
28,0,3.655,1,0,35101
28,0,3.655,1,0,35101
28,0,3.655,1,0,35101
28,0,3.655,1,0,35101
28,0,3.655,1,0,35101
28,0,3.655,1,0,35101
28,0,3.655,1,0,35101
28,0,3.655,1,0,35101
28,0,3.655,1,0,35101
28,0,3.655,1,0,35101
28,0,3.655,1,0,35101
28,0,3.655,1,0,35101
28,0,3.655,1,0,35101
28,0,3.655,1,0,35101
28,0,3.655,1,0,35101
28,0,3.655,1,0,35101
28,0,3.655,1,0,35101
28,0,3.655,1,0,35101
28,0,3.655,1,0,35101
28,0,3.655,1,0,35101
28,0,3.655,1,0,35101
28,0,3.655,1,0,35101
28,0,3.655,1,0,35101
28,0,3.655,1,0,35101
28,0,3.655,1,0,35101
28,0,3.655,1,0,35101
28,0,3.655,1,0,35101
28,0,3.655,1,0,35101
28,0,3.655,1,0,35101
28,0,3.655,1,0,35101
28,0,3.655,1,0,35101
28,0,3.655,1,0,35101
28,0,3.655,1,0,35101
28,0,3.655,1,0,35101
28,0,3.655,1,0,35101
28,0,3.655,1,0,35101
28,0,3.655,1,0,35101
28,0,3.655,1,0,35101
28,0,3.655,1,0,35101
28,0,3.655,1,0,35101
28,0,3.655,1,0,35101
28,0,3.655,1,0,35101
28,0,3.655,1,0,35101
28,0,3.655,1,0,35101
28,0,3.655,1,0,35101
28,0,3.655,1,0,35101
28,0,3.655,1,0,35101
28,0,3.655,1,0,35101
28,0,3.655,1,0,35101
28,0,3.655,1,0,35101
28,0,3.655,1,0,35101
28,0,3.655,1,0,35101
28,0,3.655,1,0,35101
28,0,3.655,1,0,35101
28,0,3.655,1,0,35101
28,0,3.655,1,0,35101
28,0,3.655,1,0,35101
28,0,3.655,1,0,35101
28,0,3.655,1,0,35101
28,0,3.655,1,0,35101
28,0,3.655,1,0,35101
28,0,3.655,1,0,35101
28,0,3.655,1,0,35101
28,0,3.655,1,0,35101
28,0,3.655,1,0,35101
28,0,3.655,1,0,35101
28,0,3.655,1,0,35101
28,0,3.655,1,0,35101
28,0,3.655,1,0,35101
28,0,3.655,1,0,35101
28,0,3.655,1,0,35101
28,0,3.655,1,0,35101
28,0,3.655,1,0,35101
28,0,3.655,1,0,35101
28,0,3.655,1,0,35101
28,0,3.655,1,0,35101
28,0,3.655,1,0,35101
28,0,3.655,1,0,35101
28,0,3.655,1,0,35101
28,0,3.655,1,0,35101
28,0,3.655,1,0,35101
28,0,3.655,1,0,35101
28,0,3.655,1,0,35101
28,0,3.655,1,0,35101
28,0,3.655,1,0,35101
28,0,3.655,1,0,35101
28,0,3.655,1,0,35101
28,0,3.655,1,0,35101
28,0,3.655,1,0,35101
28,0,3.655,1,0,35101
28,0,3.655,1,0,35101
28,0,3.655,1,0,35101
28,0,3.655,1,0,35101
28,0,3.655,1,0,35101
28,0,3.655,1,0,35101
28,0,3.655,1,0,35101
28,0,3.655,1,0,35101
28,0,3.655,1,0,35101
28,0,3.655,1,0,35101
28,0,3.655,1,0,35101
28,0,3.655,1,0,35101
28,0,3.655,1,0,35101
28,0,3.655,1,0,35101
28,0,3.655,1,0,35101
28,0,3.655,1,0,35101
28,0,3.655,1,0,35101
28,0,3.655,1,0,35101
28,0,3.655,1,0,35101
28,0,3.655,1,0,35101
28,0,3.655,1,0,35101
28,0,3.655,1,0,35101
28,0,3.655,1,0,35101
28,0,3.655,1,0,35101
28,0,3.655,1,0,35101
28,0,3.655,1,0,35101
28,0,3.655,1,0,35101
28,0,3.655,1,0,35101
28,0,3.655,1,0,35101
28,0,3.655,1,0,35101
28,0,3.655,1,0,35101
28,0,3.655,1,0,35101
28,0,3.655,1,0,35101
28,0,3.655,1,0,35101
28,0,3.655,1,0,35101
28,0,3.655,1,0,35101
28,0,3.655,1,0,35101
28,0,3.655,1,0,35101
28,0,3.655,1,0,35101
28,0,3.655,1,0,35101
28,0,3.655,1,0,35101
28,0,3.655,1,0,35101
28,0,3.655,1,0,35101
28,0,3.655,1,0,35101
28,0,3.655,1,0,35101
28,0,3.655,1,0,35101
28,0,3.655,1,0,35101
28,0,3.655,1,0,35101
28,0,3.655,1,0,35101
28,0,3.655,1,0,35101
28,0,3.655,1,0,35101
28,0,3.655,1,0,35101
28,0,3.655,1,0,35101
28,0,3.655,1,0,35101
28,0,3.655,1,0,35101
28,0,3.655,1,0,35101
28,0,3.655,1,0,35101
28,0,3.655,1,0,35101
28,0,3.655,1,0,35101
28,0,3.655,1,0,35101
28,0,3.655,1,0,35101
28,0,3.655,1,0,35101
28,0,3.655,1,0,35101
28,0,3.655,1,0,35101
28,0,3.655,1,0,35101
28,0,3.655,1,0,35101
28,0,3.655,1,0,35101
28,0,3.655,1,0,35101
28,0,3.655,1,0,35101
28,0,3.655,1,0,35101
28,0,3.655,1,0,35101
28,0,3.655,1,0,35101
28,0,3.655,1,0,35101
28,0,3.655,1,0,35101
28,0,3.655,1,0,35101
28,0,3.655,1,0,35101
28,0,3.655,1,0,35101
28,0,3.655,1,0,35101
28,0,3.655,1,0,35101
28,0,3.655,1,0,35101
28,0,3.655,1,0,35101
28,0,3.655,1,0,35101
28,0,3.655,1,0,35101
28,0,3.655,1,0,35101
28,0,3.655,1,0,35101
28,0,3.655,1,0,35101
28,0,3.655,1,0,35101
28,0,3.655,1,0,35101
28,0,3.655,1,0,35101
28,0,3.655,1,0,35101
28,0,3.655,1,0,35101
28,0,3.655,1,0,35101
28,0,3.655,1,0,35101
28,0,3.655,1,0,35101
28,0,3.655,1,0,35101
28,0,3.655,1,0,35101
28,0,3.655,1,0,35101
28,0,3.655,1,0,35101
28,0,3.655,1,0,35101
28,0,3.655,1,0,35101
28,0,3.655,1,0,35101
28,0,3.655,1,0,35101
28,0,3.655,1,0,35101
28,0,3.655,1,0,35101
28,0,3.655,1,0,35101
28,0,3.655,1,0,35101
28,0,3.655,1,0,35101
28,0,3.655,1,0,35101
28,0,3.655,1,0,35101
28,0,3.655,1,0,35101
28,0,3.655,1,0,35101
28,0,3.655,1,0,35101
28,0,3.655,1,0,35101
28,0,3.655,1,0,35101
28,0,3.655,1,0,35101
28,0,3.655,1,0,35101
28,0,3.655,1,0,35101
28,0,3.655,1,0,35101
28,0,3.655,1,0,35101
28,0,3.655,1,0,35101
28,0,3.655,1,0,35101
28,0,3.655,1,0,35101
28,0,3.655,1,0,35101
28,0,3.655,1,0,35101
28,0,3.655,1,0,35101
28,0,3.655,1,0,35101
28,0,3.655,1,0,35101
28,0,3.655,1,0,35101
28,0,3.655,1,0,35101
28,0,3.655,1,0,35101
28,0,3.655,1,0,35101
28,0,3.655,1,0,35101
28,0,3.655,1,0,35101
28,0,3.655,1,0,35101
28,0,3.655,1,0,35101
28,0,3.655,1,0,35101
28,0,3.655,1,0,35101
28,0,3.655,1,0,35101
28,0,3.655,1,0,35101
28,0,3.655,1,0,35101
28,0,3.655,1,0,35101
28,0,3.655,1,0,35101
28,0,3.655,1,0,35101
28,0,3.655,1,0,35101
28,0,3.655,1,0,35101
28,0,3.655,1,0,35101
28,0,3.655,1,0,35101
28,0,3.655,1,0,35101
28,0,3.655,1,0,35101
28,0,3.655,1,0,35101
28,0,3.655,1,0,35101
28,0,3.655,1,0,35101
28,0,3.655,1,0,35101
28,0,3.655,1,0,35101
28,0,3.655,1,0,35101
28,0,3.655,1,0,35101
28,0,3.655,1,0,35101
28,0,3.655,1,0,35101
28,0,3.655,1,0,35101
28,0,3.655,1,0,35101
28,0,3.655,1,0,35101
28,0,3.655,1,0,35101
28,0,3.655,1,0,35101
28,0,3.655,1,0,35101
28,0,3.655,1,0,35101
28,0,3.655,1,0,35101
28,0,3.655,1,0,35101
28,0,3.655,1,0,35101
28,0,3.655,1,0,35101
28,0,3.655,1,0,35101
28,0,3.655,1,0,35101
28,0,3.655,1,0,35101
28,0,3.655,1,0,35101
28,0,3.655,1,0,35101
28,0,3.655,1,0,35101
28,0,3.655,1,0,35101
28,0,3.655,1,0,35101
28,0,3.655,1,0,35101
28,0,3.655,1,0,35101
28,0,3.655,1,0,35101
28,0,3.655,1,0,35101
28,0,3.655,1,0,35101
28,0,3.655,1,0,35101
28,0,3.655,1,0,35101
28,0,3.655,1,0,35101
28,0,3.655,1,0,35101
28,0,3.655,1,0,35101
28,0,3.655,1,0,35101
28,0,3.655,1,0,35101
28,0,3.655,1,0,35101
28,0,3.655,1,0,35101
28,0,3.655,1,0,35101
28,0,3.655,1,0,35101
28,0,3.655,1,0,35101
28,0,3.655,1,0,35101
28,0,3.655,1,0,35101
28,0,3.655,1,0,35101
28,0,3.655,1,0,35101
28,0,3.655,1,0,35101
28,0,3.655,1,0,35101
28,0,3.655,1,0,35101
28,0,3.655,1,0,35101
28,0,3.655,1,0,35101
28,0,3.655,1,0,35101
28,0,3.655,1,0,35101
28,0,3.655,1,0,35101
28,0,3.655,1,0,35101
28,0,3.655,1,0,35101
28,0,3.655,1,0,35101
28,0,3.655,1,0,35101
28,0,3.655,1,0,35101
28,0,3.655,1,0,35101
28,0,3.655,1,0,35101
28,0,3.655,1,0,35101
28,0,3.655,1,0,35101
28,0,3.655,1,0,35101
28,0,3.655,1,0,35101
28,0,3.655,1,0,35101
28,0,3.655,1,0,35101
28,0,3.655,1,0,35101
28,0,3.655,1,0,35101
28,0,3.655,1,0,35101
28,0,3.655,1,0,35101
28,0,3.655,1,0,35101
28,0,3.655,1,0,35101
28,0,3.655,1,0,35101
28,0,3.655,1,0,35101
28,0,3.655,1,0,35101
28,0,3.655,1,0,35101
28,0,3.655,1,0,35101
28,0,3.655,1,0,35101
28,0,3.655,1,0,35101
28,0,3.655,1,0,35101
28,0,3.655,1,0,35101
28,0,3.655,1,0,35101
28,0,3.655,1,0,35101
28,0,3.655,1,0,35101
28,0,3.655,1,0,35101
28,0,3.655,1,0,35101
28,0,3.655,1,0,35101
28,0,3.655,1,0,35101
28,0,3.655,1,0,35101
28,0,3.655,1,0,35101
28,0,3.655,1,0,35101
28,0,3.655,1,0,35101
28,0,3.655,1,0,35101
28,0,3.655,1,0,35101
28,0,3.655,1,0,35101
28,0,3.655,1,0,35101
28,0,3.655,1,0,35101
28,0,3.655,1,0,35101
28,0,3.655,1,0,35101
28,0,3.655,1,0,35101
28,0,3.655,1,0,35101
28,0,3.655,1,0,35101
28,0,3.655,1,0,35101
28,0,3.655,1,0,35101
28,0,3.655,1,0,35101
28,0,3.655,1,0,35101
28,0,3.655,1,0,35101
28,0,3.655,1,0,35101
28,0,3.655,1,0,35101
28,0,3.655,1,0,35101
28,0,3.655,1,0,35101
28,0,3.655,1,0,35101
28,0,3.655,1,0,35101
28,0,3.655,1,0,35101
28,0,3.655,1,0,35101
28,0,3.655,1,0,35101
28,0,3.655,1,0,35101
28,0,3.655,1,0,35101
28,0,3.655,1,0,35101
28,0,3.655,1,0,35101
28,0,3.655,1,0,35101
28,0,3.655,1,0,35101
28,0,3.655,1,0,35101
28,0,3.655,1,0,35101
28,0,3.655,1,0,35101
28,0,3.655,1,0,35101
28,0,3.655,1,0,35101
28,0,3.655,1,0,35101
28,0,3.655,1,0,35101
28,0,3.655,1,0,35101
28,0,3.655,1,0,35101
28,0,3.655,1,0,35101
28,0,3.655,1,0,35101
28,0,3.655,1,0,35101
28,0,3.655,1,0,35101
28,0,3.655,1,0,35101
28,0,3.655,1,0,35101
28,0,3.655,1,0,35101
28,0,3.655,1,0,35101
28,0,3.655,1,0,35101
28,0,3.655,1,0,35101
28,0,3.655,1,0,35101
28,0,3.655,1,0,35101
28,0,3.655,1,0,35101
28,0,3.655,1,0,35101
28,0,3.655,1,0,35101
28,0,3.655,1,0,35101
28,0,3.655,1,0,35101
28,0,3.655,1,0,35101
28,0,3.655,1,0,35101
28,0,3.655,1,0,35101
28,0,3.655,1,0,35101
28,0,3.655,1,0,35101
28,0,3.655,1,0,35101
28,0,3.655,1,0,35101
28,0,3.655,1,0,35101
28,0,3.655,1,0,35101
28,0,3.655,1,0,35101
28,0,3.655,1,0,35101
28,0,3.655,1,0,35101
28,0,3.655,1,0,35101
28,0,3.655,1,0,35101
28,0,3.655,1,0,35101
28,0,3.655,1,0,35101
28,0,3.655,1,0,35101
28,0,3.655,1,0,35101
28,0,3.655,1,0,35101
28,0,3.655,1,0,35101
28,0,3.655,1,0,35101
28,0,3.655,1,0,35101
28,0,3.655,1,0,35101
28,0,3.655,1,0,35101
28,0,3.655,1,0,35101
28,0,3.655,1,0,35101
28,0,3.655,1,0,35101
28,0,3.655,1,0,35101
28,0,3.655,1,0,35101
28,0,3.655,1,0,35101
28,0,3.655,1,0,35101
28,0,3.655,1,0,35101
28,0,3.655,1,0,35101
28,0,3.655,1,0,35101
28,0,3.655,1,0,35101
28,0,3.655,1,0,35101
28,0,3.655,1,0,35101
28,0,3.655,1,0,35101
28,0,3.655,1,0,35101
28,0,3.655,1,0,35101
28,0,3.655,1,0,35101
28,0,3.655,1,0,35101
28,0,3.655,1,0,35101
28,0,3.655,1,0,35101
28,0,3.655,1,0,35101
28,0,3.655,1,0,35101
28,0,3.655,1,0,35101
28,0,3.655,1,0,35101
28,0,3.655,1,0,35101
28,0,3.655,1,0,35101
28,0,3.655,1,0,35101
28,0,3.655,1,0,35101
28,0,3.655,1,0,35101
28,0,3.655,1,0,35101
28,0,3.655,1,0,35101
28,0,3.655,1,0,35101
28,0,3.655,1,0,35101
28,0,3.655,1,0,35101
28,0,3.655,1,0,35101
28,0,3.655,1,0,35101
28,0,3.655,1,0,35101
28,0,3.655,1,0,35101
28,0,3.655,1,0,35101
28,0,3.655,1,0,35101
28,0,3.655,1,0,35101
28,0,3.655,1,0,35101
28,0,3.655,1,0,35101
28,0,3.655,1,0,35101
28,0,3.655,1,0,35101
28,0,3.655,1,0,35101
28,0,3.655,1,0,35101
28,0,3.655,1,0,35101
28,0,3.655,1,0,35101
28,0,3.655,1,0,35101
28,0,3.655,1,0,35101
28,0,3.655,1,0,35101
28,0,3.655,1,0,35101
28,0,3.655,1,0,35101
28,0,3.655,1,0,35101
28,0,3.655,1,0,35101
28,0,3.655,1,0,35101
28,0,3.655,1,0,35101
28,0,3.655,1,0,35101
28,0,3.655,1,0,35101
28,0,3.655,1,0,35101
28,0,3.655,1,0,35101
28,0,3.655,1,0,35101
28,0,3.655,1,0,35101
28,0,3.655,1,0,35101
28,0,3.655,1,0,35101
28,0,3.655,1,0,35101
28,0,3.655,1,0,35101
28,0,3.655,1,0,35101
28,0,3.655,1,0,35101
28,0,3.655,1,0,35101
28,0,3.655,1,0,35101
28,0,3.655,1,0,35101
28,0,3.655,1,0,35101
28,0,3.655,1,0,35101
28,0,3.655,1,0,35101
28,0,3.655,1,0,35101
28,0,3.655,1,0,35101
28,0,3.655,1,0,35101
28,0,3.655,1,0,35101
28,0,3.655,1,0,35101
28,0,3.655,1,0,35101
28,0,3.655,1,0,35101
28,0,3.655,1,0,35101
28,0,3.655,1,0,35101
28,0,3.655,1,0,35101
28,0,3.655,1,0,35101
28,0,3.655,1,0,35101
28,0,3.655,1,0,35101
28,0,3.655,1,0,35101
28,0,3.655,1,0,35101
28,0,3.655,1,0,35101
28,0,3.655,1,0,35101
28,0,3.655,1,0,35101
28,0,3.655,1,0,35101
28,0,3.655,1,0,35101
28,0,3.655,1,0,35101
28,0,3.655,1,0,35101
28,0,3.655,1,0,35101
28,0,3.655,1,0,35101
28,0,3.655,1,0,35101
28,0,3.655,1,0,35101
28,0,3.655,1,0,35101
28,0,3.655,1,0,35101
28,0,3.655,1,0,35101
28,0,3.655,1,0,35101
28,0,3.655,1,0,35101
28,0,3.655,1,0,35101
28,0,3.655,1,0,35101
28,0,3.655,1,0,35101
28,0,3.655,1,0,35101
28,0,3.655,1,0,35101
28,0,3.655,1,0,35101
28,0,3.655,1,0,35101
28,0,3.655,1,0,35101
28,0,3.655,1,0,35101
28,0,3.655,1,0,35101
28,0,3.655,1,0,35101
28,0,3.655,1,0,35101
28,0,3.655,1,0,35101
28,0,3.655,1,0,35101
28,0,3.655,1,0,35101
28,0,3.655,1,0,35101
28,0,3.655,1,0,35101
28,0,3.655,1,0,35101
28,0,3.655,1,0,35101
28,0,3.655,1,0,35101
28,0,3.655,1,0,35101
28,0,3.655,1,0,35101
28,0,3.655,1,0,35101
28,0,3.655,1,0,35101
28,0,3.655,1,0,35101
28,0,3.655,1,0,35101
28,0,3.655,1,0,35101
28,0,3.655,1,0,35101
28,0,3.655,1,0,35101
28,0,3.655,1,0,35101
28,0,3.655,1,0,35101
28,0,3.655,1,0,35101
28,0,3.655,1,0,35101
28,0,3.655,1,0,35101
28,0,3.655,1,0,35101
28,0,3.655,1,0,35101
28,0,3.655,1,0,35101
28,0,3.655,1,0,35101
28,0,3.655,1,0,35101
28,0,3.655,1,0,35101
28,0,3.655,1,0,35101
28,0,3.655,1,0,35101
28,0,3.655,1,0,35101
28,0,3.655,1,0,35101
28,0,3.655,1,0,35101
28,0,3.655,1,0,35101
28,0,3.655,1,0,35101
28,0,3.655,1,0,35101
28,0,3.655,1,0,35101
28,0,3.655,1,0,35101
28,0,3.655,1,0,35101
28,0,3.655,1,0,35101
28,0,3.655,1,0,35101
28,0,3.655,1,0,35101
28,0,3.655,1,0,35101
28,0,3.655,1,0,35101
28,0,3.655,1,0,35101
28,0,3.655,1,0,35101
28,0,3.655,1,0,35101
28,0,3.655,1,0,35101
28,0,3.655,1,0,35101
28,0,3.655,1,0,35101
28,0,3.655,1,0,35101
28,0,3.655,1,0,35101
28,0,3.655,1,0,35101
28,0,3.655,1,0,35101
28,0,3.655,1,0,35101
28,0,3.655,1,0,35101
28,0,3.655,1,0,35101
28,0,3.655,1,0,35101
28,0,3.655,1,0,35101
28,0,3.655,1,0,35101
28,0,3.655,1,0,35101
28,0,3.655,1,0,35101
28,0,3.655,1,0,35101
28,0,3.655,1,0,35101
28,0,3.655,1,0,35101
28,0,3.655,1,0,35101
28,0,3.655,1,0,35101
28,0,3.655,1,0,35101
28,0,3.655,1,0,35101
28,0,3.655,1,0,35101
28,0,3.655,1,0,35101
28,0,3.655,1,0,35101
28,0,3.655,1,0,35101
28,0,3.655,1,0,35101
28,0,3.655,1,0,35101
28,0,3.655,1,0,35101
28,0,3.655,1,0,35101
28,0,3.655,1,0,35101
28,0,3.655,1,0,35101
28,0,3.655,1,0,35101
28,0,3.655,1,0,35101
28,0,3.655,1,0,35101
28,0,3.655,1,0,35101
28,0,3.655,1,0,35101
28,0,3.655,1,0,35101
28,0,3.655,1,0,35101
28,0,3.655,1,0,35101
28,0,3.655,1,0,35101
28,0,3.655,1,0,35101
28,0,3.655,1,0,35101
28,0,3.655,1,0,35101
28,0,3.655,1,0,35101
28,0,3.655,1,0,35101
28,0,3.655,1,0,35101
28,0,3.655,1,0,35101
28,0,3.655,1,0,35101
28,0,3.655,1,0,35101
28,0,3.655,1,0,35101
28,0,3.655,1,0,35101
28,0,3.655,1,0,35101
28,0,3.655,1,0,35101
28,0,3.655,1,0,35101
28,0,3.655,1,0,35101
28,0,3.655,1,0,35101
28,0,3.655,1,0,35101
28,0,3.655,1,0,35101
28,0,3.655,1,0,35101
28,0,3.655,1,0,35101
28,0,3.655,1,0,35101
28,0,3.655,1,0,35101
28,0,3.655,1,0,35101
28,0,3.655,1,0,35101
28,0,3.655,1,0,35101
28,0,3.655,1,0,35101
28,0,3.655,1,0,35101
28,0,3.655,1,0,35101
28,0,3.655,1,0,35101
28,0,3.655,1,0,35101
28,0,3.655,1,0,35101
28,0,3.655,1,0,35101
28,0,3.655,1,0,35101
28,0,3.655,1,0,35101
28,0,3.655,1,0,35101
28,0,3.655,1,0,35101
28,0,3.655,1,0,35101
28,0,3.655,1,0,35101
28,0,3.655,1,0,35101
28,0,3.655,1,0,35101
28,0,3.655,1,0,35101
28,0,3.655,1,0,35101
28,0,3.655,1,0,35101
28,0,3.655,1,0,35101
28,0,3.655,1,0,35101
28,0,3.655,1,0,35101
28,0,3.655,1,0,35101
28,0,3.655,1,0,35101
28,0,3.655,1,0,35101
28,0,3.655,1,0,35101
28,0,3.655,1,0,35101
28,0,3.655,1,0,35101
28,0,3.655,1,0,35101
28,0,3.655,1,0,35101
28,0,3.655,1,0,35101
28,0,3.655,1,0,35101
28,0,3.655,1,0,35101
28,0,3.655,1,0,35101
28,0,3.655,1,0,35101
28,0,3.655,1,0,35101
28,0,3.655,1,0,35101
28,0,3.655,1,0,35101
28,0,3.655,1,0,35101
28,0,3.655,1,0,35101
28,0,3.655,1,0,35101
28,0,3.655,1,0,35101
28,0,3.655,1,0,35101
28,0,3.655,1,0,35101
28,0,3.655,1,0,35101
28,0,3.655,1,0,35101
28,0,3.655,1,0,35101
28,0,3.655,1,0,35101
28,0,3.655,1,0,35101
28,0,3.655,1,0,35101
28,0,3.655,1,0,35101
28,0,3.655,1,0,35101
28,0,3.655,1,0,35101
28,0,3.655,1,0,35101
28,0,3.655,1,0,35101
28,0,3.655,1,0,35101
28,0,3.655,1,0,35101
28,0,3.655,1,0,35101
28,0,3.655,1,0,35101
28,0,3.655,1,0,35101
28,0,3.655,1,0,35101
28,0,3.655,1,0,35101
28,0,3.655,1,0,35101
28,0,3.655,1,0,35101
28,0,3.655,1,0,35101
28,0,3.655,1,0,35101
28,0,3.655,1,0,35101
28,0,3.655,1,0,35101
28,0,3.655,1,0,35101
28,0,3.655,1,0,35101
28,0,3.655,1,0,35101
28,0,3.655,1,0,35101
28,0,3.655,1,0,35101
28,0,3.655,1,0,35101
28,0,3.655,1,0,35101
28,0,3.655,1,0,35101
28,0,3.655,1,0,35101
28,0,3.655,1,0,35101
28,0,3.655,1,0,35101
28,0,3.655,1,0,35101
28,0,3.655,1,0,35101
28,0,3.655,1,0,35101
28,0,3.655,1,0,35101
28,0,3.655,1,0,35101
28,0,3.655,1,0,35101
28,0,3.655,1,0,35101
28,0,3.655,1,0,35101
28,0,3.655,1,0,35101
28,0,3.655,1,0,35101
28,0,3.655,1,0,35101
28,0,3.655,1,0,35101
28,0,3.655,1,0,35101
28,0,3.655,1,0,35101
28,0,3.655,1,0,35101
28,0,3.655,1,0,35101
28,0,3.655,1,0,35101
28,0,3.655,1,0,35101
28,0,3.655,1,0,35101
28,0,3.655,1,0,35101
28,0,3.655,1,0,35101
28,0,3.655,1,0,35101
28,0,3.655,1,0,35101
28,0,3.655,1,0,35101
28,0,3.655,1,0,35101
28,0,3.655,1,0,35101
28,0,3.655,1,0,35101
28,0,3.655,1,0,35101
28,0,3.655,1,0,35101
28,0,3.655,1,0,35101
28,0,3.655,1,0,35101
28,0,3.655,1,0,35101
28,0,3.655,1,0,35101
28,0,3.655,1,0,35101
28,0,3.655,1,0,35101
28,0,3.655,1,0,35101
28,0,3.655,1,0,35101
28,0,3.655,1,0,35101
28,0,3.655,1,0,35101
28,0,3.655,1,0,35101
28,0,3.655,1,0,35101
28,0,3.655,1,0,35101
28,0,3.655,1,0,35101
28,0,3.655,1,0,35101
28,0,3.655,1,0,35101
28,0,3.655,1,0,35101
28,0,3.655,1,0,35101
28,0,3.655,1,0,35101
28,0,3.655,1,0,35101
28,0,3.655,1,0,35101
28,0,3.655,1,0,35101
28,0,3.655,1,0,35101
28,0,3.655,1,0,35101
28,0,3.655,1,0,35101
28,0,3.655,1,0,35101
28,0,3.655,1,0,35101
28,0,3.655,1,0,35101
28,0,3.655,1,0,35101
28,0,3.655,1,0,35101
28,0,3.655,1,0,35101
28,0,3.655,1,0,35101
28,0,3.655,1,0,35101
28,0,3.655,1,0,35101
28,0,3.655,1,0,35101
28,0,3.655,1,0,35101
28,0,3.655,1,0,35101
28,0,3.655,1,0,35101
28,0,3.655,1,0,35101
28,0,3.655,1,0,35101
28,0,3.655,1,0,35101
28,0,3.655,1,0,35101
28,0,3.655,1,0,35101
28,0,3.655,1,0,35101
28,0,3.655,1,0,35101
28,0,3.655,1,0,35101
28,0,3.655,1,0,35101
28,0,3.655,1,0,35101
28,0,3.655,1,0,35101
28,0,3.655,1,0,35101
28,0,3.655,1,0,35101
28,0,3.655,1,0,35101
28,0,3.655,1,0,35101
28,0,3.655,1,0,35101
28,0,3.655,1,0,35101
28,0,3.655,1,0,35101
28,0,3.655,1,0,35101
28,0,3.655,1,0,35101
28,0,3.655,1,0,35101
28,0,3.655,1,0,35101
28,0,3.655,1,0,35101
28,0,3.655,1,0,35101
28,0,3.655,1,0,35101
28,0,3.655,1,0,35101
28,0,3.655,1,0,35101
28,0,3.655,1,0,35101
28,0,3.655,1,0,35101
28,0,3.655,1,0,35101
28,0,3.655,1,0,35101
28,0,3.655,1,0,35101
28,0,3.655,1,0,35101
28,0,3.655,1,0,35101
28,0,3.655,1,0,35101
28,0,3.655,1,0,35101
28,0,3.655,1,0,35101
28,0,3.655,1,0,35101
28,0,3.655,1,0,35101
28,0,3.655,1,0,35101
28,0,3.655,1,0,35101
28,0,3.655,1,0,35101
28,0,3.655,1,0,35101
28,0,3.655,1,0,35101
28,0,3.655,1,0,35101
28,0,3.655,1,0,35101
28,0,3.655,1,0,35101
28,0,3.655,1,0,35101
28,0,3.655,1,0,35101
28,0,3.655,1,0,35101
28,0,3.655,1,0,35101
28,0,3.655,1,0,35101
28,0,3.655,1,0,35101
28,0,3.655,1,0,35101
28,0,3.655,1,0,35101
28,0,3.655,1,0,35101
28,0,3.655,1,0,35101
28,0,3.655,1,0,35101
28,0,3.655,1,0,35101
28,0,3.655,1,0,35101
28,0,3.655,1,0,35101
28,0,3.655,1,0,35101
28,0,3.655,1,0,35101
28,0,3.655,1,0,35101
28,0,3.655,1,0,35101
28,0,3.655,1,0,35101
28,0,3.655,1,0,35101
28,0,3.655,1,0,35101
28,0,3.655,1,0,35101
28,0,3.655,1,0,35101
28,0,3.655,1,0,35101
28,0,3.655,1,0,35101
28,0,3.655,1,0,35101
28,0,3.655,1,0,35101
28,0,3.655,1,0,35101
28,0,3.655,1,0,35101
28,0,3.655,1,0,35101
28,0,3.655,1,0,35101
28,0,3.655,1,0,35101
28,0,3.655,1,0,35101
28,0,3.655,1,0,35101
28,0,3.655,1,0,35101
28,0,3.655,1,0,35101
28,0,3.655,1,0,35101
28,0,3.655,1,0,35101
28,0,3.655,1,0,35101
28,0,3.655,1,0,35101
28,0,3.655,1,0,35101
28,0,3.655,1,0,35101
28,0,3.655,1,0,35101
28,0,3.655,1,0,35101
28,0,3.655,1,0,35101
28,0,3.655,1,0,35101
28,0,3.655,1,0,35101
28,0,3.655,1,0,35101
28,0,3.655,1,0,35101
28,0,3.655,1,0,35101
28,0,3.655,1,0,35101
28,0,3.655,1,0,35101
28,0,3.655,1,0,35101
28,0,3.655,1,0,35101
28,0,3.655,1,0,35101
28,0,3.655,1,0,35101
28,0,3.655,1,0,35101
28,0,3.655,1,0,35101
28,0,3.655,1,0,35101
28,0,3.655,1,0,35101
28,0,3.655,1,0,35101
28,0,3.655,1,0,35101
28,0,3.655,1,0,35101
28,0,3.655,1,0,35101
28,0,3.655,1,0,35101
28,0,3.655,1,0,35101
28,0,3.655,1,0,35101
28,0,3.655,1,0,35101
28,0,3.655,1,0,35101
28,0,3.655,1,0,35101
28,0,3.655,1,0,35101
28,0,3.655,1,0,35101
28,0,3.655,1,0,35101
28,0,3.655,1,0,35101
28,0,3.655,1,0,35101
28,0,3.655,1,0,35101
28,0,3.655,1,0,35101
28,0,3.655,1,0,35101
28,0,3.655,1,0,35101
28,0,3.655,1,0,35101
28,0,3.655,1,0,35101
28,0,3.655,1,0,35101
28,0,3.655,1,0,35101
28,0,3.655,1,0,35101
28,0,3.655,1,0,35101
28,0,3.655,1,0,35101
28,0,3.655,1,0,35101
28,0,3.655,1,0,35101
28,0,3.655,1,0,35101
28,0,3.655,1,0,35101
28,0,3.655,1,0,35101
28,0,3.655,1,0,35101
28,0,3.655,1,0,35101
28,0,3.655,1,0,35101
28,0,3.655,1,0,35101
28,0,3.655,1,0,35101
28,0,3.655,1,0,35101
28,0,3.655,1,0,35101
28,0,3.655,1,0,35101
28,0,3.655,1,0,35101
28,0,3.655,1,0,35101
28,0,3.655,1,0,35101
28,0,3.655,1,0,35101
28,0,3.655,1,0,35101
28,0,3.655,1,0,35101
28,0,3.655,1,0,35101
28,0,3.655,1,0,35101
28,0,3.655,1,0,35101
28,0,3.655,1,0,35101
28,0,3.655,1,0,35101
28,0,3.655,1,0,35101
28,0,3.655,1,0,35101
28,0,3.655,1,0,35101
28,0,3.655,1,0,35101
28,0,3.655,1,0,35101
28,0,3.655,1,0,35101
28,0,3.655,1,0,35101
28,0,3.655,1,0,35101
28,0,3.655,1,0,35101
28,0,3.655,1,0,35101
28,0,3.655,1,0,35101
28,0,3.655,1,0,35101
28,0,3.655,1,0,35101
28,0,3.655,1,0,35101
28,0,3.655,1,0,35101
28,0,3.655,1,0,35101
28,0,3.655,1,0,35101
28,0,3.655,1,0,35101
28,0,3.655,1,0,35101
28,0,3.655,1,0,35101
28,0,3.655,1,0,35101
28,0,3.655,1,0,35101
28,0,3.655,1,0,35101
28,0,3.655,1,0,35101
28,0,3.655,1,0,35101
28,0,3.655,1,0,35101
28,0,3.655,1,0,35101
28,0,3.655,1,0,35101
28,0,3.655,1,0,35101
28,0,3.655,1,0,35101
28,0,3.655,1,0,35101
28,0,3.655,1,0,35101
28,0,3.655,1,0,35101
28,0,3.655,1,0,35101
28,0,3.655,1,0,35101
28,0,3.655,1,0,35101
28,0,3.655,1,0,35101
28,0,3.655,1,0,35101
28,0,3.655,1,0,35101
28,0,3.655,1,0,35101
28,0,3.655,1,0,35101
28,0,3.655,1,0,35101
28,0,3.655,1,0,35101
28,0,3.655,1,0,35101
28,0,3.655,1,0,35101
28,0,3.655,1,0,35101
28,0,3.655,1,0,35101
28,0,3.655,1,0,35101
28,0,3.655,1,0,35101
28,0,3.655,1,0,35101
28,0,3.655,1,0,35101
28,0,3.655,1,0,35101
28,0,3.655,1,0,35101
28,0,3.655,1,0,35101
28,0,3.655,1,0,35101
28,0,3.655,1,0,35101
28,0,3.655,1,0,35101
28,0,3.655,1,0,35101
28,0,3.655,1,0,35101
28,0,3.655,1,0,35101
28,0,3.655,1,0,35101
28,0,3.655,1,0,35101
28,0,3.655,1,0,35101
28,0,3.655,1,0,35101
28,0,3.655,1,0,35101
28,0,3.655,1,0,35101
28,0,3.655,1,0,35101
28,0,3.655,1,0,35101
28,0,3.655,1,0,35101
28,0,3.655,1,0,35101
28,0,3.655,1,0,35101
28,0,3.655,1,0,35101
28,0,3.655,1,0,35101
28,0,3.655,1,0,35101
28,0,3.655,1,0,35101
28,0,3.655,1,0,35101
28,0,3.655,1,0,35101
28,0,3.655,1,0,35101
28,0,3.655,1,0,35101
28,0,3.655,1,0,35101
28,0,3.655,1,0,35101
28,0,3.655,1,0,35101
28,0,3.655,1,0,35101
28,0,3.655,1,0,35101
28,0,3.655,1,0,35101
28,0,3.655,1,0,35101
28,0,3.655,1,0,35101
28,0,3.655,1,0,35101
28,0,3.655,1,0,35101
28,0,3.655,1,0,35101
28,0,3.655,1,0,35101
28,0,3.655,1,0,35101
28,0,3.655,1,0,35101
28,0,3.655,1,0,35101
28,0,3.655,1,0,35101
28,0,3.655,1,0,35101
28,0,3.655,1,0,35101
28,0,3.655,1,0,35101
28,0,3.655,1,0,35101
28,0,3.655,1,0,35101
28,0,3.655,1,0,35101
28,0,3.655,1,0,35101
28,0,3.655,1,0,35101
28,0,3.655,1,0,35101
28,0,3.655,1,0,35101
28,0,3.655,1,0,35101
28,0,3.655,1,0,35101
28,0,3.655,1,0,35101
28,0,3.655,1,0,35101
28,0,3.655,1,0,35101
28,0,3.655,1,0,35101
28,0,3.655,1,0,35101
28,0,3.655,1,0,35101
28,0,3.655,1,0,35101
28,0,3.655,1,0,35101
28,0,3.655,1,0,35101
28,0,3.655,1,0,35101
28,0,3.655,1,0,35101
28,0,3.655,1,0,35101
28,0,3.655,1,0,35101
28,0,3.655,1,0,35101
28,0,3.655,1,0,35101
28,0,3.655,1,0,35101
28,0,3.655,1,0,35101
28,0,3.655,1,0,35101
28,0,3.655,1,0,35101
28,0,3.655,1,0,35101
28,0,3.655,1,0,35101
28,0,3.655,1,0,35101
28,0,3.655,1,0,35101
28,0,3.655,1,0,35101
28,0,3.655,1,0,35101
28,0,3.655,1,0,35101
28,0,3.655,1,0,35101
28,0,3.655,1,0,35101
28,0,3.655,1,0,35101
28,0,3.655,1,0,35101
28,0,3.655,1,0,35101
28,0,3.655,1,0,35101
28,0,3.655,1,0,35101
28,0,3.655,1,0,35101
28,0,3.655,1,0,35101
28,0,3.655,1,0,35101
28,0,3.655,1,0,35101
28,0,3.655,1,0,35101
28,0,3.655,1,0,35101
28,0,3.655,1,0,35101
28,0,3.655,1,0,35101
28,0,3.655,1,0,35101
28,0,3.655,1,0,35101
28,0,3.655,1,0,35101
28,0,3.655,1,0,35101
28,0,3.655,1,0,35101
28,0,3.655,1,0,35101
28,0,3.655,1,0,35101
28,0,3.655,1,0,35101
28,0,3.655,1,0,35101
28,0,3.655,1,0,35101
28,0,3.655,1,0,35101
28,0,3.655,1,0,35101
28,0,3.655,1,0,35101
28,0,3.655,1,0,35101
28,0,3.655,1,0,35101
28,0,3.655,1,0,35101
28,0,3.655,1,0,35101
28,0,3.655,1,0,35101
28,0,3.655,1,0,35101
28,0,3.655,1,0,35101
28,0,3.655,1,0,35101
28,0,3.655,1,0,35101
28,0,3.655,1,0,35101
28,0,3.655,1,0,35101
28,0,3.655,1,0,35101
28,0,3.655,1,0,35101
28,0,3.655,1,0,35101
28,0,3.655,1,0,35101
28,0,3.655,1,0,35101
28,0,3.655,1,0,35101
28,0,3.655,1,0,35101
28,0,3.655,1,0,35101
28,0,3.655,1,0,35101
28,0,3.655,1,0,35101
28,0,3.655,1,0,35101
28,0,3.655,1,0,35101
28,0,3.655,1,0,35101
28,0,3.655,1,0,35101
28,0,3.655,1,0,35101
28,0,3.655,1,0,35101
28,0,3.655,1,0,35101
28,0,3.655,1,0,35101
28,0,3.655,1,0,35101
28,0,3.655,1,0,35101
28,0,3.655,1,0,35101
28,0,3.655,1,0,35101
28,0,3.655,1,0,35101
28,0,3.655,1,0,35101
28,0,3.655,1,0,35101
28,0,3.655,1,0,35101
28,0,3.655,1,0,35101
28,0,3.655,1,0,35101
28,0,3.655,1,0,35101
28,0,3.655,1,0,35101
28,0,3.655,1,0,35101
28,0,3.655,1,0,35101
28,0,3.655,1,0,35101
28,0,3.655,1,0,35101
28,0,3.655,1,0,35101
28,0,3.655,1,0,35101
28,0,3.655,1,0,35101
28,0,3.655,1,0,35101
28,0,3.655,1,0,35101
28,0,3.655,1,0,35101
28,0,3.655,1,0,35101
28,0,3.655,1,0,35101
28,0,3.655,1,0,35101
28,0,3.655,1,0,35101
28,0,3.655,1,0,35101
28,0,3.655,1,0,35101
28,0,3.655,1,0,35101
28,0,3.655,1,0,35101
28,0,3.655,1,0,35101
28,0,3.655,1,0,35101
28,0,3.655,1,0,35101
28,0,3.655,1,0,35101
28,0,3.655,1,0,35101
28,0,3.655,1,0,35101
28,0,3.655,1,0,35101
28,0,3.655,1,0,35101
28,0,3.655,1,0,35101
28,0,3.655,1,0,35101
28,0,3.655,1,0,35101
28,0,3.655,1,0,35101
28,0,3.655,1,0,35101
28,0,3.655,1,0,35101
28,0,3.655,1,0,35101
28,0,3.655,1,0,35101
28,0,3.655,1,0,35101
28,0,3.655,1,0,35101
28,0,3.655,1,0,35101
28,0,3.655,1,0,35101
28,0,3.655,1,0,35101
28,0,3.655,1,0,35101
28,0,3.655,1,0,35101
28,0,3.655,1,0,35101
28,0,3.655,1,0,35101
28,0,3.655,1,0,35101
28,0,3.655,1,0,35101
28,0,3.655,1,0,35101
28,0,3.655,1,0,35101
28,0,3.655,1,0,35101
28,0,3.655,1,0,35101
28,0,3.655,1,0,35101
28,0,3.655,1,0,35101
28,0,3.655,1,0,35101
28,0,3.655,1,0,35101
28,0,3.655,1,0,35101
28,0,3.655,1,0,35101
28,0,3.655,1,0,35101
28,0,3.655,1,0,35101
28,0,3.655,1,0,35101
28,0,3.655,1,0,35101
28,0,3.655,1,0,35101
28,0,3.655,1,0,35101
28,0,3.655,1,0,35101
28,0,3.655,1,0,35101
28,0,3.655,1,0,35101
28,0,3.655,1,0,35101
28,0,3.655,1,0,35101
28,0,3.655,1,0,35101
28,0,3.655,1,0,35101
28,0,3.655,1,0,35101
28,0,3.655,1,0,35101
28,0,3.655,1,0,35101
28,0,3.655,1,0,35101
28,0,3.655,1,0,35101
28,0,3.655,1,0,35101
28,0,3.655,1,0,35101
28,0,3.655,1,0,35101
28,0,3.655,1,0,35101
28,0,3.655,1,0,35101
28,0,3.655,1,0,35101
28,0,3.655,1,0,35101
28,0,3.655,1,0,35101
28,0,3.655,1,0,35101
28,0,3.655,1,0,35101
28,0,3.655,1,0,35101
28,0,3.655,1,0,35101
28,0,3.655,1,0,35101
28,0,3.655,1,0,35101
28,0,3.655,1,0,35101
28,0,3.655,1,0,35101
28,0,3.655,1,0,35101
28,0,3.655,1,0,35101
28,0,3.655,1,0,35101
28,0,3.655,1,0,35101
28,0,3.655,1,0,35101
28,0,3.655,1,0,35101
28,0,3.655,1,0,35101
28,0,3.655,1,0,35101
28,0,3.655,1,0,35101
28,0,3.655,1,0,35101
28,0,3.655,1,0,35101
28,0,3.655,1,0,35101
28,0,3.655,1,0,35101
28,0,3.655,1,0,35101
28,0,3.655,1,0,35101
28,0,3.655,1,0,35101
28,0,3.655,1,0,35101
28,0,3.655,1,0,35101
28,0,3.655,1,0,35101
28,0,3.655,1,0,35101
28,0,3.655,1,0,35101
28,0,3.655,1,0,35101
28,0,3.655,1,0,35101
28,0,3.655,1,0,35101
28,0,3.655,1,0,35101
28,0,3.655,1,0,35101
28,0,3.655,1,0,35101
28,0,3.655,1,0,35101
28,0,3.655,1,0,35101
28,0,3.655,1,0,35101
28,0,3.655,1,0,35101
28,0,3.655,1,0,35101
28,0,3.655,1,0,35101
28,0,3.655,1,0,35101
28,0,3.655,1,0,35101
28,0,3.655,1,0,35101
28,0,3.655,1,0,35101
28,0,3.655,1,0,35101
28,0,3.655,1,0,35101
28,0,3.655,1,0,35101
28,0,3.655,1,0,35101
28,0,3.655,1,0,35101
28,0,3.655,1,0,35101
28,0,3.655,1,0,35101
28,0,3.655,1,0,35101
28,0,3.655,1,0,35101
28,0,3.655,1,0,35101
28,0,3.655,1,0,35101
28,0,3.655,1,0,35101
28,0,3.655,1,0,35101
28,0,3.655,1,0,35101
28,0,3.655,1,0,35101
28,0,3.655,1,0,35101
28,0,3.655,1,0,35101
28,0,3.655,1,0,35101
28,0,3.655,1,0,35101
28,0,3.655,1,0,35101
28,0,3.655,1,0,35101
28,0,3.655,1,0,35101
28,0,3.655,1,0,35101
28,0,3.655,1,0,35101
28,0,3.655,1,0,35101
28,0,3.655,1,0,35101
28,0,3.655,1,0,35101
28,0,3.655,1,0,35101
28,0,3.655,1,0,35101
28,0,3.655,1,0,35101
28,0,3.655,1,0,35101
28,0,3.655,1,0,35101
28,0,3.655,1,0,35101
28,0,3.655,1,0,35101
28,0,3.655,1,0,35101
28,0,3.655,1,0,35101
28,0,3.655,1,0,35101
28,0,3.655,1,0,35101
28,0,3.655,1,0,35101
28,0,3.655,1,0,35101
28,0,3.655,1,0,35101
28,0,3.655,1,0,35101
28,0,3.655,1,0,35101
28,0,3.655,1,0,35101
28,0,3.655,1,0,35101
28,0,3.655,1,0,35101
28,0,3.655,1,0,35101
28,0,3.655,1,0,35101
28,0,3.655,1,0,35101
28,0,3.655,1,0,35101
28,0,3.655,1,0,35101
28,0,3.655,1,0,35101
28,0,3.655,1,0,35101
28,0,3.655,1,0,35101
28,0,3.655,1,0,35101
28,0,3.655,1,0,35101
28,0,3.655,1,0,35101
28,0,3.655,1,0,35101
28,0,3.655,1,0,35101
28,0,3.655,1,0,35101
28,0,3.655,1,0,35101
28,0,3.655,1,0,35101
28,0,3.655,1,0,35101
28,0,3.655,1,0,35101
28,0,3.655,1,0,35101
28,0,3.655,1,0,35101
28,0,3.655,1,0,35101
28,0,3.655,1,0,35101
28,0,3.655,1,0,35101
28,0,3.655,1,0,35101
28,0,3.655,1,0,35101
28,0,3.655,1,0,35101
28,0,3.655,1,0,35101
28,0,3.655,1,0,35101
28,0,3.655,1,0,35101
28,0,3.655,1,0,35101
28,0,3.655,1,0,35101
28,0,3.655,1,0,35101
28,0,3.655,1,0,35101
28,0,3.655,1,0,35101
28,0,3.655,1,0,35101
28,0,3.655,1,0,35101
28,0,3.655,1,0,35101
28,0,3.655,1,0,35101
28,0,3.655,1,0,35101
28,0,3.655,1,0,35101
28,0,3.655,1,0,35101
28,0,3.655,1,0,35101
28,0,3.655,1,0,35101
28,0,3.655,1,0,35101
28,0,3.655,1,0,35101
28,0,3.655,1,0,35101
28,0,3.655,1,0,35101
28,0,3.655,1,0,35101
28,0,3.655,1,0,35101
28,0,3.655,1,0,35101
28,0,3.655,1,0,35101
28,0,3.655,1,0,35101
28,0,3.655,1,0,35101
28,0,3.655,1,0,35101
28,0,3.655,1,0,35101
28,0,3.655,1,0,35101
28,0,3.655,1,0,35101
28,0,3.655,1,0,35101
28,0,3.655,1,0,35101
28,0,3.655,1,0,35101
28,0,3.655,1,0,35101
28,0,3.655,1,0,35101
28,0,3.655,1,0,35101
28,0,3.655,1,0,35101
28,0,3.655,1,0,35101
28,0,3.655,1,0,35101
28,0,3.655,1,0,35101
28,0,3.655,1,0,35101
28,0,3.655,1,0,35101
28,0,3.655,1,0,35101
28,0,3.655,1,0,35101
28,0,3.655,1,0,35101
28,0,3.655,1,0,35101
28,0,3.655,1,0,35101
28,0,3.655,1,0,35101
28,0,3.655,1,0,35101
28,0,3.655,1,0,35101
28,0,3.655,1,0,35101
28,0,3.655,1,0,35101
28,0,3.655,1,0,35101
28,0,3.655,1,0,35101
28,0,3.655,1,0,35101
28,0,3.655,1,0,35101
28,0,3.655,1,0,35101
28,0,3.655,1,0,35101
28,0,3.655,1,0,35101
28,0,3.655,1,0,35101
28,0,3.655,1,0,35101
28,0,3.655,1,0,35101
28,0,3.655,1,0,35101
28,0,3.655,1,0,35101
28,0,3.655,1,0,35101
28,0,3.655,1,0,35101
28,0,3.655,1,0,35101
28,0,3.655,1,0,35101
28,0,3.655,1,0,35101
28,0,3.655,1,0,35101
28,0,3.655,1,0,35101
28,0,3.655,1,0,35101
28,0,3.655,1,0,35101
28,0,3.655,1,0,35101
28,0,3.655,1,0,35101
28,0,3.655,1,0,35101
28,0,3.655,1,0,35101
28,0,3.655,1,0,35101
28,0,3.655,1,0,35101
28,0,3.655,1,0,35101
28,0,3.655,1,0,35101
28,0,3.655,1,0,35101
28,0,3.655,1,0,35101
28,0,3.655,1,0,35101
28,0,3.655,1,0,35101
28,0,3.655,1,0,35101
28,0,3.655,1,0,35101
28,0,3.655,1,0,35101
28,0,3.655,1,0,35101
28,0,3.655,1,0,35101
28,0,3.655,1,0,35101
28,0,3.655,1,0,35101
28,0,3.655,1,0,35101
28,0,3.655,1,0,35101
28,0,3.655,1,0,35101
28,0,3.655,1,0,35101
28,0,3.655,1,0,35101
28,0,3.655,1,0,35101
28,0,3.655,1,0,35101
28,0,3.655,1,0,35101
28,0,3.655,1,0,35101
28,0,3.655,1,0,35101
28,0,3.655,1,0,35101
28,0,3.655,1,0,35101
28,0,3.655,1,0,35101
28,0,3.655,1,0,35101
28,0,3.655,1,0,35101
28,0,3.655,1,0,35101
28,0,3.655,1,0,35101
28,0,3.655,1,0,35101
28,0,3.655,1,0,35101
28,0,3.655,1,0,35101
28,0,3.655,1,0,35101
28,0,3.655,1,0,35101
28,0,3.655,1,0,35101
28,0,3.655,1,0,35101
28,0,3.655,1,0,35101
28,0,3.655,1,0,35101
28,0,3.655,1,0,35101
28,0,3.655,1,0,35101
28,0,3.655,1,0,35101
28,0,3.655,1,0,35101
28,0,3.655,1,0,35101
28,0,3.655,1,0,35101
28,0,3.655,1,0,35101
28,0,3.655,1,0,35101
28,0,3.655,1,0,35101
28,0,3.655,1,0,35101
28,0,3.655,1,0,35101
28,0,3.655,1,0,35101
28,0,3.655,1,0,35101
28,0,3.655,1,0,35101
28,0,3.655,1,0,35101
28,0,3.655,1,0,35101
28,0,3.655,1,0,35101
28,0,3.655,1,0,35101
28,0,3.655,1,0,35101
28,0,3.655,1,0,35101
28,0,3.655,1,0,35101
28,0,3.655,1,0,35101
28,0,3.655,1,0,35101
28,0,3.655,1,0,35101
28,0,3.655,1,0,35101
28,0,3.655,1,0,35101
28,0,3.655,1,0,35101
28,0,3.655,1,0,35101
28,0,3.655,1,0,35101
28,0,3.655,1,0,35101
28,0,3.655,1,0,35101
28,0,3.655,1,0,35101
28,0,3.655,1,0,35101
28,0,3.655,1,0,35101
28,0,3.655,1,0,35101
28,0,3.655,1,0,35101
28,0,3.655,1,0,35101
28,0,3.655,1,0,35101
28,0,3.655,1,0,35101
28,0,3.655,1,0,35101
28,0,3.655,1,0,35101
28,0,3.655,1,0,35101
28,0,3.655,1,0,35101
28,0,3.655,1,0,35101
28,0,3.655,1,0,35101
28,0,3.655,1,0,35101
28,0,3.655,1,0,35101
28,0,3.655,1,0,35101
28,0,3.655,1,0,35101
28,0,3.655,1,0,35101
28,0,3.655,1,0,35101
28,0,3.655,1,0,35101
28,0,3.655,1,0,35101
28,0,3.655,1,0,35101
28,0,3.655,1,0,35101
28,0,3.655,1,0,35101
28,0,3.655,1,0,35101
28,0,3.655,1,0,35101
28,0,3.655,1,0,35101
28,0,3.655,1,0,35101
28,0,3.655,1,0,35101
28,0,3.655,1,0,35101
28,0,3.655,1,0,35101
28,0,3.655,1,0,35101
28,0,3.655,1,0,35101
28,0,3.655,1,0,35101
28,0,3.655,1,0,35101
28,0,3.655,1,0,35101
28,0,3.655,1,0,35101
28,0,3.655,1,0,35101
28,0,3.655,1,0,35101
28,0,3.655,1,0,35101
28,0,3.655,1,0,35101
28,0,3.655,1,0,35101
28,0,3.655,1,0,35101
28,0,3.655,1,0,35101
28,0,3.655,1,0,35101
28,0,3.655,1,0,35101
28,0,3.655,1,0,35101
28,0,3.655,1,0,35101
28,0,3.655,1,0,35101
28,0,3.655,1,0,35101
28,0,3.655,1,0,35101
28,0,3.655,1,0,35101
28,0,3.655,1,0,35101
28,0,3.655,1,0,35101
28,0,3.655,1,0,35101
28,0,3.655,1,0,35101
28,0,3.655,1,0,35101
28,0,3.655,1,0,35101
28,0,3.655,1,0,35101
28,0,3.655,1,0,35101
28,0,3.655,1,0,35101
28,0,3.655,1,0,35101
28,0,3.655,1,0,35101
28,0,3.655,1,0,35101
28,0,3.655,1,0,35101
28,0,3.655,1,0,35101
28,0,3.655,1,0,35101
28,0,3.655,1,0,35101
28,0,3.655,1,0,35101
28,0,3.655,1,0,35101
28,0,3.655,1,0,35101
28,0,3.655,1,0,35101
28,0,3.655,1,0,35101
28,0,3.655,1,0,35101
28,0,3.655,1,0,35101
28,0,3.655,1,0,35101
28,0,3.655,1,0,35101
28,0,3.655,1,0,35101
28,0,3.655,1,0,35101
28,0,3.655,1,0,35101
28,0,3.655,1,0,35101
28,0,3.655,1,0,35101
28,0,3.655,1,0,35101
28,0,3.655,1,0,35101
28,0,3.655,1,0,35101
28,0,3.655,1,0,35101
28,0,3.655,1,0,35101
28,0,3.655,1,0,35101
28,0,3.655,1,0,35101
28,0,3.655,1,0,35101
28,0,3.655,1,0,35101
28,0,3.655,1,0,35101
28,0,3.655,1,0,35101
28,0,3.655,1,0,35101
28,0,3.655,1,0,35101
28,0,3.655,1,0,35101
28,0,3.655,1,0,35101
28,0,3.655,1,0,35101
28,0,3.655,1,0,35101
28,0,3.655,1,0,35101
28,0,3.655,1,0,35101
28,0,3.655,1,0,35101
28,0,3.655,1,0,35101
28,0,3.655,1,0,35101
28,0,3.655,1,0,35101
28,0,3.655,1,0,35101
28,0,3.655,1,0,35101
28,0,3.655,1,0,35101
28,0,3.655,1,0,35101
28,0,3.655,1,0,35101
28,0,3.655,1,0,35101
28,0,3.655,1,0,35101
28,0,3.655,1,0,35101
28,0,3.655,1,0,35101
28,0,3.655,1,0,35101
28,0,3.655,1,0,35101
28,0,3.655,1,0,35101
28,0,3.655,1,0,35101
28,0,3.655,1,0,35101
28,0,3.655,1,0,35101
28,0,3.655,1,0,35101
28,0,3.655,1,0,35101
28,0,3.655,1,0,35101
28,0,3.655,1,0,35101
28,0,3.655,1,0,35101
28,0,3.655,1,0,35101
28,0,3.655,1,0,35101
28,0,3.655,1,0,35101
28,0,3.655,1,0,35101
28,0,3.655,1,0,35101
28,0,3.655,1,0,35101
28,0,3.655,1,0,35101
28,0,3.655,1,0,35101
28,0,3.655,1,0,35101
28,0,3.655,1,0,35101
28,0,3.655,1,0,35101
28,0,3.655,1,0,35101
28,0,3.655,1,0,35101
28,0,3.655,1,0,35101
28,0,3.655,1,0,35101
28,0,3.655,1,0,35101
28,0,3.655,1,0,35101
28,0,3.655,1,0,35101
28,0,3.655,1,0,35101
28,0,3.655,1,0,35101
28,0,3.655,1,0,35101
28,0,3.655,1,0,35101
28,0,3.655,1,0,35101
28,0,3.655,1,0,35101
28,0,3.655,1,0,35101
28,0,3.655,1,0,35101
28,0,3.655,1,0,35101
28,0,3.655,1,0,35101
28,0,3.655,1,0,35101
28,0,3.655,1,0,35101
28,0,3.655,1,0,35101
28,0,3.655,1,0,35101
28,0,3.655,1,0,35101
28,0,3.655,1,0,35101
28,0,3.655,1,0,35101
28,0,3.655,1,0,35101
28,0,3.655,1,0,35101
28,0,3.655,1,0,35101
28,0,3.655,1,0,35101
28,0,3.655,1,0,35101
28,0,3.655,1,0,35101
28,0,3.655,1,0,35101
28,0,3.655,1,0,35101
28,0,3.655,1,0,35101
28,0,3.655,1,0,35101
28,0,3.655,1,0,35101
28,0,3.655,1,0,35101
28,0,3.655,1,0,35101
28,0,3.655,1,0,35101
28,0,3.655,1,0,35101
28,0,3.655,1,0,35101
28,0,3.655,1,0,35101
28,0,3.655,1,0,35101
28,0,3.655,1,0,35101
28,0,3.655,1,0,35101
28,0,3.655,1,0,35101
28,0,3.655,1,0,35101
28,0,3.655,1,0,35101
28,0,3.655,1,0,35101
28,0,3.655,1,0,35101
28,0,3.655,1,0,35101
28,0,3.655,1,0,35101
28,0,3.655,1,0,35101
28,0,3.655,1,0,35101
28,0,3.655,1,0,35101
28,0,3.655,1,0,35101
28,0,3.655,1,0,35101
28,0,3.655,1,0,35101
28,0,3.655,1,0,35101
28,0,3.655,1,0,35101
28,0,3.655,1,0,35101
28,0,3.655,1,0,35101
28,0,3.655,1,0,35101
28,0,3.655,1,0,35101
28,0,3.655,1,0,35101
28,0,3.655,1,0,35101
28,0,3.655,1,0,35101
28,0,3.655,1,0,35101
28,0,3.655,1,0,35101
28,0,3.655,1,0,35101
28,0,3.655,1,0,35101
28,0,3.655,1,0,35101
28,0,3.655,1,0,35101
28,0,3.655,1,0,35101
28,0,3.655,1,0,35101
28,0,3.655,1,0,35101
28,0,3.655,1,0,35101
28,0,3.655,1,0,35101
28,0,3.655,1,0,35101
28,0,3.655,1,0,35101
28,0,3.655,1,0,35101
28,0,3.655,1,0,35101
28,0,3.655,1,0,35101
28,0,3.655,1,0,35101
28,0,3.655,1,0,35101
28,0,3.655,1,0,35101
28,0,3.655,1,0,35101
28,0,3.655,1,0,35101
28,0,3.655,1,0,35101
28,0,3.655,1,0,35101
28,0,3.655,1,0,35101
28,0,3.655,1,0,35101
28,0,3.655,1,0,35101
28,0,3.655,1,0,35101
28,0,3.655,1,0,35101
28,0,3.655,1,0,35101
28,0,3.655,1,0,35101
28,0,3.655,1,0,35101
28,0,3.655,1,0,35101
28,0,3.655,1,0,35101
28,0,3.655,1,0,35101
28,0,3.655,1,0,35101
28,0,3.655,1,0,35101
28,0,3.655,1,0,35101
28,0,3.655,1,0,35101
28,0,3.655,1,0,35101
28,0,3.655,1,0,35101
28,0,3.655,1,0,35101
28,0,3.655,1,0,35101
28,0,3.655,1,0,35101
28,0,3.655,1,0,35101
28,0,3.655,1,0,35101
28,0,3.655,1,0,35101
28,0,3.655,1,0,35101
28,0,3.655,1,0,35101
28,0,3.655,1,0,35101
28,0,3.655,1,0,35101
28,0,3.655,1,0,35101
28,0,3.655,1,0,35101
28,0,3.655,1,0,35101
28,0,3.655,1,0,35101
28,0,3.655,1,0,35101
28,0,3.655,1,0,35101
28,0,3.655,1,0,35101
28,0,3.655,1,0,35101
28,0,3.655,1,0,35101
28,0,3.655,1,0,35101
28,0,3.655,1,0,35101
28,0,3.655,1,0,35101
28,0,3.655,1,0,35101
28,0,3.655,1,0,35101
28,0,3.655,1,0,35101
28,0,3.655,1,0,35101
28,0,3.655,1,0,35101
28,0,3.655,1,0,35101
28,0,3.655,1,0,35101
28,0,3.655,1,0,35101
28,0,3.655,1,0,35101
28,0,3.655,1,0,35101
28,0,3.655,1,0,35101
28,0,3.655,1,0,35101
28,0,3.655,1,0,35101
28,0,3.655,1,0,35101
28,0,3.655,1,0,35101
28,0,3.655,1,0,35101
28,0,3.655,1,0,35101
28,0,3.655,1,0,35101
28,0,3.655,1,0,35101
28,0,3.655,1,0,35101
28,0,3.655,1,0,35101
28,0,3.655,1,0,35101
28,0,3.655,1,0,35101
28,0,3.655,1,0,35101
28,0,3.655,1,0,35101
28,0,3.655,1,0,35101
28,0,3.655,1,0,35101
28,0,3.655,1,0,35101
28,0,3.655,1,0,35101
28,0,3.655,1,0,35101
28,0,3.655,1,0,35101
28,0,3.655,1,0,35101
28,0,3.655,1,0,35101
28,0,3.655,1,0,35101
28,0,3.655,1,0,35101
28,0,3.655,1,0,35101
28,0,3.655,1,0,35101
28,0,3.655,1,0,35101
28,0,3.655,1,0,35101
28,0,3.655,1,0,35101
28,0,3.655,1,0,35101
28,0,3.655,1,0,35101
28,0,3.655,1,0,35101
28,0,3.655,1,0,35101
28,0,3.655,1,0,35101
28,0,3.655,1,0,35101
28,0,3.655,1,0,35101
28,0,3.655,1,0,35101
28,0,3.655,1,0,35101
28,0,3.655,1,0,35101
28,0,3.655,1,0,35101
28,0,3.655,1,0,35101
28,0,3.655,1,0,35101
28,0,3.655,1,0,35101
28,0,3.655,1,0,35101
28,0,3.655,1,0,35101
28,0,3.655,1,0,35101
28,0,3.655,1,0,35101
28,0,3.655,1,0,35101
28,0,3.655,1,0,35101
28,0,3.655,1,0,35101
28,0,3.655,1,0,35101
28,0,3.655,1,0,35101
28,0,3.655,1,0,35101
28,0,3.655,1,0,35101
28,0,3.655,1,0,35101
28,0,3.655,1,0,35101
28,0,3.655,1,0,35101
28,0,3.655,1,0,35101
28,0,3.655,1,0,35101
28,0,3.655,1,0,35101
28,0,3.655,1,0,35101
28,0,3.655,1,0,35101
28,0,3.655,1,0,35101
28,0,3.655,1,0,35101
28,0,3.655,1,0,35101
28,0,3.655,1,0,35101
28,0,3.655,1,0,35101
28,0,3.655,1,0,35101
28,0,3.655,1,0,35101
28,0,3.655,1,0,35101
28,0,3.655,1,0,35101
28,0,3.655,1,0,35101
28,0,3.655,1,0,35101
28,0,3.655,1,0,35101
28,0,3.655,1,0,35101
28,0,3.655,1,0,35101
28,0,3.655,1,0,35101
28,0,3.655,1,0,35101
28,0,3.655,1,0,35101
28,0,3.655,1,0,35101
28,0,3.655,1,0,35101
28,0,3.655,1,0,35101
28,0,3.655,1,0,35101
28,0,3.655,1,0,35101
28,0,3.655,1,0,35101
28,0,3.655,1,0,35101
28,0,3.655,1,0,35101
28,0,3.655,1,0,35101
28,0,3.655,1,0,35101
28,0,3.655,1,0,35101
28,0,3.655,1,0,35101
28,0,3.655,1,0,35101
28,0,3.655,1,0,35101
28,0,3.655,1,0,35101
28,0,3.655,1,0,35101
28,0,3.655,1,0,35101
28,0,3.655,1,0,35101
28,0,3.655,1,0,35101
28,0,3.655,1,0,35101
28,0,3.655,1,0,35101
28,0,3.655,1,0,35101
28,0,3.655,1,0,35101
28,0,3.655,1,0,35101
28,0,3.655,1,0,35101
28,0,3.655,1,0,35101
28,0,3.655,1,0,35101
28,0,3.655,1,0,35101
28,0,3.655,1,0,35101
28,0,3.655,1,0,35101
28,0,3.655,1,0,35101
28,0,3.655,1,0,35101
28,0,3.655,1,0,35101
28,0,3.655,1,0,35101
28,0,3.655,1,0,35101
28,0,3.655,1,0,35101
28,0,3.655,1,0,35101
28,0,3.655,1,0,35101
28,0,3.655,1,0,35101
28,0,3.655,1,0,35101
28,0,3.655,1,0,35101
28,0,3.655,1,0,35101
28,0,3.655,1,0,35101
28,0,3.655,1,0,35101
28,0,3.655,1,0,35101
28,0,3.655,1,0,35101
28,0,3.655,1,0,35101
28,0,3.655,1,0,35101
28,0,3.655,1,0,35101
28,0,3.655,1,0,35101
28,0,3.655,1,0,35101
28,0,3.655,1,0,35101
28,0,3.655,1,0,35101
28,0,3.655,1,0,35101
28,0,3.655,1,0,35101
28,0,3.655,1,0,35101
28,0,3.655,1,0,35101
28,0,3.655,1,0,35101
28,0,3.655,1,0,35101
28,0,3.655,1,0,35101
28,0,3.655,1,0,35101
28,0,3.655,1,0,35101
28,0,3.655,1,0,35101
28,0,3.655,1,0,35101
28,0,3.655,1,0,35101
28,0,3.655,1,0,35101
28,0,3.655,1,0,35101
28,0,3.655,1,0,35101
28,0,3.655,1,0,35101
28,0,3.655,1,0,35101
28,0,3.655,1,0,35101
28,0,3.655,1,0,35101
28,0,3.655,1,0,35101
28,0,3.655,1,0,35101
28,0,3.655,1,0,35101
28,0,3.655,1,0,35101
28,0,3.655,1,0,35101
28,0,3.655,1,0,35101
28,0,3.655,1,0,35101
28,0,3.655,1,0,35101
28,0,3.655,1,0,35101
28,0,3.655,1,0,35101
28,0,3.655,1,0,35101
28,0,3.655,1,0,35101
28,0,3.655,1,0,35101
28,0,3.655,1,0,35101
28,0,3.655,1,0,35101
28,0,3.655,1,0,35101
28,0,3.655,1,0,35101
28,0,3.655,1,0,35101
28,0,3.655,1,0,35101
28,0,3.655,1,0,35101
28,0,3.655,1,0,35101
28,0,3.655,1,0,35101
28,0,3.655,1,0,35101
28,0,3.655,1,0,35101
28,0,3.655,1,0,35101
28,0,3.655,1,0,35101
28,0,3.655,1,0,35101
28,0,3.655,1,0,35101
28,0,3.655,1,0,35101
28,0,3.655,1,0,35101
28,0,3.655,1,0,35101
28,0,3.655,1,0,35101
28,0,3.655,1,0,35101
28,0,3.655,1,0,35101
28,0,3.655,1,0,35101
28,0,3.655,1,0,35101
28,0,3.655,1,0,35101
28,0,3.655,1,0,35101
28,0,3.655,1,0,35101
28,0,3.655,1,0,35101
28,0,3.655,1,0,35101
28,0,3.655,1,0,35101
28,0,3.655,1,0,35101
28,0,3.655,1,0,35101
28,0,3.655,1,0,35101
28,0,3.655,1,0,35101
28,0,3.655,1,0,35101
28,0,3.655,1,0,35101
28,0,3.655,1,0,35101
28,0,3.655,1,0,35101
28,0,3.655,1,0,35101
28,0,3.655,1,0,35101
28,0,3.655,1,0,35101
28,0,3.655,1,0,35101
28,0,3.655,1,0,35101
28,0,3.655,1,0,35101
28,0,3.655,1,0,35101
28,0,3.655,1,0,35101
28,0,3.655,1,0,35101
28,0,3.655,1,0,35101
28,0,3.655,1,0,35101
28,0,3.655,1,0,35101
28,0,3.655,1,0,35101
28,0,3.655,1,0,35101
28,0,3.655,1,0,35101
28,0,3.655,1,0,35101
28,0,3.655,1,0,35101
28,0,3.655,1,0,35101
28,0,3.655,1,0,35101
28,0,3.655,1,0,35101
28,0,3.655,1,0,35101
28,0,3.655,1,0,35101
28,0,3.655,1,0,35101
28,0,3.655,1,0,35101
28,0,3.655,1,0,35101
28,0,3.655,1,0,35101
28,0,3.655,1,0,35101
28,0,3.655,1,0,35101
28,0,3.655,1,0,35101
28,0,3.655,1,0,35101
28,0,3.655,1,0,35101
28,0,3.655,1,0,35101
28,0,3.655,1,0,35101
28,0,3.655,1,0,35101
28,0,3.655,1,0,35101
28,0,3.655,1,0,35101
28,0,3.655,1,0,35101
28,0,3.655,1,0,35101
28,0,3.655,1,0,35101
28,0,3.655,1,0,35101
28,0,3.655,1,0,35101
28,0,3.655,1,0,35101
28,0,3.655,1,0,35101
28,0,3.655,1,0,35101
28,0,3.655,1,0,35101
28,0,3.655,1,0,35101
28,0,3.655,1,0,35101
28,0,3.655,1,0,35101
28,0,3.655,1,0,35101
28,0,3.655,1,0,35101
28,0,3.655,1,0,35101
28,0,3.655,1,0,35101
28,0,3.655,1,0,35101
28,0,3.655,1,0,35101
28,0,3.655,1,0,35101
28,0,3.655,1,0,35101
28,0,3.655,1,0,35101
28,0,3.655,1,0,35101
28,0,3.655,1,0,35101
28,0,3.655,1,0,35101
28,0,3.655,1,0,35101
28,0,3.655,1,0,35101
28,0,3.655,1,0,35101
28,0,3.655,1,0,35101
28,0,3.655,1,0,35101
28,0,3.655,1,0,35101
28,0,3.655,1,0,35101
28,0,3.655,1,0,35101
28,0,3.655,1,0,35101
28,0,3.655,1,0,35101
28,0,3.655,1,0,35101
28,0,3.655,1,0,35101
28,0,3.655,1,0,35101
28,0,3.655,1,0,35101
28,0,3.655,1,0,35101
28,0,3.655,1,0,35101
28,0,3.655,1,0,35101
28,0,3.655,1,0,35101
28,0,3.655,1,0,35101
28,0,3.655,1,0,35101
28,0,3.655,1,0,35101
28,0,3.655,1,0,35101
28,0,3.655,1,0,35101
28,0,3.655,1,0,35101
28,0,3.655,1,0,35101
28,0,3.655,1,0,35101
28,0,3.655,1,0,35101
28,0,3.655,1,0,35101
28,0,3.655,1,0,35101
28,0,3.655,1,0,35101
28,0,3.655,1,0,35101
28,0,3.655,1,0,35101
28,0,3.655,1,0,35101
28,0,3.655,1,0,35101
28,0,3.655,1,0,35101
28,0,3.655,1,0,35101
28,0,3.655,1,0,35101
28,0,3.655,1,0,35101
28,0,3.655,1,0,35101
28,0,3.655,1,0,35101
28,0,3.655,1,0,35101
28,0,3.655,1,0,35101
28,0,3.655,1,0,35101
28,0,3.655,1,0,35101
28,0,3.655,1,0,35101
28,0,3.655,1,0,35101
28,0,3.655,1,0,35101
28,0,3.655,1,0,35101
28,0,3.655,1,0,35101
28,0,3.655,1,0,35101
28,0,3.655,1,0,35101
28,0,3.655,1,0,35101
28,0,3.655,1,0,35101
28,0,3.655,1,0,35101
28,0,3.655,1,0,35101
28,0,3.655,1,0,35101
28,0,3.655,1,0,35101
28,0,3.655,1,0,35101
28,0,3.655,1,0,35101
28,0,3.655,1,0,35101
28,0,3.655,1,0,35101
28,0,3.655,1,0,35101
28,0,3.655,1,0,35101
28,0,3.655,1,0,35101
28,0,3.655,1,0,35101
28,0,3.655,1,0,35101
28,0,3.655,1,0,35101
28,0,3.655,1,0,35101
28,0,3.655,1,0,35101
28,0,3.655,1,0,35101
28,0,3.655,1,0,35101
28,0,3.655,1,0,35101
28,0,3.655,1,0,35101
28,0,3.655,1,0,35101
28,0,3.655,1,0,35101
28,0,3.655,1,0,35101
28,0,3.655,1,0,35101
28,0,3.655,1,0,35101
28,0,3.655,1,0,35101
28,0,3.655,1,0,35101
28,0,3.655,1,0,35101
28,0,3.655,1,0,35101
28,0,3.655,1,0,35101
28,0,3.655,1,0,35101
28,0,3.655,1,0,35101
28,0,3.655,1,0,35101
28,0,3.655,1,0,35101
28,0,3.655,1,0,35101
28,0,3.655,1,0,35101
28,0,3.655,1,0,35101
28,0,3.655,1,0,35101
28,0,3.655,1,0,35101
28,0,3.655,1,0,35101
28,0,3.655,1,0,35101
28,0,3.655,1,0,35101
28,0,3.655,1,0,35101
28,0,3.655,1,0,35101
28,0,3.655,1,0,35101
28,0,3.655,1,0,35101
28,0,3.655,1,0,35101
28,0,3.655,1,0,35101
28,0,3.655,1,0,35101
28,0,3.655,1,0,35101
28,0,3.655,1,0,35101
28,0,3.655,1,0,35101
28,0,3.655,1,0,35101
28,0,3.655,1,0,35101
28,0,3.655,1,0,35101
28,0,3.655,1,0,35101
28,0,3.655,1,0,35101
28,0,3.655,1,0,35101
28,0,3.655,1,0,35101
28,0,3.655,1,0,35101
28,0,3.655,1,0,35101
28,0,3.655,1,0,35101
28,0,3.655,1,0,35101
28,0,3.655,1,0,35101
28,0,3.655,1,0,35101
28,0,3.655,1,0,35101
28,0,3.655,1,0,35101
28,0,3.655,1,0,35101
28,0,3.655,1,0,35101
28,0,3.655,1,0,35101
28,0,3.655,1,0,35101
28,0,3.655,1,0,35101
28,0,3.655,1,0,35101
28,0,3.655,1,0,35101
28,0,3.655,1,0,35101
28,0,3.655,1,0,35101
28,0,3.655,1,0,35101
28,0,3.655,1,0,35101
28,0,3.655,1,0,35101
28,0,3.655,1,0,35101
28,0,3.655,1,0,35101
28,0,3.655,1,0,35101
28,0,3.655,1,0,35101
28,0,3.655,1,0,35101
28,0,3.655,1,0,35101
28,0,3.655,1,0,35101
28,0,3.655,1,0,35101
28,0,3.655,1,0,35101
28,0,3.655,1,0,35101
28,0,3.655,1,0,35101
28,0,3.655,1,0,35101
28,0,3.655,1,0,35101
28,0,3.655,1,0,35101
28,0,3.655,1,0,35101
28,0,3.655,1,0,35101
28,0,3.655,1,0,35101
28,0,3.655,1,0,35101
28,0,3.655,1,0,35101
28,0,3.655,1,0,35101
28,0,3.655,1,0,35101
28,0,3.655,1,0,35101
28,0,3.655,1,0,35101
28,0,3.655,1,0,35101
28,0,3.655,1,0,35101
28,0,3.655,1,0,35101
28,0,3.655,1,0,35101
28,0,3.655,1,0,35101
28,0,3.655,1,0,35101
28,0,3.655,1,0,35101
28,0,3.655,1,0,35101
28,0,3.655,1,0,35101
28,0,3.655,1,0,35101
28,0,3.655,1,0,35101
28,0,3.655,1,0,35101
28,0,3.655,1,0,35101
28,0,3.655,1,0,35101
28,0,3.655,1,0,35101
28,0,3.655,1,0,35101
28,0,3.655,1,0,35101
28,0,3.655,1,0,35101
28,0,3.655,1,0,35101
28,0,3.655,1,0,35101
28,0,3.655,1,0,35101
28,0,3.655,1,0,35101
28,0,3.655,1,0,35101
28,0,3.655,1,0,35101
28,0,3.655,1,0,35101
28,0,3.655,1,0,35101
28,0,3.655,1,0,35101
28,0,3.655,1,0,35101
28,0,3.655,1,0,35101
28,0,3.655,1,0,35101
28,0,3.655,1,0,35101
28,0,3.655,1,0,35101
28,0,3.655,1,0,35101
28,0,3.655,1,0,35101
28,0,3.655,1,0,35101
28,0,3.655,1,0,35101
28,0,3.655,1,0,35101
28,0,3.655,1,0,35101
28,0,3.655,1,0,35101
28,0,3.655,1,0,35101
28,0,3.655,1,0,35101
28,0,3.655,1,0,35101
28,0,3.655,1,0,35101
28,0,3.655,1,0,35101
28,0,3.655,1,0,35101
28,0,3.655,1,0,35101
28,0,3.655,1,0,35101
28,0,3.655,1,0,35101
28,0,3.655,1,0,35101
28,0,3.655,1,0,35101
28,0,3.655,1,0,35101
28,0,3.655,1,0,35101
28,0,3.655,1,0,35101
28,0,3.655,1,0,35101
28,0,3.655,1,0,35101
28,0,3.655,1,0,35101
28,0,3.655,1,0,35101
28,0,3.655,1,0,35101
28,0,3.655,1,0,35101
28,0,3.655,1,0,35101
28,0,3.655,1,0,35101
28,0,3.655,1,0,35101
28,0,3.655,1,0,35101
28,0,3.655,1,0,35101
28,0,3.655,1,0,35101
28,0,3.655,1,0,35101
28,0,3.655,1,0,35101
28,0,3.655,1,0,35101
28,0,3.655,1,0,35101
28,0,3.655,1,0,35101
28,0,3.655,1,0,35101
28,0,3.655,1,0,35101
28,0,3.655,1,0,35101
28,0,3.655,1,0,35101
28,0,3.655,1,0,35101
28,0,3.655,1,0,35101
28,0,3.655,1,0,35101
28,0,3.655,1,0,35101
28,0,3.655,1,0,35101
28,0,3.655,1,0,35101
28,0,3.655,1,0,35101
28,0,3.655,1,0,35101
28,0,3.655,1,0,35101
28,0,3.655,1,0,35101
28,0,3.655,1,0,35101
28,0,3.655,1,0,35101
28,0,3.655,1,0,35101
28,0,3.655,1,0,35101
28,0,3.655,1,0,35101
28,0,3.655,1,0,35101
28,0,3.655,1,0,35101
28,0,3.655,1,0,35101
28,0,3.655,1,0,35101
28,0,3.655,1,0,35101
28,0,3.655,1,0,35101
28,0,3.655,1,0,35101
28,0,3.655,1,0,35101
28,0,3.655,1,0,35101
28,0,3.655,1,0,35101
28,0,3.655,1,0,35101
28,0,3.655,1,0,35101
28,0,3.655,1,0,35101
28,0,3.655,1,0,35101
28,0,3.655,1,0,35101
28,0,3.655,1,0,35101
28,0,3.655,1,0,35101
28,0,3.655,1,0,35101
28,0,3.655,1,0,35101
28,0,3.655,1,0,35101
28,0,3.655,1,0,35101
28,0,3.655,1,0,35101
28,0,3.655,1,0,35101
28,0,3.655,1,0,35101
28,0,3.655,1,0,35101
28,0,3.655,1,0,35101
28,0,3.655,1,0,35101
28,0,3.655,1,0,35101
28,0,3.655,1,0,35101
28,0,3.655,1,0,35101
28,0,3.655,1,0,35101
28,0,3.655,1,0,35101
28,0,3.655,1,0,35101
28,0,3.655,1,0,35101
28,0,3.655,1,0,35101
28,0,3.655,1,0,35101
28,0,3.655,1,0,35101
28,0,3.655,1,0,35101
28,0,3.655,1,0,35101
28,0,3.655,1,0,35101
28,0,3.655,1,0,35101
28,0,3.655,1,0,35101
28,0,3.655,1,0,35101
28,0,3.655,1,0,35101
28,0,3.655,1,0,35101
28,0,3.655,1,0,35101
28,0,3.655,1,0,35101
28,0,3.655,1,0,35101
28,0,3.655,1,0,35101
28,0,3.655,1,0,35101
28,0,3.655,1,0,35101
28,0,3.655,1,0,35101
28,0,3.655,1,0,35101
28,0,3.655,1,0,35101
28,0,3.655,1,0,35101
28,0,3.655,1,0,35101
28,0,3.655,1,0,35101
28,0,3.655,1,0,35101
28,0,3.655,1,0,35101
28,0,3.655,1,0,35101
28,0,3.655,1,0,35101
28,0,3.655,1,0,35101
28,0,3.655,1,0,35101
28,0,3.655,1,0,35101
28,0,3.655,1,0,35101
28,0,3.655,1,0,35101
28,0,3.655,1,0,35101
28,0,3.655,1,0,35101
28,0,3.655,1,0,35101
28,0,3.655,1,0,35101
28,0,3.655,1,0,35101
28,0,3.655,1,0,35101
28,0,3.655,1,0,35101
28,0,3.655,1,0,35101
28,0,3.655,1,0,35101
28,0,3.655,1,0,35101
28,0,3.655,1,0,35101
28,0,3.655,1,0,35101
28,0,3.655,1,0,35101
28,0,3.655,1,0,35101
28,0,3.655,1,0,35101
28,0,3.655,1,0,35101
28,0,3.655,1,0,35101
28,0,3.655,1,0,35101
28,0,3.655,1,0,35101
28,0,3.655,1,0,35101
28,0,3.655,1,0,35101
28,0,3.655,1,0,35101
28,0,3.655,1,0,35101
28,0,3.655,1,0,35101
28,0,3.655,1,0,35101
28,0,3.655,1,0,35101
28,0,3.655,1,0,35101
28,0,3.655,1,0,35101
28,0,3.655,1,0,35101
28,0,3.655,1,0,35101
28,0,3.655,1,0,35101
28,0,3.655,1,0,35101
28,0,3.655,1,0,35101
28,0,3.655,1,0,35101
28,0,3.655,1,0,35101
28,0,3.655,1,0,35101
28,0,3.655,1,0,35101
28,0,3.655,1,0,35101
28,0,3.655,1,0,35101
28,0,3.655,1,0,35101
28,0,3.655,1,0,35101
28,0,3.655,1,0,35101
28,0,3.655,1,0,35101
28,0,3.655,1,0,35101
28,0,3.655,1,0,35101
28,0,3.655,1,0,35101
28,0,3.655,1,0,35101
28,0,3.655,1,0,35101
28,0,3.655,1,0,35101
28,0,3.655,1,0,35101
28,0,3.655,1,0,35101
28,0,3.655,1,0,35101
28,0,3.655,1,0,35101
28,0,3.655,1,0,35101
28,0,3.655,1,0,35101
28,0,3.655,1,0,35101
28,0,3.655,1,0,35101
28,0,3.655,1,0,35101
28,0,3.655,1,0,35101
28,0,3.655,1,0,35101
28,0,3.655,1,0,35101
28,0,3.655,1,0,35101
28,0,3.655,1,0,35101
28,0,3.655,1,0,35101
28,0,3.655,1,0,35101
49,0,4.1824,1,0,2
49,0,4.1824,1,0,2
16,0,3.3278,0,0,2
16,0,3.3278,0,0,2
1,0,-0.0,0,0,256
8,0,3.0,0,0,256
13,0,3.1808,0,0,256
11,0,3.0272,0,0,256
11,0,2.7322,0,0,256
18,0,4.1699,0,0,256
18,0,4.0588,0,0,256
29,0,4.3492,0,0,256
18,0,4.0588,0,0,256
20,0,3.3464,0,0,256
31,0,3.8489,0,0,256
37,0,3.9156,0,0,256
36,0,4.5724,0,0,256
40,0,4.1776,0,0,256
31,0,3.8489,0,0,256
37,0,3.9156,0,0,256
15,0,3.2402,0,0,256
37,0,3.9156,0,0,256
37,0,3.9156,0,0,256
37,0,3.9156,0,0,256
37,0,3.9156,0,0,256
24,0,3.7406,1,0,256
35,0,4.3077,1,0,256
15,0,3.1899,0,0,256
49,0,4.0834,0,0,256
46,0,4.0051,0,0,256
50,0,3.9762,0,0,256
46,0,4.1541,0,0,256
47,0,4.0949,0,0,256
35,0,4.3077,1,0,256
49,0,4.0742,0,0,256
52,0,4.1908,0,0,256
48,0,4.0485,0,0,256
43,0,4.1649,0,0,256
40,0,3.9537,0,0,256
45,0,4.0221,0,0,256
54,0,4.1742,0,0,256
46,0,4.0228,0,0,256
46,0,4.0672,0,0,256
49,0,4.135,0,0,256
37,0,3.9156,0,0,256
23,0,3.7623,0,0,256
11,0,2.8454,0,0,256
11,0,2.8454,0,0,256
37,0,3.9156,0,0,256
21,0,3.7849,0,0,256
30,0,3.8981,1,0,256
17,0,3.4548,0,0,256
16,0,3.3278,0,0,256
16,0,3.3278,0,0,256
16,0,3.3278,0,0,256
16,0,3.3278,0,0,256
23,0,3.7623,0,0,256
30,0,3.8981,1,0,256
17,0,3.4548,0,0,256
14,0,3.0391,0,0,256
15,0,3.1899,0,0,256
24,0,3.7406,1,0,256
30,0,3.8981,1,0,256
17,0,3.4548,0,0,256
14,0,3.0391,0,0,256
30,0,3.8981,1,0,256
17,0,3.4548,0,0,256
40,0,3.9537,0,0,256
49,0,4.0834,0,0,256
49,0,4.0742,0,0,256
48,0,4.0485,0,0,256
47,0,4.0949,0,0,256
46,0,4.0051,0,0,256
43,0,4.1649,0,0,256
50,0,3.9762,0,0,256
46,0,4.1541,0,0,256
52,0,4.1908,0,0,256
14,0,3.0391,0,0,256
30,0,3.8981,1,0,256
17,0,3.4548,0,0,256
14,0,3.0391,0,0,256
30,0,3.8981,1,0,256
17,0,3.4548,0,0,256
30,0,3.8981,1,0,256
17,0,3.4548,0,0,256
30,0,3.8981,1,0,256
17,0,3.4548,0,0,256
54,0,4.1742,0,0,256
46,0,4.0228,0,0,256
46,0,4.0672,0,0,256
49,0,4.135,0,0,256
45,0,4.0221,0,0,256
8,0,3.0,0,0,256
45,0,4.0189,0,0,256
13,0,3.027,0,0,256
40,0,4.1776,0,0,256
41,0,3.9092,0,0,256
29,0,3.4386,0,0,256
34,0,3.6313,0,0,256
41,0,3.8812,0,0,256
27,0,3.5744,0,0,256
28,0,3.4817,0,0,256
33,0,3.8391,0,0,256
33,0,3.8391,0,0,256
33,0,3.8391,0,0,256
33,0,3.8391,0,0,256
61,0,4.141,0,0,256
43,0,4.1002,0,0,256
61,0,4.141,0,0,256
8,0,3.0,0,0,256
8,0,3.0,0,0,256
34,0,3.6313,0,0,256
41,0,3.9092,0,0,256
29,0,3.4386,0,0,256
40,0,4.1776,0,0,256
28,0,3.4817,0,0,256
41,0,3.8812,0,0,256
27,0,3.5744,0,0,256
33,0,3.8391,0,0,256
33,0,3.8391,0,0,256
33,0,3.8391,0,0,256
33,0,3.8391,0,0,256
61,0,4.141,0,0,256
61,0,4.141,0,0,256
1,0,-0.0,0,0,256
13,0,3.1808,0,0,256
8,0,3.0,0,0,256
11,0,3.0272,0,0,256
11,0,2.7322,0,0,256
18,0,4.0588,0,0,256
18,0,4.0588,0,0,256
29,0,4.3492,0,0,256
18,0,4.1699,0,0,256
20,0,3.3464,0,0,256
14,0,3.0391,0,0,256
31,0,3.8489,0,0,256
37,0,3.9156,0,0,256
30,0,3.8981,1,0,256
17,0,3.4548,0,0,256
40,0,4.1776,0,0,256
31,0,3.8489,0,0,256
37,0,3.9156,0,0,256
15,0,3.2402,0,0,256
37,0,3.9156,0,0,256
37,0,3.9156,0,0,256
37,0,3.9156,0,0,256
37,0,3.9156,0,0,256
24,0,3.7406,1,0,256
35,0,4.3077,1,0,256
15,0,3.1899,0,0,256
46,0,4.0051,0,0,256
50,0,3.9762,0,0,256
47,0,4.0949,0,0,256
49,0,4.0834,0,0,256
35,0,4.3077,1,0,256
49,0,4.0742,0,0,256
48,0,4.0485,0,0,256
46,0,4.1541,0,0,256
40,0,3.9537,0,0,256
43,0,4.1649,0,0,256
52,0,4.1908,0,0,256
54,0,4.1742,0,0,256
46,0,4.0228,0,0,256
46,0,4.0672,0,0,256
49,0,4.135,0,0,256
45,0,4.0221,0,0,256
14,0,3.0391,0,0,256
30,0,3.8981,1,0,256
15,0,3.1899,0,0,256
24,0,3.7406,1,0,256
14,0,3.0391,0,0,256
17,0,3.3372,0,0,256
14,0,3.0391,0,0,256
17,0,3.3372,0,0,256
39,0,4.2823,1,0,256
14,0,3.0391,0,0,256
17,0,3.3372,0,0,256
40,0,4.2964,1,0,256
14,0,3.0391,0,0,256
17,0,3.3372,0,0,256
39,0,4.2823,1,0,256
14,0,3.0391,0,0,256
17,0,3.3372,0,0,256
40,0,4.2964,1,0,256
14,0,3.0391,0,0,256
17,0,3.3372,0,0,256
40,0,4.3439,1,0,256
14,0,3.0391,0,0,256
14,0,3.0391,0,0,256
14,0,3.0391,0,0,256
14,0,3.0391,0,0,256
14,0,3.0391,0,0,256
14,0,3.0391,0,0,256
17,0,3.3372,0,0,256
40,0,4.2964,1,0,256
14,0,3.0391,0,0,256
14,0,3.0391,0,0,256
14,0,3.0391,0,0,256
17,0,3.3372,0,0,256
14,0,3.0391,0,0,256
17,0,3.3372,0,0,256
40,0,4.3939,1,0,256
14,0,3.0391,0,0,256
17,0,3.3372,0,0,256
40,0,4.3037,1,0,256
14,0,3.0391,0,0,256
19,0,3.5766,0,0,256
14,0,3.0391,0,0,256
17,0,3.3372,0,0,256
19,0,3.5766,0,0,256
14,0,3.0391,0,0,256
40,0,4.3439,1,0,256
14,0,3.0391,0,0,256
19,0,3.5766,0,0,256
14,0,3.0391,0,0,256
19,0,3.5766,0,0,256
1,0,-0.0,0,0,256
30,0,3.8981,1,0,256
22,0,4.3685,0,0,256
22,0,4.3685,0,0,256
22,0,4.3685,0,0,256
11,0,3.0272,0,0,256
13,0,3.1808,0,0,256
8,0,3.0,0,0,256
11,0,2.7322,0,0,256
18,0,4.0588,0,0,256
18,0,4.1699,0,0,256
29,0,4.3492,0,0,256
18,0,4.0588,0,0,256
20,0,3.3464,0,0,256
31,0,3.8489,0,0,256
30,0,3.8981,1,0,256
37,0,3.9156,0,0,256
17,0,3.4548,0,0,256
31,0,3.8489,0,0,256
36,0,4.5724,0,0,256
40,0,4.1776,0,0,256
30,0,3.8981,1,0,256
37,0,3.9156,0,0,256
15,0,3.2402,0,0,256
29,0,3.9523,0,0,256
37,0,3.9156,0,0,256
23,0,3.6381,0,0,256
37,0,3.9156,0,0,256
37,0,3.9156,0,0,256
37,0,3.9156,0,0,256
35,0,4.3077,1,0,256
14,0,3.0391,0,0,256
14,0,3.0391,0,0,256
35,0,4.3077,1,0,256
46,0,4.0051,0,0,256
47,0,4.0949,0,0,256
46,0,4.1541,0,0,256
50,0,3.9762,0,0,256
49,0,4.0834,0,0,256
48,0,4.0485,0,0,256
43,0,4.1649,0,0,256
40,0,3.9537,0,0,256
45,0,4.0221,0,0,256
13,0,3.027,0,0,256
14,0,2.9852,0,0,403
13,0,3.027,0,0,403
15,0,3.1396,0,0,403
14,0,3.3788,0,0,403
16,0,3.4528,0,0,403
20,0,3.271,0,0,403
10,0,2.9219,0,0,403
37,0,3.9156,0,0,403
11,0,2.8454,0,0,403
10,0,2.9219,0,0,403
12,0,3.0221,0,0,403
16,0,3.4528,0,0,403
15,0,3.1396,0,0,403
14,0,3.0391,0,0,403
30,0,3.8981,1,0,403
47,0,4.0949,0,0,403
46,0,4.0051,0,0,403
50,0,3.9762,0,0,403
43,0,4.1649,0,0,403
46,0,4.1541,0,0,403
40,0,3.9537,0,0,403
48,0,4.0485,0,0,403
49,0,4.0834,0,0,403
45,0,4.0221,0,0,403
23,0,3.5014,0,0,403
23,0,3.5014,0,0,403
14,0,3.0391,0,0,403
39,0,4.0604,0,0,403
39,0,4.1117,0,0,403
14,0,3.0391,0,0,403
37,0,3.9156,0,0,403
15,0,3.1396,0,0,403
37,0,3.9156,0,0,403
15,0,3.1396,0,0,403
19,0,3.3006,0,0,403
45,0,4.0189,0,0,403
15,0,3.1899,0,0,403
24,0,3.7406,1,0,403
47,0,4.0949,0,0,403
46,0,4.0051,0,0,403
48,0,4.0485,0,0,403
46,0,4.1541,0,0,403
49,0,4.0742,0,0,403
52,0,4.1908,0,0,403
49,0,4.0834,0,0,403
43,0,4.1649,0,0,403
40,0,3.9537,0,0,403
50,0,3.9762,0,0,403
54,0,4.1742,0,0,403
46,0,4.0228,0,0,403
45,0,4.0221,0,0,403
46,0,4.0672,0,0,403
49,0,4.135,0,0,403
42,0,3.9425,0,0,403
42,0,3.9901,0,0,403
46,0,4.328,0,0,403
47,0,4.1578,0,0,403
42,0,4.1189,0,0,403
45,0,4.0789,0,0,403
45,0,4.2253,0,0,403
47,0,4.0462,0,0,403
42,0,4.1485,0,0,403
44,0,4.0017,0,0,403
46,0,4.1271,0,0,403
46,0,4.1684,0,0,403
46,0,4.1271,0,0,403
47,0,4.1717,0,0,403
45,0,4.1532,0,0,403
49,0,4.0817,0,0,403
52,0,4.1378,0,0,403
50,0,4.0811,0,0,403
54,0,4.2338,0,0,403
46,0,4.1128,0,0,403
41,0,4.065,0,0,403
47,0,4.1131,0,0,403
52,0,4.1958,0,0,403
50,0,4.0318,0,0,403
51,0,4.1211,0,0,403
41,0,3.9162,0,0,403
44,0,4.1835,0,0,403
49,0,4.0988,0,0,403
47,0,4.1613,0,0,403
25,0,3.6733,0,0,403
30,0,3.8981,1,0,403
25,0,3.6733,0,0,403
25,0,3.6733,0,0,403
25,0,3.5933,0,0,403
30,0,3.8981,1,0,403
25,0,3.5933,0,0,403
25,0,3.5933,0,0,403
30,0,3.8981,1,0,403
25,0,3.5933,0,0,403
25,0,3.5933,0,0,403
1,0,-0.0,0,0,403
13,0,3.1808,0,0,403
11,0,2.7322,0,0,403
8,0,3.0,0,0,403
11,0,3.0272,0,0,403
18,0,4.1699,0,0,403
18,0,4.0588,0,0,403
29,0,4.3492,0,0,403
18,0,4.0588,0,0,403
20,0,3.3464,0,0,403
31,0,3.8489,0,0,403
30,0,3.8981,1,0,403
37,0,3.9156,0,0,403
17,0,3.4548,0,0,403
31,0,3.8489,0,0,403
36,0,4.5724,0,0,403
40,0,4.1776,0,0,403
15,0,3.2402,0,0,403
37,0,3.9156,0,0,403
29,0,3.9523,0,0,403
23,0,3.6381,0,0,403
14,0,3.0391,0,0,403
37,0,3.9156,0,0,403
37,0,3.9156,0,0,403
37,0,3.9156,0,0,403
37,0,3.9156,0,0,403
24,0,3.7406,1,0,403
35,0,4.3077,1,0,403
15,0,3.1899,0,0,403
35,0,4.3077,1,0,403
46,0,4.0051,0,0,403
47,0,4.0949,0,0,403
49,0,4.0834,0,0,403
46,0,4.1541,0,0,403
50,0,3.9762,0,0,403
49,0,4.0742,0,0,403
48,0,4.0485,0,0,403
52,0,4.1908,0,0,403
43,0,4.1649,0,0,403
40,0,3.9537,0,0,403
54,0,4.1742,0,0,403
46,0,4.0672,0,0,403
46,0,4.0228,0,0,403
49,0,4.135,0,0,403
45,0,4.0221,0,0,403
47,0,4.0462,0,0,403
46,0,4.328,0,0,403
42,0,4.1485,0,0,403
47,0,4.1578,0,0,403
42,0,3.9425,0,0,403
42,0,3.9901,0,0,403
44,0,4.0017,0,0,403
42,0,4.1189,0,0,403
45,0,4.2253,0,0,403
45,0,4.0789,0,0,403
46,0,4.1128,0,0,403
52,0,4.1378,0,0,403
50,0,4.0811,0,0,403
54,0,4.2338,0,0,403
47,0,4.1131,0,0,403
50,0,4.0318,0,0,403
51,0,4.1211,0,0,403
41,0,4.065,0,0,403
52,0,4.1958,0,0,403
49,0,4.0817,0,0,403
41,0,3.9162,0,0,403
44,0,4.1835,0,0,403
47,0,4.1613,0,0,403
49,0,4.0988,0,0,403
46,0,4.1271,0,0,403
46,0,4.1684,0,0,403
46,0,4.1271,0,0,403
47,0,4.1717,0,0,403
45,0,4.1532,0,0,403
14,0,3.0391,0,0,403
17,0,3.3372,0,0,403
39,0,4.3336,1,0,403
14,0,3.0391,0,0,403
30,0,3.8981,1,0,403
14,0,3.0391,0,0,403
50,0,4.0811,0,0,403
13,0,3.027,0,0,403
15,0,3.1396,0,0,403
14,0,3.3788,0,0,403
16,0,3.4528,0,0,403
20,0,3.271,0,0,403
37,0,3.9156,0,0,403
10,0,2.9219,0,0,403
16,0,3.4528,0,0,403
15,0,3.1396,0,0,403
12,0,3.0221,0,0,403
14,0,3.0391,0,0,403
30,0,3.8981,1,0,403
50,0,4.0811,0,0,403
23,0,3.5014,0,0,403
14,0,3.0391,0,0,403
39,0,4.3043,0,0,403
37,0,3.9156,0,0,403
15,0,3.1396,0,0,403
39,0,4.3043,0,0,403
31,0,4.309,0,0,403
15,0,3.1899,0,0,403
24,0,3.7406,1,0,403
33,0,3.9683,1,0,403
14,0,3.0391,0,0,403
15,0,3.3232,0,0,403
33,0,3.9683,1,0,403
14,0,3.0391,0,0,403
15,0,3.3232,0,0,403
33,0,3.9683,1,0,403
14,0,3.0391,0,0,403
15,0,2.8729,0,0,403
37,0,3.9156,0,0,403
45,0,4.0189,0,0,403
15,0,3.1899,0,0,403
24,0,3.7406,1,0,403
48,0,4.0485,0,0,403
49,0,4.0742,0,0,403
50,0,3.9762,0,0,403
43,0,4.1649,0,0,403
52,0,4.1908,0,0,403
47,0,4.0949,0,0,403
46,0,4.1541,0,0,403
46,0,4.0051,0,0,403
49,0,4.0834,0,0,403
40,0,3.9537,0,0,403
54,0,4.1742,0,0,403
46,0,4.0228,0,0,403
46,0,4.0672,0,0,403
49,0,4.135,0,0,403
45,0,4.0221,0,0,403
25,0,3.6733,0,0,403
30,0,3.8981,1,0,403
25,0,3.6733,0,0,403
25,0,3.6733,0,0,403
25,0,3.6733,0,0,403
25,0,3.6733,0,0,403
30,0,3.8981,1,0,403
25,0,3.6733,0,0,403
25,0,3.6733,0,0,403
30,0,3.8981,1,0,403
25,0,3.6733,0,0,403
25,0,3.6733,0,0,403
25,0,3.6733,0,0,403
25,0,3.6733,0,0,403
22,0,3.4131,0,0,403
20,0,3.5464,0,0,403
22,0,3.4131,0,0,403
20,0,3.5464,0,0,403
8,0,3.0,0,0,403
28,0,3.4817,0,0,403
40,0,4.1776,0,0,403
27,0,3.5744,0,0,403
29,0,3.4386,0,0,403
41,0,3.8812,0,0,403
34,0,3.6313,0,0,403
41,0,3.9092,0,0,403
33,0,3.8391,0,0,403
33,0,3.8391,0,0,403
33,0,3.8391,0,0,403
33,0,3.8391,0,0,403
43,0,4.1002,0,0,403
61,0,4.141,0,0,403
61,0,4.141,0,0,403
1,0,-0.0,0,0,403
11,0,2.7322,0,0,403
13,0,3.1808,0,0,403
8,0,3.0,0,0,403
11,0,3.0272,0,0,403
18,0,4.1699,0,0,403
29,0,4.3492,0,0,403
18,0,4.0588,0,0,403
18,0,4.0588,0,0,403
20,0,3.3464,0,0,403
30,0,3.8981,1,0,403
31,0,3.8489,0,0,403
37,0,3.9156,0,0,403
17,0,3.4548,0,0,403
31,0,3.8489,0,0,403
37,0,3.9156,0,0,403
36,0,4.5724,0,0,403
40,0,4.1776,0,0,403
37,0,3.9156,0,0,403
15,0,3.2402,0,0,403
37,0,3.9156,0,0,403
23,0,3.6381,0,0,403
37,0,3.9156,0,0,403
37,0,3.9156,0,0,403
24,0,3.7406,1,0,403
14,0,3.0391,0,0,403
35,0,4.3077,1,0,403
15,0,3.1899,0,0,403
50,0,3.9762,0,0,403
49,0,4.0834,0,0,403
35,0,4.3077,1,0,403
46,0,4.0051,0,0,403
47,0,4.0949,0,0,403
46,0,4.1541,0,0,403
48,0,4.0485,0,0,403
49,0,4.0742,0,0,403
52,0,4.1908,0,0,403
43,0,4.1649,0,0,403
40,0,3.9537,0,0,403
54,0,4.1742,0,0,403
46,0,4.0228,0,0,403
46,0,4.0672,0,0,403
49,0,4.135,0,0,403
45,0,4.0221,0,0,403
42,0,4.1485,0,0,403
44,0,4.0017,0,0,403
42,0,4.1189,0,0,403
45,0,4.0789,0,0,403
42,0,3.9425,0,0,403
42,0,3.9901,0,0,403
47,0,4.0462,0,0,403
46,0,4.328,0,0,403
47,0,4.1578,0,0,403
45,0,4.2253,0,0,403
50,0,4.0318,0,0,403
49,0,4.0817,0,0,403
52,0,4.1378,0,0,403
50,0,4.0811,0,0,403
41,0,4.065,0,0,403
46,0,4.1128,0,0,403
54,0,4.2338,0,0,403
47,0,4.1131,0,0,403
52,0,4.1958,0,0,403
51,0,4.1211,0,0,403
49,0,4.0988,0,0,403
47,0,4.1613,0,0,403
41,0,3.9162,0,0,403
44,0,4.1835,0,0,403
46,0,4.1271,0,0,403
46,0,4.1684,0,0,403
46,0,4.1271,0,0,403
47,0,4.1717,0,0,403
45,0,4.1532,0,0,403
25,0,3.6733,0,0,403
14,0,3.0391,0,0,403
14,0,3.0391,0,0,403
17,0,3.3372,0,0,403
14,0,3.0391,0,0,403
17,0,3.3372,0,0,403
39,0,4.3336,1,0,403
14,0,3.0391,0,0,403
17,0,3.3372,0,0,403
40,0,4.2062,1,0,403
14,0,3.0391,0,0,403
17,0,3.3372,0,0,403
40,0,4.3939,1,0,403
14,0,3.0391,0,0,403
17,0,3.3372,0,0,403
40,0,4.3439,1,0,403
14,0,3.0391,0,0,403
40,0,4.2964,1,0,403
14,0,3.0391,0,0,403
17,0,3.3372,0,0,403
14,0,3.0391,0,0,403
39,0,4.3336,1,0,403
14,0,3.0391,0,0,403
14,0,3.0391,0,0,403
17,0,3.3372,0,0,403
14,0,3.0391,0,0,403
40,0,4.2964,1,0,403
14,0,3.0391,0,0,403
14,0,3.0391,0,0,403
14,0,3.0391,0,0,403
30,0,3.8981,1,0,403
14,0,3.0391,0,0,403
17,0,3.3372,0,0,403
47,0,4.1131,0,0,403
46,0,4.1128,0,0,403
47,0,4.1613,0,0,403
50,0,4.0811,0,0,403
52,0,4.1958,0,0,403
50,0,4.0318,0,0,403
52,0,4.1378,0,0,403
40,0,4.3939,1,0,403
14,0,3.0391,0,0,403
19,0,3.5766,0,0,403
19,0,3.4714,0,0,403
19,0,3.5766,0,0,403
13,0,3.027,0,0,403
15,0,3.1396,0,0,403
14,0,3.3788,0,0,403
16,0,3.4528,0,0,403
20,0,3.271,0,0,403
37,0,3.9156,0,0,403
10,0,2.9219,0,0,403
16,0,3.4528,0,0,403
15,0,3.1396,0,0,403
12,0,3.0221,0,0,403
14,0,3.0391,0,0,403
30,0,3.8981,1,0,403
49,0,4.0817,0,0,403
23,0,3.5014,0,0,403
14,0,3.0391,0,0,403
39,0,4.2017,0,0,403
37,0,3.9156,0,0,403
15,0,3.1396,0,0,403
14,0,3.0391,0,0,403
30,0,3.8981,1,0,403
19,0,3.3006,0,0,403
45,0,4.0189,0,0,403
40,0,4.2062,1,0,403
25,0,3.6733,0,0,403
30,0,3.8981,1,0,403
25,0,3.6733,0,0,403
47,0,4.1613,0,0,403
25,0,3.6733,0,0,403
